DateTime,NavigatedToUrl,PageTitle
2026-08-03T08:26:02.434Z,https://drive.google.com/drive/quota,Storage - Google Drive
2026-08-03T08:24:13.239Z,https://mooc2-ans.chaoxing.com/mooc2-ans/mycourse/stu?courseid=255582051&clazzid=128373436&cpi=336582803&enc=098291794399afd8be81410454a059f2&t=1785745403848&pageHeader=3&v=2&hideHead=0,【25秋】操作系统课程实践
2026-08-03T08:24:08.793Z,https://mooc2-ans.chaoxing.com/mooc2-ans/mycourse/stu?courseid=255582051&clazzid=128373436&cpi=336582803&enc=098291794399afd8be81410454a059f2&t=1785745403848&pageHeader=0&v=2&hideHead=0,【25秋】操作系统课程实践
2026-08-03T08:24:08.673Z,https://mooc2-ans.chaoxing.com/mooc2-ans/mycourse/stu?courseid=255582051&clazzid=128373436&cpi=336582803&enc=098291794399afd8be81410454a059f2&t=1785745403848&pageHeader=-1&v=2&hideHead=0,【25秋】操作系统课程实践
2026-08-03T08:24:02.665Z,https://mooc2-ans.chaoxing.com/mooc2-ans/mycourse/stu?courseid=256037784&clazzid=129508506&cpi=336582803&enc=0107455e1296c106709589f12b79b51c&t=1785745397669&pageHeader=0&v=2&hideHead=0,【25秋】概率论与数理统计（1）
2026-08-03T08:24:02.506Z,https://mooc2-ans.chaoxing.com/mooc2-ans/mycourse/stu?courseid=256037784&clazzid=129508506&cpi=336582803&enc=0107455e1296c106709589f12b79b51c&t=1785745397669&pageHeader=-1&v=2&hideHead=0,【25秋】概率论与数理统计（1）
2026-08-03T08:23:57.792Z,https://mooc1.chaoxing.com/mooc-ans/course/portal/ePFgYJehGQwv49ybM5aJlg==?,【25秋】编译原理
2026-08-03T08:23:54.358Z,https://mooc2-ans.chaoxing.com/mooc2-ans/mycourse/stu?courseid=255814806&clazzid=128957458&cpi=336582803&enc=cff08d94b5cbdade8a082ee9216402be&t=1785745373739&pageHeader=1&v=2&hideHead=0,【25秋】编译原理
2026-08-03T08:23:52.243Z,https://mooc2-ans.chaoxing.com/mooc2-ans/mycourse/stu?courseid=255814806&clazzid=128957458&cpi=336582803&enc=cff08d94b5cbdade8a082ee9216402be&t=1785745373739&pageHeader=12&v=2&hideHead=0,【25秋】编译原理
2026-08-03T08:23:51.110Z,https://mooc2-ans.chaoxing.com/mooc2-ans/mycourse/stu?courseid=255814806&clazzid=128957458&cpi=336582803&enc=cff08d94b5cbdade8a082ee9216402be&t=1785745373739&pageHeader=4&v=2&hideHead=0,【25秋】编译原理
2026-08-03T08:23:49.368Z,https://mooc2-ans.chaoxing.com/mooc2-ans/mycourse/stu?courseid=255814806&clazzid=128957458&cpi=336582803&enc=cff08d94b5cbdade8a082ee9216402be&t=1785745373739&pageHeader=8&v=2&hideHead=0,【25秋】编译原理
2026-08-03T08:23:46.809Z,https://mooc2-ans.chaoxing.com/mooc2-ans/mycourse/stu?courseid=255814806&clazzid=128957458&cpi=336582803&enc=cff08d94b5cbdade8a082ee9216402be&t=1785745373739&pageHeader=1&v=2&hideHead=0,【25秋】编译原理
2026-08-03T08:23:44.517Z,https://mooc2-ans.chaoxing.com/mooc2-ans/mycourse/stu?courseid=255814806&clazzid=128957458&cpi=336582803&enc=cff08d94b5cbdade8a082ee9216402be&t=1785745373739&pageHeader=4&v=2&hideHead=0,【25秋】编译原理
2026-08-03T08:23:43.346Z,https://mooc2-ans.chaoxing.com/mooc2-ans/mycourse/stu?courseid=255814806&clazzid=128957458&cpi=336582803&enc=cff08d94b5cbdade8a082ee9216402be&t=1785745373739&pageHeader=8&v=2&hideHead=0,【25秋】编译原理
2026-08-03T08:23:42.952Z,https://mooc2-ans.chaoxing.com/mooc2-ans/mycourse/stu?courseid=255814806&clazzid=128957458&cpi=336582803&enc=cff08d94b5cbdade8a082ee9216402be&t=1785745373739&pageHeader=1&v=2&hideHead=0,【25秋】编译原理
2026-08-03T08:23:38.685Z,https://mooc2-ans.chaoxing.com/mooc2-ans/mycourse/stu?courseid=255814806&clazzid=128957458&cpi=336582803&enc=cff08d94b5cbdade8a082ee9216402be&t=1785745373739&pageHeader=21&v=2&hideHead=0,【25秋】编译原理
2026-08-03T08:23:38.542Z,https://mooc2-ans.chaoxing.com/mooc2-ans/mycourse/stu?courseid=255814806&clazzid=128957458&cpi=336582803&enc=cff08d94b5cbdade8a082ee9216402be&t=1785745373739&pageHeader=-1&v=2&hideHead=0,【25秋】编译原理
2026-08-03T08:23:34.823Z,https://mooc2-ans.chaoxing.com/mooc2-ans/mycourse/stu?courseid=255814806&clazzid=128957458&cpi=336582803&enc=1e038ce05dc573f1d3e6153662014fbb&t=1785745330043&pageHeader=1&v=2&hideHead=0,【25秋】编译原理
2026-08-03T08:23:34.336Z,https://mooc2-ans.chaoxing.com/mooc2-ans/mycourse/stu?courseid=255814806&clazzid=128957458&cpi=336582803&enc=1e038ce05dc573f1d3e6153662014fbb&t=1785745330043&pageHeader=8&v=2&hideHead=0,【25秋】编译原理
2026-08-03T08:23:33.996Z,https://mooc2-ans.chaoxing.com/mooc2-ans/mycourse/stu?courseid=255814806&clazzid=128957458&cpi=336582803&enc=1e038ce05dc573f1d3e6153662014fbb&t=1785745330043&pageHeader=1&v=2&hideHead=0,【25秋】编译原理
2026-08-03T08:23:33.452Z,https://mooc2-ans.chaoxing.com/mooc2-ans/mycourse/stu?courseid=255814806&clazzid=128957458&cpi=336582803&enc=1e038ce05dc573f1d3e6153662014fbb&t=1785745330043&pageHeader=8&v=2&hideHead=0,【25秋】编译原理
2026-08-03T08:23:32.367Z,https://mooc2-ans.chaoxing.com/mooc2-ans/mycourse/stu?courseid=255814806&clazzid=128957458&cpi=336582803&enc=1e038ce05dc573f1d3e6153662014fbb&t=1785745330043&pageHeader=1&v=2&hideHead=0,【25秋】编译原理
2026-08-03T08:23:16.357Z,https://mooc1.chaoxing.com/mooc-ans/mooc2/work/view?courseId=255814806&classId=128957458&cpi=336582803&workId=48355205&answerId=55382840&enc=41e47f1651164acb7465528a05256373,Answer details
2026-08-03T08:23:09.366Z,https://mooc1.chaoxing.com/mooc-ans/mooc2/work/view?courseId=255814806&classId=128957458&cpi=336582803&workId=49216910&answerId=55552835&enc=10dc82096ff4415abea56f905f2e90aa,Answer details
2026-08-03T08:23:07.138Z,https://mooc2-ans.chaoxing.com/mooc2-ans/mycourse/stu?courseid=255814806&clazzid=128957458&cpi=336582803&enc=1e038ce05dc573f1d3e6153662014fbb&t=1785745330043&pageHeader=8&v=2&hideHead=0,【25秋】编译原理
2026-08-03T08:22:55.117Z,https://mooc2-ans.chaoxing.com/mooc2-ans/mycourse/stu?courseid=255814806&clazzid=128957458&cpi=336582803&enc=1e038ce05dc573f1d3e6153662014fbb&t=1785745330043&pageHeader=21&v=2&hideHead=0,【25秋】编译原理
2026-08-03T08:22:54.814Z,https://mooc2-ans.chaoxing.com/mooc2-ans/mycourse/stu?courseid=255814806&clazzid=128957458&cpi=336582803&enc=1e038ce05dc573f1d3e6153662014fbb&t=1785745330043&pageHeader=-1&v=2&hideHead=0,【25秋】编译原理
2026-08-03T08:22:28.974Z,https://gangwei.chaoxing.com/jobability/frontv3/home?s=fe64602dfdcbe0232627f1dcda5ecd86,招聘岗位能力模型
2026-08-03T08:19:07.495Z,https://docs.google.com/document/d/1CDw19n-SBbhdD7JPIxlH9-Y_CTQTcthhg7WuS8hudn8/edit?tab=t.cpbvzmssgtd4,As markdown todo in FavoDatBas - Google Docs
2026-08-03T08:19:02.026Z,https://docs.google.com/document/d/1CDw19n-SBbhdD7JPIxlH9-Y_CTQTcthhg7WuS8hudn8/edit?tab=t.cpbvzmssgtd4,As markdown todo in FavoDatBas - Google Docs
2026-08-03T08:18:56.992Z,https://docs.google.com/document/d/1CDw19n-SBbhdD7JPIxlH9-Y_CTQTcthhg7WuS8hudn8/edit?tab=t.bbn87yrpltv,As markdown todo in FavoDatBas - Google Docs
2026-08-03T08:18:54.783Z,https://docs.google.com/document/d/1CDw19n-SBbhdD7JPIxlH9-Y_CTQTcthhg7WuS8hudn8/edit?tab=t.bbn87yrpltv,As markdown todo in FavoDatBas - Google Docs
2026-08-03T08:18:51.730Z,https://docs.google.com/document/d/1CDw19n-SBbhdD7JPIxlH9-Y_CTQTcthhg7WuS8hudn8/edit?tab=t.0,As markdown todo in FavoDatBas - Google Docs
2026-08-03T08:18:50.925Z,https://docs.google.com/document/d/1CDw19n-SBbhdD7JPIxlH9-Y_CTQTcthhg7WuS8hudn8/edit?tab=t.bbn87yrpltv,As markdown todo in FavoDatBas - Google Docs
2026-08-03T08:18:48.007Z,https://docs.google.com/document/d/1CDw19n-SBbhdD7JPIxlH9-Y_CTQTcthhg7WuS8hudn8/edit?tab=t.0,As markdown todo in FavoDatBas - Google Docs
2026-08-03T08:18:47.404Z,https://docs.google.com/document/d/1CDw19n-SBbhdD7JPIxlH9-Y_CTQTcthhg7WuS8hudn8/edit?usp=drive_web&ouid=110231060420965608190,As markdown todo in FavoDatBas - Google Docs
2026-08-03T08:18:43.645Z,https://drive.google.com/drive/folders/1AMqhdnorf-vEQ04SBLUv0vk4PqfZi1b8,GitHub - Google Drive
2026-08-03T08:18:35.760Z,https://drive.google.com/drive/my-drive,My Drive - Google Drive
2026-08-03T08:18:34.897Z,https://drive.google.com/drive/home,Home - Google Drive
2026-08-03T08:18:21.372Z,https://docs.google.com/document/d/1CDw19n-SBbhdD7JPIxlH9-Y_CTQTcthhg7WuS8hudn8/edit?tab=t.0,As markdown todo in FavoDatBas - Google Docs
2026-08-03T08:18:20.685Z,https://docs.google.com/document/d/1CDw19n-SBbhdD7JPIxlH9-Y_CTQTcthhg7WuS8hudn8/edit?usp=drive_open&ouid=110231060420965608190,As markdown todo in FavoDatBas - Google Docs
2026-08-03T08:18:03.837Z,https://drive.google.com/drive/quota,Storage - Google Drive
2026-08-03T08:18:00.135Z,https://www.google.com/search?q=google+drive&oq=google+drive&gs_lcrp=EgRlZGdlKgYIABBFGDkyBggAEEUYOTIGCAEQRRhA0gEIMjE2NWowajeoAgCwAgA&sourceid=chrome&source=chrome.ob&ie=UTF-8,google drive - Google Search
2026-08-03T08:17:54.505Z,https://i.chaoxing.com/base?ws=1&t=1785745029505,个人空间
2026-08-03T08:17:32.810Z,https://www.google.com/search?q=%E5%AD%A6%E4%B9%A0%E9%80%9Azaixian&sca_esv=7083415dcaeee4fa&biw=1081&bih=531&sxsrf=APpeQntGMBRtnZQzXr7Gn7QgyJMPIGNGMg%3A1785744990532&ei=Xk5wat6RIMim2roPzK3BsA4&ved=0ahUKEwjeuMe-goSWAxVIk1YBHcxWEOYQ4dUDCBA&uact=5&oq=%E5%AD%A6%E4%B9%A0%E9%80%9Azaixian&gs_lp=Egxnd3Mtd2l6LXNlcnAiEOWtpuS5oOmAmnphaXhpYW4yBRAAGO8FMgUQABjvBTIFEAAY7wUyBRAAGO8FMgUQABjvBUigEVDyCVjnDXABeAGQAQGYAfECoAGNDqoBBzAuMS4xLjS4AQPIAQD4AQGYAgagAtgLwgIHECMYsAMYJ8ICChAAGEcY1gQYsAPCAhcQLhjcBhi4BhjaBhjYAhjIAxiwA9gBAZgDAIgGAZAGC7oGBAgBGBmSBwcxLjEuMS4zoAejDLIHBzAuMS4xLjO4B9ULwgcDMC42yAcJgAgB&sclient=gws-wiz-serp,学习通zaixian - Google Search
2026-08-03T08:17:32.691Z,https://passport2.chaoxing.com/login?fid=&newversion=true&refer=https%3A%2F%2Fi.chaoxing.com,用户登录
2026-08-03T08:17:28.719Z,https://www.google.com/search?q=%E5%AD%A6%E4%B9%A0%E9%80%9Azaixian&sca_esv=7083415dcaeee4fa&biw=1081&bih=531&sxsrf=APpeQntGMBRtnZQzXr7Gn7QgyJMPIGNGMg%3A1785744990532&ei=Xk5wat6RIMim2roPzK3BsA4&ved=0ahUKEwjeuMe-goSWAxVIk1YBHcxWEOYQ4dUDCBA&uact=5&oq=%E5%AD%A6%E4%B9%A0%E9%80%9Azaixian&gs_lp=Egxnd3Mtd2l6LXNlcnAiEOWtpuS5oOmAmnphaXhpYW4yBRAAGO8FMgUQABjvBTIFEAAY7wUyBRAAGO8FMgUQABjvBUigEVDyCVjnDXABeAGQAQGYAfECoAGNDqoBBzAuMS4xLjS4AQPIAQD4AQGYAgagAtgLwgIHECMYsAMYJ8ICChAAGEcY1gQYsAPCAhcQLhjcBhi4BhjaBhjYAhjIAxiwA9gBAZgDAIgGAZAGC7oGBAgBGBmSBwcxLjEuMS4zoAejDLIHBzAuMS4xLjO4B9ULwgcDMC42yAcJgAgB&sclient=gws-wiz-serp,学习通zaixian - Google Search
2026-08-03T08:17:19.019Z,https://www.google.com/search?q=%E5%AD%A6%E4%B9%A0%E9%80%9A&sca_esv=7083415dcaeee4fa&biw=1081&bih=531&sxsrf=APpeQntDlf_EJtnjvS9jNxauBsOobBW9mQ%3A1785744989348&ei=XU5waoDdFJWP2roP6J-hyQ8&ved=0ahUKEwjA__69goSWAxWVh1YBHehPKPkQ4dUDCBA&uact=5&oq=%E5%AD%A6%E4%B9%A0%E9%80%9A&gs_lp=Egxnd3Mtd2l6LXNlcnAiCeWtpuS5oOmAmkjYAlAAWL8BcAB4AZABAJgBwQKgAcECqgEDMy0xuAEDyAEA-AEBmAIAoAIAmAMAkgcAoAfnA7IHALgHAMIHAMgHAIAIAQ&sclient=gws-wiz-serp,学习通 - Google Search
2026-08-03T08:17:18.806Z,https://app.chaoxing.com/,学习通
2026-08-03T08:17:15.566Z,https://www.google.com/search?q=%E5%AD%A6%E4%B9%A0%E9%80%9A&sca_esv=7083415dcaeee4fa&biw=1081&bih=531&sxsrf=APpeQntDlf_EJtnjvS9jNxauBsOobBW9mQ%3A1785744989348&ei=XU5waoDdFJWP2roP6J-hyQ8&ved=0ahUKEwjA__69goSWAxWVh1YBHehPKPkQ4dUDCBA&uact=5&oq=%E5%AD%A6%E4%B9%A0%E9%80%9A&gs_lp=Egxnd3Mtd2l6LXNlcnAiCeWtpuS5oOmAmkjYAlAAWL8BcAB4AZABAJgBwQKgAcECqgEDMy0xuAEDyAEA-AEBmAIAoAIAmAMAkgcAoAfnA7IHALgHAMIHAMgHAIAIAQ&sclient=gws-wiz-serp,学习通 - Google Search
2026-08-03T08:17:14.573Z,https://www.google.com/search?q=%E5%AD%A6%E4%B9%A0%E9%80%9A%E8%A7%86%E9%A2%91&sca_esv=7083415dcaeee4fa&biw=1081&bih=531&sxsrf=APpeQnuBJq42Kpjz0vRyHGNMT94t6QhwBg%3A1785744987191&ei=W05wapucC6vm2roPgu7GqQs,学习通视频 - Google Search
2026-08-03T08:17:14.242Z,https://www.google.com/search?q=%E5%AD%A6%E4%B9%A0%E9%80%9A%E8%A7%86%E9%A2%91&sca_esv=7083415dcaeee4fa&biw=1081&bih=531&sxsrf=APpeQnuBJq42Kpjz0vRyHGNMT94t6QhwBg%3A1785744987191&ei=W05wapucC6vm2roPgu7GqQs,学习通视频 - Google Search
2026-08-03T08:17:11.921Z,https://www.google.com/search?q=%E5%AD%A6%E4%B9%A0%E9%80%9A%E8%A7%86%E9%A2%91%E5%8A%A0%E9%80%9F&sca_esv=7083415dcaeee4fa&sxsrf=APpeQnvDzAsF_xSolJE7arpOrrJiQqmfnA%3A1785744974304&ei=Tk5wap6REq3g0-kP2aXBwQM&biw=1081&bih=531&oq=chaoxingxuexi&gs_lp=Egxnd3Mtd2l6LXNlcnAiDWNoYW94aW5neHVleGkqAggAMgoQABhHGNYEGLADMgoQABhHGNYEGLADMgoQABhHGNYEGLADMgoQABhHGNYEGLADMgoQABhHGNYEGLADMgoQABhHGNYEGLADMgoQABhHGNYEGLADMgoQABhHGNYEGLADSNYKUABYAHABeAGQAQCYAQCgAQCqAQC4AQHIAQCYAgGgAgOYAwCIBgGQBgiSBwExoAcAsgcAuAcAwgcDMC4xyAcCgAgB&sclient=gws-wiz-serp,学习通视频加速 - Google Search
2026-08-03T08:16:59.032Z,https://www.google.com/search?q=chaoxingxuexi&oq=chaoxingxuexi&gs_lcrp=EgRlZGdlKgYIABBFGDkyBggAEEUYOdIBCDY2OTNqMGo3qAIAsAIB&sourceid=chrome&source=chrome.ob&ie=UTF-8,chaoxingxuexi - Google Search
2026-08-03T08:16:44.277Z,https://github.com/shinomiyakwy/CodeSpace,CodeSpace/SourFavoDatBas/type_link.zip.1.0.0 at main · shinomiyakwy/CodeSpace
2026-08-03T08:16:44.251Z,https://github.com/shinomiyakwy/CodeSpace,CodeSpace/SourFavoDatBas/type_link.zip.1.0.0 at main · shinomiyakwy/CodeSpace
2026-08-03T08:16:44.223Z,https://github.com/shinomiyakwy/CodeSpace,CodeSpace/SourFavoDatBas/type_link.zip.1.0.0 at main · shinomiyakwy/CodeSpace
2026-08-03T08:15:34.668Z,https://docs.google.com/document/d/1CDw19n-SBbhdD7JPIxlH9-Y_CTQTcthhg7WuS8hudn8/edit?tab=t.bbn87yrpltv,As markdown todo in FavoDatBas - Google Docs
2026-08-03T08:15:34.254Z,https://docs.google.com/document/d/1CDw19n-SBbhdD7JPIxlH9-Y_CTQTcthhg7WuS8hudn8/edit?tab=t.0,As markdown todo in FavoDatBas - Google Docs
2026-08-03T08:15:33.136Z,https://docs.google.com/document/d/1CDw19n-SBbhdD7JPIxlH9-Y_CTQTcthhg7WuS8hudn8/edit?tab=t.bbn87yrpltv,As markdown todo in FavoDatBas - Google Docs
2026-08-03T08:11:14.202Z,https://github.com/shinomiyakwy/CodeSpace/blob/main/SourFavoDatBas/type_link.zip.1.0.0,CodeSpace/SourFavoDatBas/type_link.zip.1.0.0 at main · shinomiyakwy/CodeSpace
2026-08-03T08:11:04.691Z,https://github.com/shinomiyakwy/CodeSpace/tree/main/SourFavoDatBas,CodeSpace/SourFavoDatBas at main · shinomiyakwy/CodeSpace
2026-08-03T08:10:05.575Z,https://docs.google.com/spreadsheets/d/1tg2uqpJZ-XtcYxzWgYB0qrBLhLX3a09zhRf77WW30tM/edit?gid=1196323408#gid=1196323408,SitesSortedSave - Google Sheets
2026-08-03T08:09:38.557Z,https://docs.google.com/spreadsheets/d/1tg2uqpJZ-XtcYxzWgYB0qrBLhLX3a09zhRf77WW30tM/edit?gid=0#gid=0,Sites - Google Sheets
2026-08-03T08:09:38.417Z,https://docs.google.com/spreadsheets/d/1tg2uqpJZ-XtcYxzWgYB0qrBLhLX3a09zhRf77WW30tM/edit,Untitled spreadsheet - Google Sheets
2026-08-03T08:09:33.466Z,https://docs.google.com/spreadsheets/create?usp=drive_web&ouid=110231060420965608190&folder=1AMqhdnorf-vEQ04SBLUv0vk4PqfZi1b8,Untitled spreadsheet - Google Sheets
2026-08-03T08:09:25.246Z,https://drive.google.com/drive/folders/1AMqhdnorf-vEQ04SBLUv0vk4PqfZi1b8,GitHub - Google Drive
2026-08-03T08:08:45.873Z,https://drive.google.com/drive/my-drive,My Drive - Google Drive
2026-08-03T08:08:20.166Z,https://github.com/shinomiyakwy/CodeSpace,CodeSpace/SourFavoDatBas/type_link.zip.1.0.0 at main · shinomiyakwy/CodeSpace
2026-08-03T08:06:16.436Z,https://drive.google.com/drive/my-drive,My Drive - Google Drive
2026-08-03T08:05:45.502Z,https://docs.google.com/document/d/1DX2IsI_S5e32uwfiGuClsyk3RM2xA1TSyjT_5LaCvH8/edit?tab=t.0,Untitled document - Google Docs
2026-08-03T08:05:44.178Z,https://docs.google.com/document/create?usp=drive_web&ouid=110231060420965608190&folder=0AA7Yvp2gv5fFUk9PVA,Untitled document - Google Docs
2026-08-03T08:05:08.515Z,https://drive.google.com/drive/my-drive,My Drive - Google Drive
2026-08-03T08:03:49.409Z,https://docs.google.com/document/d/1CDw19n-SBbhdD7JPIxlH9-Y_CTQTcthhg7WuS8hudn8/edit?tab=t.0,As markdown todo in FavoDatBas - Google Docs
2026-08-03T08:03:43.274Z,https://docs.google.com/document/create?usp=drive_web&ouid=110231060420965608190&folder=1AMqhdnorf-vEQ04SBLUv0vk4PqfZi1b8,Untitled document - Google Docs
2026-08-03T08:02:24.764Z,https://drive.google.com/drive/folders/1AMqhdnorf-vEQ04SBLUv0vk4PqfZi1b8,GitHub - Google Drive
2026-08-03T08:02:16.919Z,https://drive.google.com/drive/my-drive,My Drive - Google Drive
2026-08-03T08:02:07.455Z,https://drive.google.com/drive/quota,Storage - Google Drive
2026-08-03T08:01:23.221Z,https://drive.google.com/drive/quota,Storage - Google Drive
2026-08-03T08:01:20.298Z,https://www.google.com/search?q=googledrive&oq=googledrive&gs_lcrp=EgRlZGdlKgYIABBFGDkyBggAEEUYOdIBCDI1MzRqMGo3qAIAsAIA&sourceid=chrome&source=chrome.ob&ie=UTF-8,googledrive - Google Search
2026-08-03T08:01:00.862Z,https://github.com/shinomiyakwy/CodeSpace,CodeSpace/SourFavoDatBas/type_link.zip.1.0.0 at main · shinomiyakwy/CodeSpace
2026-08-03T08:00:57.239Z,https://github.com/shinomiyakwy,shinomiyakwy (陈楷晖)
2026-08-03T08:00:51.416Z,https://github.com/shinomiyakwy/CodeSpace/tree/main/PEM,CodeSpace/PEM at main · shinomiyakwy/CodeSpace
2026-08-03T08:00:48.773Z,https://github.com/shinomiyakwy/CodeSpace/tree/main,shinomiyakwy/CodeSpace: For Work as well as graduage
2026-08-03T08:00:45.827Z,https://github.com/shinomiyakwy/CodeSpace/new/main,New File at / · shinomiyakwy/CodeSpace
2026-08-03T08:00:39.030Z,https://github.com/shinomiyakwy/CodeSpace/tree/main,shinomiyakwy/CodeSpace: For Work as well as graduage
2026-08-03T07:59:49.174Z,https://github.com/shinomiyakwy/CodeSpace/tree/main/SourFavoDatBas,CodeSpace/SourFavoDatBas at main · shinomiyakwy/CodeSpace
2026-08-03T07:59:34.141Z,https://app.raindrop.io/my/0/type:article,All bookmarks
2026-08-03T07:59:26.841Z,https://huggingface.co/docs/hub/gguf,GGUF · Hugging Face
2026-08-03T07:59:21.864Z,https://app.raindrop.io/my/73577740,淘宝小红书
2026-08-03T07:59:21.345Z,https://app.raindrop.io/my/73577746,Github邮箱学习通
2026-08-03T07:59:20.691Z,https://app.raindrop.io/my/73577740,淘宝小红书
2026-08-03T07:59:20.222Z,https://app.raindrop.io/my/73577746,Github邮箱学习通
2026-08-03T07:59:19.580Z,https://app.raindrop.io/my/73577740,淘宝小红书
2026-08-03T07:59:18.935Z,https://app.raindrop.io/my/73577737,力扣
2026-08-03T07:59:18.498Z,https://app.raindrop.io/my/73577735,靶场
2026-08-03T07:59:17.964Z,https://app.raindrop.io/my/73577733,Language-manual
2026-08-03T07:59:08.885Z,https://app.raindrop.io/my/73577730,AI
2026-08-03T07:59:07.224Z,https://app.raindrop.io/my/73577728,AI靶场力扣多语言
2026-08-03T07:58:40.398Z,https://app.raindrop.io/my/73577728,AI靶场力扣多语言
2026-08-03T07:58:37.046Z,https://app.raindrop.io/my/73577758,OCT.rd
2026-08-03T07:58:35.918Z,https://app.raindrop.io/my/0/type:article,All bookmarks
2026-08-03T07:58:35.314Z,https://app.raindrop.io/my/0/type:document,All bookmarks
2026-08-03T07:58:34.883Z,https://app.raindrop.io/my/0/type:article,All bookmarks
2026-08-03T07:58:16.112Z,https://app.raindrop.io/my/0/type:article,All bookmarks
2026-08-03T07:32:47.629Z,https://github.com/shinomiyakwy/CodeSpace/tree/main,shinomiyakwy/CodeSpace: For Work as well as graduage
2026-08-03T07:32:44.938Z,https://github.com/shinomiyakwy/CodeSpace/blob/main/SourFavoDatBas/LevelGenerateUpFavoriteBar.md?plain=1,CodeSpace/SourFavoDatBas/LevelGenerateUpFavoriteBar.md at main · shinomiyakwy/CodeSpace
2026-08-03T07:32:44.182Z,https://github.com/shinomiyakwy/CodeSpace/blob/main/SourFavoDatBas/LevelGenerateUpFavoriteBar.md,CodeSpace/SourFavoDatBas/LevelGenerateUpFavoriteBar.md at main · shinomiyakwy/CodeSpace
2026-08-03T07:32:42.249Z,https://github.com/shinomiyakwy/CodeSpace/blob/main/SourFavoDatBas/LevelGenerateUpFavoriteBar.md?plain=1,CodeSpace/SourFavoDatBas/LevelGenerateUpFavoriteBar.md at main · shinomiyakwy/CodeSpace
2026-08-03T07:32:37.790Z,https://github.com/shinomiyakwy/CodeSpace/blob/main/SourFavoDatBas/LevelGenerateUpFavoriteBar.md,CodeSpace/SourFavoDatBas/LevelGenerateUpFavoriteBar.md at main · shinomiyakwy/CodeSpace
2026-08-03T07:29:18.974Z,https://github.com/shinomiyakwy/CodeSpace/edit/main/SourFavoDatBas/markdown.md,Editing CodeSpace/SourFavoDatBas/markdown.md at main · shinomiyakwy/CodeSpace
2026-08-03T07:29:16.193Z,https://github.com/shinomiyakwy/CodeSpace/blob/main/SourFavoDatBas/markdown.md,CodeSpace/SourFavoDatBas/markdown.md at main · shinomiyakwy/CodeSpace
2026-08-03T07:29:14.487Z,https://github.com/shinomiyakwy/CodeSpace/tree/main/SourFavoDatBas,CodeSpace/SourFavoDatBas at main · shinomiyakwy/CodeSpace
2026-08-03T07:29:11.330Z,https://github.com/shinomiyakwy/CodeSpace,CodeSpace/SourFavoDatBas/type_link.zip.1.0.0 at main · shinomiyakwy/CodeSpace
2026-08-03T07:29:11.312Z,https://github.com/shinomiyakwy/CodeSpace,CodeSpace/SourFavoDatBas/type_link.zip.1.0.0 at main · shinomiyakwy/CodeSpace
2026-08-03T07:29:11.279Z,https://github.com/shinomiyakwy/CodeSpace,CodeSpace/SourFavoDatBas/type_link.zip.1.0.0 at main · shinomiyakwy/CodeSpace
2026-08-03T07:25:33.662Z,https://app.raindrop.io/my/73577728,AI靶场力扣多语言
2026-08-03T07:25:09.090Z,https://app.raindrop.io/my/73577740,淘宝小红书
2026-08-03T07:25:08.709Z,https://app.raindrop.io/my/73577728,AI靶场力扣多语言
2026-08-03T07:25:08.293Z,https://app.raindrop.io/my/73577740,淘宝小红书
2026-08-03T07:25:05.084Z,https://app.raindrop.io/my/73577728,AI靶场力扣多语言
2026-08-03T07:24:30.569Z,https://app.raindrop.io/my/0/type:article,All bookmarks
2026-08-03T07:24:29.963Z,https://app.raindrop.io/my/0/type:document,All bookmarks
2026-08-03T07:24:29.331Z,https://app.raindrop.io/my/0/type:article,All bookmarks
2026-08-03T07:24:25.143Z,https://github.com/shinomiyakwy/CodeSpace/blob/main/SourFavoDatBas/FavoriteBarVersion0.0.0.html,CodeSpace/SourFavoDatBas/FavoriteBarVersion0.0.0.html at main · shinomiyakwy/CodeSpace
2026-08-03T07:24:10.843Z,https://github.com/shinomiyakwy/CodeSpace/tree/main/SourFavoDatBas,CodeSpace/SourFavoDatBas at main · shinomiyakwy/CodeSpace
2026-08-03T07:24:07.334Z,https://github.com/shinomiyakwy/CodeSpace,CodeSpace/SourFavoDatBas/type_link.zip.1.0.0 at main · shinomiyakwy/CodeSpace
2026-08-03T07:24:03.687Z,https://github.com/shinomiyakwy/CodeSpace/upload,Processing your files…
2026-08-03T07:21:13.510Z,https://github.com/shinomiyakwy/CodeSpace/upload/main/SourFavoDatBas,Upload files · shinomiyakwy/CodeSpace
2026-08-03T07:18:38.790Z,https://github.com/shinomiyakwy/CodeSpace/tree/main/SourFavoDatBas,CodeSpace/SourFavoDatBas at main · shinomiyakwy/CodeSpace
2026-08-03T07:18:34.202Z,https://github.com/shinomiyakwy/CodeSpace,CodeSpace/SourFavoDatBas/type_link.zip.1.0.0 at main · shinomiyakwy/CodeSpace
2026-08-03T07:18:34.192Z,https://github.com/shinomiyakwy/CodeSpace,CodeSpace/SourFavoDatBas/type_link.zip.1.0.0 at main · shinomiyakwy/CodeSpace
2026-08-03T07:18:34.165Z,https://github.com/shinomiyakwy/CodeSpace,CodeSpace/SourFavoDatBas/type_link.zip.1.0.0 at main · shinomiyakwy/CodeSpace
2026-08-03T07:18:30.034Z,https://github.com/shinomiyakwy/CodeSpace/blob/main/SourFavoDatBas/type_link.zip.1.0.1,CodeSpace/SourFavoDatBas/type_link.zip.1.0.1 at main · shinomiyakwy/CodeSpace
2026-08-03T07:18:14.430Z,https://github.com/shinomiyakwy/CodeSpace/edit/main/SourFavoDatBas/type_link.zip,Editing CodeSpace/SourFavoDatBas/type_link.zip at main · shinomiyakwy/CodeSpace
2026-08-03T07:18:10.692Z,https://github.com/shinomiyakwy/CodeSpace/blob/main/SourFavoDatBas/type_link.zip,CodeSpace/SourFavoDatBas/type_link.zip at main · shinomiyakwy/CodeSpace
2026-08-03T07:18:06.918Z,https://github.com/shinomiyakwy/CodeSpace/tree/main/SourFavoDatBas,CodeSpace/SourFavoDatBas at main · shinomiyakwy/CodeSpace
2026-08-03T07:18:02.301Z,https://github.com/shinomiyakwy/CodeSpace,CodeSpace/SourFavoDatBas/type_link.zip.1.0.0 at main · shinomiyakwy/CodeSpace
2026-08-03T07:17:59.359Z,https://github.com/shinomiyakwy/CodeSpace/upload,Processing your files…
2026-08-03T07:17:27.612Z,https://github.com/shinomiyakwy/CodeSpace/upload/main/SourFavoDatBas,Upload files · shinomiyakwy/CodeSpace
2026-08-03T07:17:21.009Z,https://github.com/shinomiyakwy/CodeSpace/tree/main/SourFavoDatBas,CodeSpace/SourFavoDatBas at main · shinomiyakwy/CodeSpace
2026-08-03T07:17:05.324Z,https://app.raindrop.io/my/0/type:link,All bookmarks
2026-08-03T07:17:00.899Z,https://app.raindrop.io/my/73577728,AI靶场力扣多语言
2026-08-03T07:16:59.372Z,https://app.raindrop.io/my/72754981,Raindrop.io
2026-08-03T07:16:59.357Z,https://app.raindrop.io/,Import
2026-08-03T07:15:56.651Z,https://app.raindrop.io/settings/import,Import
2026-08-03T07:15:24.976Z,https://www.google.com/search?q=%E6%80%8E%E4%B9%88%E4%BF%AE%E6%94%B9windows%E7%9A%84%E8%AF%AD%E8%A8%80&oq=%E6%80%8E%E4%B9%88%E4%BF%AE%E6%94%B9windows%E7%9A%84%E8%AF%AD%E8%A8%80&gs_lcrp=EgRlZGdlKgYIABBFGDkyBggAEEUYOdIBCTEwMjY2ajBqN6gCAbACAQ&sourceid=chrome&source=chrome.ob&ie=UTF-8,怎么修改windows的语言 - Google Search
2026-08-03T07:15:07.273Z,https://app.raindrop.io/my/72754981,Raindrop.io
2026-08-03T07:15:06.903Z,https://app.raindrop.io/my/72754978,谷歌
2026-08-03T07:15:00.543Z,https://app.raindrop.io/my/0,All bookmarks
2026-08-03T07:14:57.992Z,https://app.raindrop.io/my/-1,Unsorted
2026-08-03T07:14:57.276Z,https://app.raindrop.io/my/0,All bookmarks
2026-08-03T07:14:47.858Z,https://app.raindrop.io/my/72754965,AI
2026-08-03T07:14:47.134Z,https://app.raindrop.io/my/72754966,AI平台
2026-08-03T07:14:46.687Z,https://app.raindrop.io/my/72754970,力扣
2026-08-03T07:14:46.171Z,https://app.raindrop.io/my/72754968,靶场
2026-08-03T07:14:45.734Z,https://app.raindrop.io/my/72754967,Language-manual
2026-08-03T07:14:45.239Z,https://app.raindrop.io/my/72754966,AI平台
2026-08-03T07:14:42.478Z,https://app.raindrop.io/my/72754964,AI靶场力扣多语言
2026-08-03T07:14:39.317Z,https://app.raindrop.io/my/72754964,AI靶场力扣多语言
2026-08-03T07:14:38.622Z,https://app.raindrop.io/my/72754981,Raindrop.io
2026-08-03T07:14:37.383Z,https://app.raindrop.io/my/72755071,GistAllMarkBooks
2026-08-03T07:14:35.570Z,https://app.raindrop.io/my/0/notag:true,All bookmarks
2026-08-03T07:14:29.544Z,https://app.raindrop.io/my/0/type:document,All bookmarks
2026-08-03T07:14:07.949Z,https://app.raindrop.io/my/0/type:article,All bookmarks
2026-08-03T07:13:40.079Z,https://app.raindrop.io/my/-99,Trash
2026-08-03T07:13:29.993Z,https://app.raindrop.io/my/0/type:article,All bookmarks
2026-08-03T07:13:18.494Z,https://app.raindrop.io/my/72754981,Raindrop.io
2026-08-03T07:13:17.778Z,https://app.raindrop.io/my/72754974,Github邮箱学习通
2026-08-03T07:13:17.200Z,https://app.raindrop.io/my/72754971,淘宝小红书
2026-08-03T07:13:16.228Z,https://app.raindrop.io/my/72754964,AI靶场力扣多语言
2026-08-03T07:13:16.071Z,https://github.com/shinomiyakwy/CodeSpace/blob/main/SourFavoDatBas/type_link.zip.1.0.0,CodeSpace/SourFavoDatBas/type_link.zip.1.0.0 at main · shinomiyakwy/CodeSpace
2026-08-03T07:13:15.063Z,https://app.raindrop.io/my/72754971,淘宝小红书
2026-08-03T07:13:14.316Z,https://app.raindrop.io/my/72754964,AI靶场力扣多语言
2026-08-03T07:12:09.887Z,https://github.com/shinomiyakwy/CodeSpace/edit/main/SourFavoDatBas/type_link.zip,Editing CodeSpace/SourFavoDatBas/type_link.zip at main · shinomiyakwy/CodeSpace
2026-08-03T07:12:07.093Z,https://github.com/shinomiyakwy/CodeSpace/blob/main/SourFavoDatBas/type_link.zip,CodeSpace/SourFavoDatBas/type_link.zip at main · shinomiyakwy/CodeSpace
2026-08-03T07:12:04.167Z,https://github.com/shinomiyakwy/CodeSpace/tree/main/SourFavoDatBas,CodeSpace/SourFavoDatBas at main · shinomiyakwy/CodeSpace
2026-08-03T07:12:01.307Z,https://github.com/shinomiyakwy/CodeSpace,CodeSpace/SourFavoDatBas/type_link.zip.1.0.0 at main · shinomiyakwy/CodeSpace
2026-08-03T07:11:57.756Z,https://github.com/shinomiyakwy/CodeSpace/upload,Processing your files…
2026-08-03T07:11:48.702Z,https://github.com/shinomiyakwy/CodeSpace/upload/main/SourFavoDatBas,Upload files · shinomiyakwy/CodeSpace
2026-08-03T07:11:44.003Z,https://github.com/shinomiyakwy/CodeSpace/tree/main/SourFavoDatBas,CodeSpace/SourFavoDatBas at main · shinomiyakwy/CodeSpace
2026-08-03T07:11:41.673Z,https://github.com/shinomiyakwy/CodeSpace,CodeSpace/SourFavoDatBas/type_link.zip.1.0.0 at main · shinomiyakwy/CodeSpace
2026-08-03T07:11:22.800Z,https://github.com/,GitHub
2026-08-03T07:10:56.992Z,https://github.com/shinomiyakwy/CodeSpace/upload/main/SourFavoDatBas,Upload files · shinomiyakwy/CodeSpace
2026-08-03T07:10:53.336Z,https://github.com/shinomiyakwy/CodeSpace/tree/main/SourFavoDatBas,CodeSpace/SourFavoDatBas at main · shinomiyakwy/CodeSpace
2026-08-03T07:10:49.352Z,https://github.com/shinomiyakwy/CodeSpace,CodeSpace/SourFavoDatBas/type_link.zip.1.0.0 at main · shinomiyakwy/CodeSpace
2026-08-03T07:10:43.053Z,https://github.com/,GitHub
2026-08-03T07:10:11.488Z,https://github.com/shinomiyakwy/CodeSpace/upload/main/SourFavoDatBas,Upload files · shinomiyakwy/CodeSpace
2026-08-03T07:10:04.672Z,https://github.com/shinomiyakwy/CodeSpace/upload/main/SourFavoDatBas,Upload files · shinomiyakwy/CodeSpace
2026-08-03T07:10:03.702Z,https://github.com/shinomiyakwy/CodeSpace/upload/main/SourFavoDatBas,Upload files · shinomiyakwy/CodeSpace
2026-08-03T07:09:27.836Z,https://github.com/shinomiyakwy/CodeSpace/upload/main/SourFavoDatBas,Upload files · shinomiyakwy/CodeSpace
2026-08-03T07:08:48.013Z,https://github.com/shinomiyakwy/CodeSpace/tree/main/SourFavoDatBas,CodeSpace/SourFavoDatBas at main · shinomiyakwy/CodeSpace
2026-08-03T07:08:04.472Z,https://github.com/shinomiyakwy/CodeSpace/blob/main/SourFavoDatBas/type_link.csv,CodeSpace/SourFavoDatBas/type_link.csv at main · shinomiyakwy/CodeSpace
2026-08-03T07:08:02.684Z,https://github.com/shinomiyakwy/CodeSpace/blame/main/SourFavoDatBas/type_link.csv,Blaming CodeSpace/SourFavoDatBas/type_link.csv at main · shinomiyakwy/CodeSpace
2026-08-03T07:07:57.067Z,https://github.com/shinomiyakwy/CodeSpace/blob/main/SourFavoDatBas/type_link.csv?plain=1,CodeSpace/SourFavoDatBas/type_link.csv at main · shinomiyakwy/CodeSpace
2026-08-03T07:07:24.693Z,https://github.com/shinomiyakwy/CodeSpace/blob/main/SourFavoDatBas/type_link.csv,CodeSpace/SourFavoDatBas/type_link.csv at main · shinomiyakwy/CodeSpace
2026-08-03T07:07:23.251Z,https://github.com/shinomiyakwy/CodeSpace/blob/main/SourFavoDatBas/type_link.csv?plain=1,CodeSpace/SourFavoDatBas/type_link.csv at main · shinomiyakwy/CodeSpace
2026-08-03T07:07:13.186Z,https://github.com/shinomiyakwy/CodeSpace/blob/main/SourFavoDatBas/type_link.csv,CodeSpace/SourFavoDatBas/type_link.csv at main · shinomiyakwy/CodeSpace
2026-08-03T07:07:10.847Z,https://github.com/shinomiyakwy/CodeSpace/tree/main/SourFavoDatBas,CodeSpace/SourFavoDatBas at main · shinomiyakwy/CodeSpace
2026-08-03T07:07:06.793Z,https://github.com/shinomiyakwy/CodeSpace,CodeSpace/SourFavoDatBas/type_link.zip.1.0.0 at main · shinomiyakwy/CodeSpace
2026-08-03T07:07:03.357Z,https://github.com/shinomiyakwy/CodeSpace/upload,Processing your files…
2026-08-03T07:06:51.456Z,https://github.com/shinomiyakwy/CodeSpace/upload/main/SourFavoDatBas,Upload files · shinomiyakwy/CodeSpace
2026-08-03T07:06:47.014Z,https://github.com/shinomiyakwy/CodeSpace/tree/main/SourFavoDatBas,CodeSpace/SourFavoDatBas at main · shinomiyakwy/CodeSpace
2026-08-03T07:06:03.964Z,https://github.com/shinomiyakwy/CodeSpace/new/main,New File at / · shinomiyakwy/CodeSpace
2026-08-03T07:05:58.030Z,https://github.com/shinomiyakwy/CodeSpace,CodeSpace/SourFavoDatBas/type_link.zip.1.0.0 at main · shinomiyakwy/CodeSpace
2026-08-03T07:05:58.021Z,https://github.com/shinomiyakwy/CodeSpace,CodeSpace/SourFavoDatBas/type_link.zip.1.0.0 at main · shinomiyakwy/CodeSpace
2026-08-03T07:05:57.996Z,https://github.com/shinomiyakwy/CodeSpace,CodeSpace/SourFavoDatBas/type_link.zip.1.0.0 at main · shinomiyakwy/CodeSpace
2026-08-03T07:05:54.977Z,https://github.com/shinomiyakwy/CodeSpace/upload/main,Upload files · shinomiyakwy/CodeSpace
2026-08-03T07:05:50.339Z,https://github.com/shinomiyakwy/CodeSpace/upload/main,Upload files · shinomiyakwy/CodeSpace
2026-08-03T07:05:44.939Z,https://github.com/shinomiyakwy/CodeSpace,CodeSpace/SourFavoDatBas/type_link.zip.1.0.0 at main · shinomiyakwy/CodeSpace
2026-08-03T07:05:38.481Z,https://github.com/shinomiyakwy,shinomiyakwy (陈楷晖)
2026-08-03T07:05:33.863Z,https://github.com/,GitHub
2026-08-03T07:04:55.726Z,https://app.raindrop.io/my/0/type:link,All bookmarks
2026-08-03T07:04:55.024Z,https://app.raindrop.io/my/0/type:link,All bookmarks
2026-08-03T05:20:43.335Z,https://www.google.com/search?q=Applepay%E9%87%91%E9%A2%9D%E5%85%85%E8%B6%B3+%E5%9C%A8%E6%B2%A1%E6%9C%89%E6%B7%BB%E5%8A%A0payment%E6%97%B6+%E4%BC%9A%E4%BB%8Eapplrpay%E6%89%A3%E6%AC%BE%E5%90%97&oq=Applepay%E9%87%91%E9%A2%9D%E5%85%85%E8%B6%B3+%E5%9C%A8%E6%B2%A1%E6%9C%89%E6%B7%BB%E5%8A%A0payment%E6%97%B6+%E4%BC%9A%E4%BB%8Eapplrpay%E6%89%A3%E6%AC%BE%E5%90%97&gs_lcrp=EghlZGdlX2lvcyoGCAAQRRg5MgYIABBFGDkyBwgBEOsHGEAyBwgCEAAY7wUyBwgDEAAY7wUyBwgEEAAY7wUyCggFEAAYgAQYogTSAQkzNTYwMmowajSoAgCwAgHiAwQYAiBf&hl=en-US&sourceid=chrome-mobile&source=chrome.ob&ie=UTF-8#sbfbu=1&pi=Applepay%E9%87%91%E9%A2%9D%E5%85%85%E8%B6%B3%20%E5%9C%A8%E6%B2%A1%E6%9C%89%E6%B7%BB%E5%8A%A0payment%E6%97%B6%20%E4%BC%9A%E4%BB%8Eapplrpay%E6%89%A3%E6%AC%BE%E5%90%97,Applepay金额充足 在没有添加payment时 会从applrpay扣款吗 - Google Search
2026-08-03T05:19:58.746Z,https://www.google.com/search?q=Applepay%E9%87%91%E9%A2%9D%E5%85%85%E8%B6%B3+%E5%9C%A8%E6%B2%A1%E6%9C%89%E6%B7%BB%E5%8A%A0payment%E6%97%B6+%E4%BC%9A%E4%BB%8Eapplrpay%E6%89%A3%E6%AC%BE%E5%90%97&oq=Applepay%E9%87%91%E9%A2%9D%E5%85%85%E8%B6%B3+%E5%9C%A8%E6%B2%A1%E6%9C%89%E6%B7%BB%E5%8A%A0payment%E6%97%B6+%E4%BC%9A%E4%BB%8Eapplrpay%E6%89%A3%E6%AC%BE%E5%90%97&gs_lcrp=EghlZGdlX2lvcyoGCAAQRRg5MgYIABBFGDkyBwgBEOsHGEAyBwgCEAAY7wUyBwgDEAAY7wUyBwgEEAAY7wUyCggFEAAYgAQYogTSAQkzNTYwMmowajSoAgCwAgHiAwQYAiBf&hl=en-US&sourceid=chrome-mobile&source=chrome.ob&ie=UTF-8,Applepay金额充足 在没有添加payment时 会从applrpay扣款吗 - Google Search
2026-08-03T05:19:48.798Z,https://www.google.com/search?q=Applepay%E9%87%91%E9%A2%9D%E5%85%85%E8%B6%B3+%E5%9C%A8%E6%B2%A1%E6%9C%89%E6%B7%BB%E5%8A%A0payment%E6%97%B6+%E4%BC%9A%E4%BB%8Eapplrpay%E6%89%A3%E6%AC%BE%E5%90%97&oq=Applepay%E9%87%91%E9%A2%9D%E5%85%85%E8%B6%B3+%E5%9C%A8%E6%B2%A1%E6%9C%89%E6%B7%BB%E5%8A%A0payment%E6%97%B6+%E4%BC%9A%E4%BB%8Eapplrpay%E6%89%A3%E6%AC%BE%E5%90%97&gs_lcrp=EghlZGdlX2lvcyoGCAAQRRg5MgYIABBFGDkyBwgBEOsHGEAyBwgCEAAY7wUyBwgDEAAY7wUyBwgEEAAY7wUyCggFEAAYgAQYogTSAQkzNTYwMmowajSoAgCwAgHiAwQYAiBf&hl=en-US&sourceid=chrome-mobile&source=chrome.ob&ie=UTF-8,Applepay金额充足 在没有添加payment时 会从applrpay扣款吗 - Google Search
2026-08-03T05:19:09.792Z,https://aicoffee.app/#/dashboard,CoffeeCloud
2026-08-03T05:13:29.945Z,https://github.com/shinomiyakwy/CodeSpace/commit/be4632232d461c42b8040c2d1e4bd6b58d96443c,Update Requirements.md · shinomiyakwy/CodeSpace@be46322
2026-08-03T05:13:29.935Z,https://github.com/shinomiyakwy/CodeSpace/commit/be4632232d461c42b8040c2d1e4bd6b58d96443c,Update Requirements.md · shinomiyakwy/CodeSpace@be46322
2026-08-03T05:13:28.572Z,https://github.com/shinomiyakwy/CodeSpace/commit/be4632232d461c42b8040c2d1e4bd6b58d96443c,Update Requirements.md · shinomiyakwy/CodeSpace@be46322
2026-08-03T05:13:27.597Z,https://github.com/shinomiyakwy/CodeSpace/commit/be4632232d461c42b8040c2d1e4bd6b58d96443c,Update Requirements.md · shinomiyakwy/CodeSpace@be46322
2026-08-03T05:13:22.912Z,https://github.com/shinomiyakwy/CodeSpace/blob/main/OpeSysFol/Requirements.md,CodeSpace/OpeSysFol/Requirements.md at main · shinomiyakwy/CodeSpace
2026-08-03T05:12:24.406Z,https://github.com/shinomiyakwy/CodeSpace/edit/main/OpeSysFol/Requirements.md,Editing CodeSpace/OpeSysFol/Requirements.md at main · shinomiyakwy/CodeSpace
2026-08-03T05:12:22.071Z,https://github.com/shinomiyakwy/CodeSpace/blob/main/OpeSysFol/Requirements.md,CodeSpace/OpeSysFol/Requirements.md at main · shinomiyakwy/CodeSpace
2026-08-03T05:12:16.943Z,https://github.com/shinomiyakwy/CodeSpace/tree/main/OpeSysFol,CodeSpace/OpeSysFol at main · shinomiyakwy/CodeSpace
2026-08-03T05:12:00.945Z,https://github.com/shinomiyakwy/CodeSpace/new/main/OpeSysFol,New File at OpeSysFol · shinomiyakwy/CodeSpace
2026-08-03T05:11:53.130Z,https://github.com/shinomiyakwy/CodeSpace/tree/main/OpeSysFol,CodeSpace/OpeSysFol at main · shinomiyakwy/CodeSpace
2026-08-03T05:11:49.019Z,https://github.com/shinomiyakwy/CodeSpace/blob/main/OpeSysFol/BankerAl.cpp,CodeSpace/OpeSysFol/BankerAl.cpp at main · shinomiyakwy/CodeSpace
2026-08-03T05:10:19.888Z,https://www.sogou.com/sogou?query=it&pid=A8MnG&ie=utf8,it - 搜狗搜索
2026-08-03T05:09:20.341Z,https://github.com/shinomiyakwy/CodeSpace/edit/main/OpeSysFol/BankerAl.cpp,Editing CodeSpace/OpeSysFol/BankerAl.cpp at main · shinomiyakwy/CodeSpace
2026-08-03T05:09:18.029Z,https://github.com/shinomiyakwy/CodeSpace/blob/main/OpeSysFol/BankerAl.cpp,CodeSpace/OpeSysFol/BankerAl.cpp at main · shinomiyakwy/CodeSpace
2026-08-03T05:09:14.294Z,https://github.com/shinomiyakwy/CodeSpace/tree/main/OpeSysFol,CodeSpace/OpeSysFol at main · shinomiyakwy/CodeSpace
2026-08-03T05:08:53.263Z,https://github.com/shinomiyakwy/CodeSpace,CodeSpace/SourFavoDatBas/type_link.zip.1.0.0 at main · shinomiyakwy/CodeSpace
2026-08-03T05:08:48.435Z,https://www.google.com/search?q=%E6%80%8E%E4%B9%88%E4%BF%AE%E6%94%B9windows%E7%9A%84%E8%AF%AD%E8%A8%80&oq=%E6%80%8E%E4%B9%88%E4%BF%AE%E6%94%B9windows%E7%9A%84%E8%AF%AD%E8%A8%80&gs_lcrp=EgRlZGdlKgYIABBFGDkyBggAEEUYOdIBCTEwMjY2ajBqN6gCAbACAQ&sourceid=chrome&source=chrome.ob&ie=UTF-8,怎么修改windows的语言 - Google Search
2026-08-03T05:08:31.404Z,https://github.com/,GitHub
2026-08-03T05:07:58.214Z,https://github.com/shinomiyakwy,shinomiyakwy (陈楷晖)
2026-08-03T05:07:47.568Z,https://explore.microsoft.com/en-us/edge/update/151?ep=2249&es=381&form=MT01GJ&pro=wk&channel=stable&version=151.0.4129.59&sg=1&D=0&ptt=2&cs=2324297850&section=welcome,What's new in Microsoft Edge
2026-08-03T05:07:36.878Z,https://explore.microsoft.com/en-us/edge/update/151?ep=2249&es=381&form=MT01GJ&pro=wk&channel=stable&version=151.0.4129.59&sg=1&D=0&ptt=2&cs=2324297850,What's new in Microsoft Edge
2026-08-03T05:07:26.179Z,https://github.com/,GitHub
2026-08-03T05:07:25.332Z,https://github.com/,GitHub
2026-08-03T05:07:25.295Z,https://app.raindrop.io/my/0/type:link,All bookmarks
2026-08-03T05:07:24.851Z,https://app.raindrop.io/,Import
2026-08-03T05:07:23.256Z,https://www.google.com/search?q=%E6%80%8E%E4%B9%88%E5%9C%A8Edge%E6%B5%8F%E8%A7%88%E5%99%A8%E4%B8%AD%E4%BF%AE%E6%94%B9+%E8%AE%BE%E7%BD%AE%E7%9A%84%E6%98%BE%E7%A4%BA%E8%AF%AD%E8%A8%80&sca_esv=02b043e6cf9f2f2b&sxsrf=APpeQnt2XRgdR_MyskC3GUC0QNIUNGu8mw%3A1785733518076&ei=jiFwatKXBMvDvr0P17LVgQM&biw=1081&bih=531&ved=0ahUKEwjSlojg14OWAxXLoa8BHVdZNTAQ4dUDCBA&uact=5&oq=%E6%80%8E%E4%B9%88%E5%9C%A8Edge%E6%B5%8F%E8%A7%88%E5%99%A8%E4%B8%AD%E4%BF%AE%E6%94%B9+%E8%AE%BE%E7%BD%AE%E7%9A%84%E6%98%BE%E7%A4%BA%E8%AF%AD%E8%A8%80&gs_lp=Egxnd3Mtd2l6LXNlcnAiNeaAjuS5iOWcqEVkZ2XmtY_op4jlmajkuK3kv67mlLkg6K6-572u55qE5pi-56S66K-t6KiAMgUQABjvBTIFEAAY7wUyBRAAGO8FMgUQABjvBTIFEAAY7wVI50lQ7QZY8khwAXgBkAEAmAHFBKABlieqAQwwLjE2LjUuMi4wLjG4AQPIAQD4AQGYAhagAoUfwgIKEAAYRxjWBBiwA8ICBBAjGCfCAgUQIRigAZgDAIgGAZAGApIHCDEuMTQuNi4xoAf2L7IHCDAuMTQuNi4xuAeCH8IHBDEuMjHIBx2ACAE&sclient=gws-wiz-serp,怎么在Edge浏览器中修改 设置的显示语言 - Google Search
2026-08-03T05:06:50.101Z,https://www.google.com/search?q=%E6%80%8E%E4%B9%88%E5%9C%A8Edge%E6%B5%8F%E8%A7%88%E5%99%A8%E4%B8%AD%E4%BF%AE%E6%94%B9+%E8%AE%BE%E7%BD%AE%E7%9A%84%E6%98%BE%E7%A4%BA%E8%AF%AD%E8%A8%80&sca_esv=02b043e6cf9f2f2b&sxsrf=APpeQnt2XRgdR_MyskC3GUC0QNIUNGu8mw%3A1785733518076&ei=jiFwatKXBMvDvr0P17LVgQM&biw=1081&bih=531&ved=0ahUKEwjSlojg14OWAxXLoa8BHVdZNTAQ4dUDCBA&uact=5&oq=%E6%80%8E%E4%B9%88%E5%9C%A8Edge%E6%B5%8F%E8%A7%88%E5%99%A8%E4%B8%AD%E4%BF%AE%E6%94%B9+%E8%AE%BE%E7%BD%AE%E7%9A%84%E6%98%BE%E7%A4%BA%E8%AF%AD%E8%A8%80&gs_lp=Egxnd3Mtd2l6LXNlcnAiNeaAjuS5iOWcqEVkZ2XmtY_op4jlmajkuK3kv67mlLkg6K6-572u55qE5pi-56S66K-t6KiAMgUQABjvBTIFEAAY7wUyBRAAGO8FMgUQABjvBTIFEAAY7wVI50lQ7QZY8khwAXgBkAEAmAHFBKABlieqAQwwLjE2LjUuMi4wLjG4AQPIAQD4AQGYAhagAoUfwgIKEAAYRxjWBBiwA8ICBBAjGCfCAgUQIRigAZgDAIgGAZAGApIHCDEuMTQuNi4xoAf2L7IHCDAuMTQuNi4xuAeCH8IHBDEuMjHIBx2ACAE&sclient=gws-wiz-serp,怎么在Edge浏览器中修改 设置的显示语言 - Google Search
2026-08-03T05:06:02.825Z,https://www.google.com/search?q=%E6%80%8E%E4%B9%88%E5%9C%A8Edge%E6%B5%8F%E8%A7%88%E5%99%A8%E4%B8%AD%E4%BF%AE%E6%94%B9%E8%AF%AD%E8%A8%80&oq=%E6%80%8E%E4%B9%88%E5%9C%A8Edge%E6%B5%8F%E8%A7%88%E5%99%A8%E4%B8%AD%E4%BF%AE%E6%94%B9%E8%AF%AD%E8%A8%80&gs_lcrp=EgRlZGdlKgYIABBFGDkyBggAEEUYOTIHCAEQ6wcYQNIBCDg0NjZqMGo3qAIAsAIA&sourceid=chrome&source=chrome.ob&ie=UTF-8,怎么在Edge浏览器中修改语言 - Google Search
2026-08-03T05:03:45.065Z,https://github.com/shinomiyakwy/CodeSpace/edit/main/PEM/DiskSandboxEsc.cpp,Editing CodeSpace/PEM/DiskSandboxEsc.cpp at main · shinomiyakwy/CodeSpace
2026-08-03T05:03:43.268Z,https://github.com/shinomiyakwy/CodeSpace/blob/main/PEM/DiskSandboxEsc.cpp,CodeSpace/PEM/DiskSandboxEsc.cpp at main · shinomiyakwy/CodeSpace
2026-08-03T05:03:33.348Z,https://github.com/shinomiyakwy/CodeSpace/tree/main/PEM,CodeSpace/PEM at main · shinomiyakwy/CodeSpace
2026-08-03T05:01:44.187Z,https://github.com/shinomiyakwy/CodeSpace/new/main,New File at / · shinomiyakwy/CodeSpace
2026-08-03T05:01:39.179Z,https://github.com/shinomiyakwy/CodeSpace/tree/main,shinomiyakwy/CodeSpace: For Work as well as graduage
2026-08-03T05:01:32.915Z,https://github.com/shinomiyakwy/CodeSpace/tree/main/OpeSysFol,CodeSpace/OpeSysFol at main · shinomiyakwy/CodeSpace
2026-08-03T04:57:04.118Z,https://github.com/shinomiyakwy/CodeSpace/new/main,New File at / · shinomiyakwy/CodeSpace
2026-08-03T04:57:02.185Z,https://github.com/shinomiyakwy/CodeSpace/new/main,New File at / · shinomiyakwy/CodeSpace
2026-08-03T04:56:40.922Z,https://github.com/shinomiyakwy/CodeSpace/new/main,New File at / · shinomiyakwy/CodeSpace
2026-08-03T04:56:31.345Z,https://github.com/shinomiyakwy/CodeSpace,CodeSpace/SourFavoDatBas/type_link.zip.1.0.0 at main · shinomiyakwy/CodeSpace
2026-08-03T04:55:34.887Z,https://github.com/shinomiyakwy,shinomiyakwy (陈楷晖)
2026-08-03T04:55:31.764Z,https://github.com/shinomiyakwy/CodeSpace/blob/main/AnnuallyLog,CodeSpace/AnnuallyLog at main · shinomiyakwy/CodeSpace
2026-08-03T04:54:27.524Z,https://github.com/shinomiyakwy/CodeSpace/edit/main/Markdown.md,Editing CodeSpace/Markdown.md at main · shinomiyakwy/CodeSpace
2026-08-03T04:54:23.868Z,https://github.com/shinomiyakwy/CodeSpace/blob/main/Markdown.md,CodeSpace/Markdown.md at main · shinomiyakwy/CodeSpace
2026-08-03T04:54:19.823Z,https://github.com/shinomiyakwy/CodeSpace,CodeSpace/SourFavoDatBas/type_link.zip.1.0.0 at main · shinomiyakwy/CodeSpace
2026-08-03T04:54:16.341Z,https://github.com/shinomiyakwy/CodeSpace/upload,Processing your files…
2026-08-03T04:54:03.277Z,https://github.com/shinomiyakwy/CodeSpace/upload/main,Upload files · shinomiyakwy/CodeSpace
2026-08-03T04:53:53.173Z,https://github.com/shinomiyakwy/CodeSpace,CodeSpace/SourFavoDatBas/type_link.zip.1.0.0 at main · shinomiyakwy/CodeSpace
2026-08-03T04:53:53.163Z,https://github.com/shinomiyakwy/CodeSpace,CodeSpace/SourFavoDatBas/type_link.zip.1.0.0 at main · shinomiyakwy/CodeSpace
2026-08-03T04:53:53.130Z,https://github.com/shinomiyakwy/CodeSpace,CodeSpace/SourFavoDatBas/type_link.zip.1.0.0 at main · shinomiyakwy/CodeSpace
2026-08-03T04:53:49.390Z,https://github.com/shinomiyakwy/CodeSpace/blob/main/README.md,CodeSpace/README.md at main · shinomiyakwy/CodeSpace
2026-08-03T04:53:36.305Z,https://github.com/shinomiyakwy/CodeSpace/edit/main/README.md,Editing CodeSpace/README.md at main · shinomiyakwy/CodeSpace
2026-08-03T04:53:28.697Z,https://github.com/shinomiyakwy/CodeSpace,CodeSpace/SourFavoDatBas/type_link.zip.1.0.0 at main · shinomiyakwy/CodeSpace
2026-08-03T04:53:23.115Z,https://github.com/shinomiyakwy,shinomiyakwy (陈楷晖)
2026-08-03T04:53:18.214Z,https://github.com/shinomiyakwy?tab=repositories,Your Repositories
2026-08-03T04:52:58.435Z,https://github.com/codespaces,Codespaces
2026-08-03T04:52:41.937Z,https://github.com/codespaces,Codespaces
2026-08-03T04:52:26.644Z,https://github.com/codespaces/new/shinomiyakwy/CodeSpace?auto_init=1&resume=1,Create codespace
2026-08-03T04:52:18.529Z,https://github.com/shinomiyakwy/CodeSpace,CodeSpace/SourFavoDatBas/type_link.zip.1.0.0 at main · shinomiyakwy/CodeSpace
2026-08-03T04:51:59.784Z,https://github.com/shinomiyakwy,shinomiyakwy (陈楷晖)
2026-08-03T04:51:26.513Z,https://github.com/shinomiyakwy,shinomiyakwy (陈楷晖)
2026-08-03T04:51:01.706Z,https://github.com/shinomiyakwy/CodeSpace,CodeSpace/SourFavoDatBas/type_link.zip.1.0.0 at main · shinomiyakwy/CodeSpace
2026-08-03T04:50:47.403Z,https://github.com/shinomiyakwy/CodeSpace/security,Overview · shinomiyakwy/CodeSpace
2026-08-03T04:50:33.644Z,https://github.com/shinomiyakwy/CodeSpace/settings,General
2026-08-03T04:50:12.268Z,https://github.com/shinomiyakwy/CodeSpace,CodeSpace/SourFavoDatBas/type_link.zip.1.0.0 at main · shinomiyakwy/CodeSpace
2026-08-03T04:50:01.011Z,https://github.com/shinomiyakwy/NodeLevels,shinomiyakwy/NodeLevels
2026-08-03T04:49:45.539Z,https://github.com/shinomiyakwy/CodeSpace,CodeSpace/SourFavoDatBas/type_link.zip.1.0.0 at main · shinomiyakwy/CodeSpace
2026-08-03T04:49:44.880Z,https://github.com/shinomiyakwy/CodeSpace,CodeSpace/SourFavoDatBas/type_link.zip.1.0.0 at main · shinomiyakwy/CodeSpace
2026-08-03T04:48:59.404Z,file:///C:/Users/86139/OneDrive/%E6%A1%8C%E9%9D%A2/Markdown.md,
2026-08-03T04:48:02.556Z,https://github.com/codespaces?unpublished=true,Codespaces
2026-08-03T04:47:58.663Z,https://github.com/codespaces,Codespaces
2026-08-03T04:47:58.580Z,https://github.com/codespaces,Codespaces
2026-08-03T04:47:55.606Z,https://github.com/codespaces,Codespaces
2026-08-03T04:47:38.380Z,https://github.com/shinomiyakwy/Roadmap.shHost,shinomiyakwy/Roadmap.shHost
2026-08-03T04:46:25.338Z,https://github.com/shinomiyakwy/CodeSpace,CodeSpace/SourFavoDatBas/type_link.zip.1.0.0 at main · shinomiyakwy/CodeSpace
2026-08-03T04:45:22.446Z,https://github.com/shinomiyakwy/CodeSpace,CodeSpace/SourFavoDatBas/type_link.zip.1.0.0 at main · shinomiyakwy/CodeSpace
2026-08-03T04:44:41.059Z,https://github.com/new,New repository
2026-08-03T04:44:22.420Z,https://zany-journey-v65v5qxxp79r2w5pv.github.dev/,
2026-08-03T04:44:20.152Z,https://github.com/codespaces,Codespaces
2026-08-03T04:44:16.391Z,https://sturdy-guide-7vx9xpgg74w43pppr.github.dev/,
2026-08-03T04:44:12.677Z,https://github.com/codespaces,Codespaces
2026-08-03T04:44:04.036Z,https://github.com/shinomiyakwy/Roadmap.shHost,shinomiyakwy/Roadmap.shHost
2026-08-03T04:44:00.251Z,https://github.com/codespaces,Codespaces
2026-08-03T04:43:50.595Z,https://app.raindrop.io/my/0/type:link,All bookmarks
2026-08-03T04:43:38.847Z,https://app.raindrop.io/,Import
2026-08-03T04:41:30.360Z,https://github.com/shinomiyakwy/Roadmap.shHost,shinomiyakwy/Roadmap.shHost
2026-08-03T04:41:23.717Z,https://www.google.com/search?q=PC%E7%9A%84BIOS%E5%8F%8A%E5%85%B6%E5%90%AF%E5%8A%A8%E9%80%9F%E5%BA%A6&oq=PC%E7%9A%84BIOS%E5%8F%8A%E5%85%B6%E5%90%AF%E5%8A%A8%E9%80%9F%E5%BA%A6&gs_lcrp=EgRlZGdlKgYIABBFGDkyBggAEEUYOTIHCAEQ6wcYQNIBCDcxMjVqMGo3qAIAsAIA&sourceid=chrome&source=chrome.ob&ie=UTF-8,PC的BIOS及其启动速度 - Google Search
2026-08-03T04:40:28.701Z,https://www.google.com/search?q=%E7%A7%BB%E5%8A%A8%E7%AB%AF+%E8%AE%A2%E9%98%85%E7%BB%84&oq=%E7%A7%BB%E5%8A%A8%E7%AB%AF+%E8%AE%A2%E9%98%85%E7%BB%84&gs_lcrp=EgRlZGdlKgYIABBFGDkyBggAEEUYOdIBCDYxNTZqMGo3qAIAsAIB&sourceid=chrome&source=chrome.ob&ie=UTF-8,移动端 订阅组 - Google Search
2026-08-03T04:37:24.239Z,https://aicoffee.app/,CoffeeCloud
2026-08-03T04:37:13.429Z,https://xn--9kqp0mora.net/,CoffeeCloud
2026-08-03T04:37:12.244Z,https://www.google.com/search?q=%E5%92%96%E5%95%A1%E4%BA%91%E6%9C%BA%E5%9C%BA&oq=%E5%92%96%E5%95%A1%E4%BA%91%E6%9C%BA%E5%9C%BA&gs_lcrp=EghlZGdlX2lvcyoGCAAQRRg7MgYIABBFGDsyBwgBEOsHGEDSAQg1ODM2ajBqOagCALACAeIDBBgCIF8&hl=en-US&sourceid=chrome-mobile&source=chrome.ob&ie=UTF-8,咖啡云机场 - Google Search
2026-08-03T04:37:04.467Z,https://www.google.com/search?q=%E5%9F%BA%E5%90%91%E9%87%8F%E5%B8%8C%E5%B0%94%E4%BC%AF%E7%89%B9%E7%A9%BA%E9%97%B4&sca_esv=70baf1c491eab9e7&hl=en-US&biw=402&bih=674&sxsrf=APpeQnv347bXBjwP4OY_HxKZHnoncNFxBg%3A1785729395669&ei=cxFwas_AKNTc2roPrNn2iAk&oq=%E5%9F%BA%E5%90%91%E9%87%8F%E5%B8%8C%E5%B0%94%E4%BC%AF%E7%89%B9%E7%A9%BA%E9%97%B4&gs_lp=EhNtb2JpbGUtZ3dzLXdpei1zZXJwIhvln7rlkJHph4_luIzlsJTkvK_nibnnqbrpl7QyBBAAGEcyBBAAGEcyBBAAGEcyBBAAGEcyBBAAGEcyBBAAGEcyBBAAGEcyBBAAGEcyBBAAGEcyBBAAGEdIvSlQkRZYrSVwAXgDkAEAmAHPC6AB1BGqAQkzLTEuMS43LTG4AQPIAQD4AQGYAgOgAgaYAwCIBgGQBgqSBwEzoAe6ErIHALgHAMIHAzAuM8gHBIAIAA&sclient=mobile-gws-wiz-serp#lfId=ChxjMe,基向量希尔伯特空间 - Google Search
2026-08-03T03:56:53.980Z,https://www.google.com/search?q=%E5%9F%BA%E5%90%91%E9%87%8F%E5%B8%8C%E5%B0%94%E4%BC%AF%E7%89%B9%E7%A9%BA%E9%97%B4&sca_esv=70baf1c491eab9e7&hl=en-US&biw=402&bih=674&sxsrf=APpeQnv347bXBjwP4OY_HxKZHnoncNFxBg%3A1785729395669&ei=cxFwas_AKNTc2roPrNn2iAk&oq=%E5%9F%BA%E5%90%91%E9%87%8F%E5%B8%8C%E5%B0%94%E4%BC%AF%E7%89%B9%E7%A9%BA%E9%97%B4&gs_lp=EhNtb2JpbGUtZ3dzLXdpei1zZXJwIhvln7rlkJHph4_luIzlsJTkvK_nibnnqbrpl7QyBBAAGEcyBBAAGEcyBBAAGEcyBBAAGEcyBBAAGEcyBBAAGEcyBBAAGEcyBBAAGEcyBBAAGEcyBBAAGEdIvSlQkRZYrSVwAXgDkAEAmAHPC6AB1BGqAQkzLTEuMS43LTG4AQPIAQD4AQGYAgOgAgaYAwCIBgGQBgqSBwEzoAe6ErIHALgHAMIHAzAuM8gHBIAIAA&sclient=mobile-gws-wiz-serp#lfId=ChxjMe,基向量希尔伯特空间 - Google Search
2026-08-03T03:56:46.564Z,https://www.google.com/search?q=%E5%9F%BA%E5%90%91%E9%87%8F%E5%B8%8C%E5%B0%94%E4%BC%AF%E7%89%B9%E7%A9%BA%E9%97%B4&sca_esv=70baf1c491eab9e7&hl=en-US&biw=402&bih=674&sxsrf=APpeQnv347bXBjwP4OY_HxKZHnoncNFxBg%3A1785729395669&ei=cxFwas_AKNTc2roPrNn2iAk&oq=%E5%9F%BA%E5%90%91%E9%87%8F%E5%B8%8C%E5%B0%94%E4%BC%AF%E7%89%B9%E7%A9%BA%E9%97%B4&gs_lp=EhNtb2JpbGUtZ3dzLXdpei1zZXJwIhvln7rlkJHph4_luIzlsJTkvK_nibnnqbrpl7QyBBAAGEcyBBAAGEcyBBAAGEcyBBAAGEcyBBAAGEcyBBAAGEcyBBAAGEcyBBAAGEcyBBAAGEcyBBAAGEdIvSlQkRZYrSVwAXgDkAEAmAHPC6AB1BGqAQkzLTEuMS43LTG4AQPIAQD4AQGYAgOgAgaYAwCIBgGQBgqSBwEzoAe6ErIHALgHAMIHAzAuM8gHBIAIAA&sclient=mobile-gws-wiz-serp,基向量希尔伯特空间 - Google Search
2026-08-03T03:56:40.565Z,https://www.google.com/search?q=%E5%9F%BA%E5%90%91%E9%87%8F%E5%90%91%E9%87%8F%E7%A9%BA%E9%97%B4&sca_esv=70baf1c491eab9e7&hl=en-US&sxsrf=APpeQntd29U1Y31PSNxu6vMKrjorqNuIqg%3A1785729325388&ei=LRFwapKeF6vi2roPpefQ-Q8&biw=402&bih=674&oq=%E5%9F%BA%E5%90%91%E9%87%8F%E5%90%91%E9%87%8F%E7%A9%BA%E9%97%B4&gs_lp=EhNtb2JpbGUtZ3dzLXdpei1zZXJwIhXln7rlkJHph4_lkJHph4_nqbrpl7QyBRAAGO8FMgUQABjvBTIFEAAY7wUyBRAAGO8FMgUQABjvBUi4QVD2DViIQXAFeAGQAQWYAaQMoAH4OqoBDzEuMC4zLjUtMy40LjAuMbgBA8gBAPgBAZgCCaACjg7CAgoQABiwAxjWBBhHwgIXEC4YsAMYuAYY2AIYyAMY2gYY3AbYAQHCAgUQIRigAZgDAIgGAZAGDLoGBAgBGBmSBws1LjAuMi4wLjEuMaAHqhuyBwkyLTIuMC4xLjG4B_oNwgcHMC42LjIuMcgHG4AIAA&sclient=mobile-gws-wiz-serp#sbfbu=1&pi=%E5%9F%BA%E5%90%91%E9%87%8F%E5%90%91%E9%87%8F%E7%A9%BA%E9%97%B4,基向量向量空间 - Google Search
2026-08-03T03:56:36.126Z,https://www.google.com/search?q=%E5%9F%BA%E5%90%91%E9%87%8F%E5%90%91%E9%87%8F%E7%A9%BA%E9%97%B4&sca_esv=70baf1c491eab9e7&hl=en-US&sxsrf=APpeQntd29U1Y31PSNxu6vMKrjorqNuIqg%3A1785729325388&ei=LRFwapKeF6vi2roPpefQ-Q8&biw=402&bih=674&oq=%E5%9F%BA%E5%90%91%E9%87%8F%E5%90%91%E9%87%8F%E7%A9%BA%E9%97%B4&gs_lp=EhNtb2JpbGUtZ3dzLXdpei1zZXJwIhXln7rlkJHph4_lkJHph4_nqbrpl7QyBRAAGO8FMgUQABjvBTIFEAAY7wUyBRAAGO8FMgUQABjvBUi4QVD2DViIQXAFeAGQAQWYAaQMoAH4OqoBDzEuMC4zLjUtMy40LjAuMbgBA8gBAPgBAZgCCaACjg7CAgoQABiwAxjWBBhHwgIXEC4YsAMYuAYY2AIYyAMY2gYY3AbYAQHCAgUQIRigAZgDAIgGAZAGDLoGBAgBGBmSBws1LjAuMi4wLjEuMaAHqhuyBwkyLTIuMC4xLjG4B_oNwgcHMC42LjIuMcgHG4AIAA&sclient=mobile-gws-wiz-serp,基向量向量空间 - Google Search
2026-08-03T03:56:26.453Z,https://www.google.com/search?q=%E5%90%91%E9%87%8F%E7%A9%BA%E9%97%B4%E5%9F%BA%E5%90%91%E9%87%8F&oq=%E5%90%91%E9%87%8F%E7%A9%BA%E9%97%B4%E5%9F%BA%E5%90%91%E9%87%8F&gs_lcrp=EghlZGdlX2lvcyoGCAAQRRg5MgYIABBFGDkyBwgBEOsHGEAyBwgCEAAY7wUyBwgDEAAY7wUyBwgEEAAY7wUyBwgFEAAY7wXSAQk0NzE3NmowajmoAgCwAgHiAwQYAiBf&hl=en-US&sourceid=chrome-mobile&source=chrome.ob&ie=UTF-8#sbfbu=1&pi=%E5%90%91%E9%87%8F%E7%A9%BA%E9%97%B4%E5%9F%BA%E5%90%91%E9%87%8F,向量空间基向量 - Google Search
2026-08-03T03:56:10.785Z,https://www.google.com/search?q=%E5%90%91%E9%87%8F%E7%A9%BA%E9%97%B4%E5%9F%BA%E5%90%91%E9%87%8F&oq=%E5%90%91%E9%87%8F%E7%A9%BA%E9%97%B4%E5%9F%BA%E5%90%91%E9%87%8F&gs_lcrp=EghlZGdlX2lvcyoGCAAQRRg5MgYIABBFGDkyBwgBEOsHGEAyBwgCEAAY7wUyBwgDEAAY7wUyBwgEEAAY7wUyBwgFEAAY7wXSAQk0NzE3NmowajmoAgCwAgHiAwQYAiBf&hl=en-US&sourceid=chrome-mobile&source=chrome.ob&ie=UTF-8#lfId=ChxjMe,向量空间基向量 - Google Search
2026-08-03T03:55:25.363Z,https://www.google.com/search?q=%E5%90%91%E9%87%8F%E7%A9%BA%E9%97%B4%E5%9F%BA%E5%90%91%E9%87%8F&oq=%E5%90%91%E9%87%8F%E7%A9%BA%E9%97%B4%E5%9F%BA%E5%90%91%E9%87%8F&gs_lcrp=EghlZGdlX2lvcyoGCAAQRRg5MgYIABBFGDkyBwgBEOsHGEAyBwgCEAAY7wUyBwgDEAAY7wUyBwgEEAAY7wUyBwgFEAAY7wXSAQk0NzE3NmowajmoAgCwAgHiAwQYAiBf&hl=en-US&sourceid=chrome-mobile&source=chrome.ob&ie=UTF-8,向量空间基向量 - Google Search
2026-08-03T03:54:36.079Z,https://www.google.com/search?q=%E4%BA%8C%E9%98%B6%E5%AF%BC%E9%9B%B6%E7%82%B9&sca_esv=70baf1c491eab9e7&hl=en-US&biw=402&bih=674&sxsrf=APpeQnvQJ1DRFVl4-c6H7vkDw1UPVNcwiQ%3A1785728407735&ei=lw1waoWnLNXn2roP6oPo6As&oq=%E4%BA%8C%E9%98%B6%E5%AF%BC%E9%9B%B6%E7%82%B9&gs_lp=EhNtb2JpbGUtZ3dzLXdpei1zZXJwGgIYAiIP5LqM6Zi25a-86Zu254K5MgUQABjvBTIFEAAY7wUyBRAAGO8FMgUQABjvBTIFEAAY7wVIkmFQwgxYimBwDXgBkAELmAHlBaABq1CqAQ8yLjIwLjEwLjQuMi4xLjK4AQPIAQD4AQGYAiegAs4kqAIswgIKEAAYsAMY1gQYR8ICFxAuGLADGLgGGNgCGMgDGNoGGNwG2AEBwgIHECMYJxjqAsICChAjGPAFGCcY6gLCAhAQABgDGLQCGOoCGI8B2AEBwgIQEC4YAxi0AhjqAhiPAdgBAcICBBAjGCfCAgsQABiABBiRAhiKBcICFxAuGIAEGJECGLEDGNEDGIMBGMcBGIoFwgIOEC4YgAQYsQMYgwEYigXCAgsQABiABBixAxiDAcICBRAuGIAEwgINEC4YgAQYsQMYQxiKBcICCBAAGIAEGLEDwgIFEAAYgATCAgsQLhiABBixAxiDAcICDhAAGIAEGLEDGIMBGIoFwgIKEC4YgAQYQxiKBcICCBAAGIAEGMkDwgIIEAAYgAQYiwPCAg4QLhiABBioAxiLAxjuBcICCBAAGIAEGMsBwgIKEAAYgAQYChjLAcICBRAhGKABwgIGEAAYFhgewgILEAAYgAQYhgMYigXCAgsQABj4BRiLAxjvBcICCxAAGIAEGKIEGIsDwgIIEAAYiwMY7wXCAgQQABgewgIHECEYoAEYCpgDBfEFlOlTtCAqSsGIBgGQBhC6BgQIARgZkgcJMTUuMTcuNi4xoAekpwGyBwgyLjE3LjYuMbgHqCTCBwcxLjI4LjEwyAdLgAgA&sclient=mobile-gws-wiz-serp,二阶导零点 - Google Search
2026-08-03T03:50:11.628Z,https://www.google.com/search?q=%E4%BA%8C%E9%98%B6%E5%AF%BC%E9%9B%B6%E7%82%B9&sca_esv=70baf1c491eab9e7&hl=en-US&biw=402&bih=674&sxsrf=APpeQnvQJ1DRFVl4-c6H7vkDw1UPVNcwiQ%3A1785728407735&ei=lw1waoWnLNXn2roP6oPo6As&oq=%E4%BA%8C%E9%98%B6%E5%AF%BC%E9%9B%B6%E7%82%B9&gs_lp=EhNtb2JpbGUtZ3dzLXdpei1zZXJwGgIYAiIP5LqM6Zi25a-86Zu254K5MgUQABjvBTIFEAAY7wUyBRAAGO8FMgUQABjvBTIFEAAY7wVIkmFQwgxYimBwDXgBkAELmAHlBaABq1CqAQ8yLjIwLjEwLjQuMi4xLjK4AQPIAQD4AQGYAiegAs4kqAIswgIKEAAYsAMY1gQYR8ICFxAuGLADGLgGGNgCGMgDGNoGGNwG2AEBwgIHECMYJxjqAsICChAjGPAFGCcY6gLCAhAQABgDGLQCGOoCGI8B2AEBwgIQEC4YAxi0AhjqAhiPAdgBAcICBBAjGCfCAgsQABiABBiRAhiKBcICFxAuGIAEGJECGLEDGNEDGIMBGMcBGIoFwgIOEC4YgAQYsQMYgwEYigXCAgsQABiABBixAxiDAcICBRAuGIAEwgINEC4YgAQYsQMYQxiKBcICCBAAGIAEGLEDwgIFEAAYgATCAgsQLhiABBixAxiDAcICDhAAGIAEGLEDGIMBGIoFwgIKEC4YgAQYQxiKBcICCBAAGIAEGMkDwgIIEAAYgAQYiwPCAg4QLhiABBioAxiLAxjuBcICCBAAGIAEGMsBwgIKEAAYgAQYChjLAcICBRAhGKABwgIGEAAYFhgewgILEAAYgAQYhgMYigXCAgsQABj4BRiLAxjvBcICCxAAGIAEGKIEGIsDwgIIEAAYiwMY7wXCAgQQABgewgIHECEYoAEYCpgDBfEFlOlTtCAqSsGIBgGQBhC6BgQIARgZkgcJMTUuMTcuNi4xoAekpwGyBwgyLjE3LjYuMbgHqCTCBwcxLjI4LjEwyAdLgAgA&sclient=mobile-gws-wiz-serp,二阶导零点 - Google Search
2026-08-03T03:49:58.869Z,https://www.google.com/search?q=0-pai%2F2%E7%9A%84+%E6%AD%A3%E5%BC%A6&sca_esv=70baf1c491eab9e7&hl=en-US&biw=402&bih=674&sxsrf=APpeQnskGC0pCcqLB8W5qmOIewpuIquUMQ%3A1785728394364&ei=ig1wavvsFaWM2roPxZKF-AQ&oq=0-pai%2F2%E7%9A%84+%E6%AD%A3%E5%BC%A6&gs_lp=EhNtb2JpbGUtZ3dzLXdpei1zZXJwIhEwLXBhaS8y55qEIOato-W8pjIEECMYJzIHECEYoAEYCjIHECEYoAEYCjIHECEYoAEYCjIHECEYoAEYCki_UlDwB1jRUXAHeAGQAQCYAYIGoAGfFaoBDTAuNC4yLjEuMS4wLjG4AQPIAQD4AQGYAg6gAtoSwgIKEAAYsAMY1gQYR8ICFxAuGLADGLgGGNgCGMgDGNoGGNwG2AEBwgIFEAAY7wXCAggQABiABBiiBJgDAIgGAZAGDLoGBAgBGBmSBws3LjIuMi4xLjEuMaAHlRqyBwswLjIuMi4xLjEuMbgHwxLCBwgwLjEyLjEuMcgHHoAIAA&sclient=mobile-gws-wiz-serp#sbfbu=1&pi=0-pai/2%E7%9A%84%20%E6%AD%A3%E5%BC%A6,0-pai/2的 正弦 - Google Search
2026-08-03T03:40:07.754Z,https://www.google.com/search?q=0-pai%2F2%E7%9A%84+%E6%AD%A3%E5%BC%A6&sca_esv=70baf1c491eab9e7&hl=en-US&biw=402&bih=674&sxsrf=APpeQnskGC0pCcqLB8W5qmOIewpuIquUMQ%3A1785728394364&ei=ig1wavvsFaWM2roPxZKF-AQ&oq=0-pai%2F2%E7%9A%84+%E6%AD%A3%E5%BC%A6&gs_lp=EhNtb2JpbGUtZ3dzLXdpei1zZXJwIhEwLXBhaS8y55qEIOato-W8pjIEECMYJzIHECEYoAEYCjIHECEYoAEYCjIHECEYoAEYCjIHECEYoAEYCki_UlDwB1jRUXAHeAGQAQCYAYIGoAGfFaoBDTAuNC4yLjEuMS4wLjG4AQPIAQD4AQGYAg6gAtoSwgIKEAAYsAMY1gQYR8ICFxAuGLADGLgGGNgCGMgDGNoGGNwG2AEBwgIFEAAY7wXCAggQABiABBiiBJgDAIgGAZAGDLoGBAgBGBmSBws3LjIuMi4xLjEuMaAHlRqyBwswLjIuMi4xLjEuMbgHwxLCBwgwLjEyLjEuMcgHHoAIAA&sclient=mobile-gws-wiz-serp,0-pai/2的 正弦 - Google Search
2026-08-03T03:39:56.938Z,https://www.google.com/search?q=0-pai%2F2%E7%9A%84+%E6%AD%A3%E7%BA%BF&sca_esv=70baf1c491eab9e7&hl=en-US&biw=402&bih=674&sxsrf=APpeQnsv3lka9GFC4KoJQvDfyRPIvi2luA%3A1785728307427&ei=Mw1waqbfGdCSvr0PhKGWyAw&oq=0-pai%2F2%E7%9A%84+%E6%AD%A3%E7%BA%BF&gs_lp=EhNtb2JpbGUtZ3dzLXdpei1zZXJwIhEwLXBhaS8y55qEIOato-e6vzIFEAAY7wUyBRAAGO8FMgUQABjvBTIFEAAY7wUyBRAAGO8FSK-cAVDEEVidmwFwEngBkAEDmAHCCaAB1FSqARExLjE0LjEwLjQuMS4yLjIuMbgBA8gBAPgBAZgCMaACikmoAizCAgoQABiwAxjWBBhHwgIXEC4YsAMYuAYY2AIYyAMY2gYY3AbYAQHCAgcQIxgnGOoCwgIKECMY8AUYJxjqAsICEBAuGAMYtAIY6gIYjwHYAQHCAhAQABgDGLQCGOoCGI8B2AEBwgIREC4YgAQYkQIY0QMYxwEYigXCAgUQLhiABMICCBAAGIAEGLEDwgILEAAYgAQYsQMYgwHCAgUQABiABMICBBAAGB7CAgYQABgNGB7CAggQABgKGA0YHsICCBAAGAgYDRgewgIGEAAYCBgewgIIEAAYgAQYogTCAgcQIRigARgKmAME8QU2TAsOYnnKrYgGAZAGELoGBAgBGBmSBxIxOS4xMS4xMS4zLjMuMC4xLjGgB61psgcRMS4xMS4xMS4zLjMuMC4xLjG4B9lIwgcHNi4zMi4xMcgHVoAIAA&sclient=mobile-gws-wiz-serp#sbfbu=1&pi=0-pai/2%E7%9A%84%20%E6%AD%A3%E7%BA%BF,0-pai/2的 正线 - Google Search
2026-08-03T03:39:54.442Z,https://www.google.com/search?q=0-pai%2F2%E7%9A%84+%E6%AD%A3%E7%BA%BF&sca_esv=70baf1c491eab9e7&hl=en-US&biw=402&bih=674&sxsrf=APpeQnsv3lka9GFC4KoJQvDfyRPIvi2luA%3A1785728307427&ei=Mw1waqbfGdCSvr0PhKGWyAw&oq=0-pai%2F2%E7%9A%84+%E6%AD%A3%E7%BA%BF&gs_lp=EhNtb2JpbGUtZ3dzLXdpei1zZXJwIhEwLXBhaS8y55qEIOato-e6vzIFEAAY7wUyBRAAGO8FMgUQABjvBTIFEAAY7wUyBRAAGO8FSK-cAVDEEVidmwFwEngBkAEDmAHCCaAB1FSqARExLjE0LjEwLjQuMS4yLjIuMbgBA8gBAPgBAZgCMaACikmoAizCAgoQABiwAxjWBBhHwgIXEC4YsAMYuAYY2AIYyAMY2gYY3AbYAQHCAgcQIxgnGOoCwgIKECMY8AUYJxjqAsICEBAuGAMYtAIY6gIYjwHYAQHCAhAQABgDGLQCGOoCGI8B2AEBwgIREC4YgAQYkQIY0QMYxwEYigXCAgUQLhiABMICCBAAGIAEGLEDwgILEAAYgAQYsQMYgwHCAgUQABiABMICBBAAGB7CAgYQABgNGB7CAggQABgKGA0YHsICCBAAGAgYDRgewgIGEAAYCBgewgIIEAAYgAQYogTCAgcQIRigARgKmAME8QU2TAsOYnnKrYgGAZAGELoGBAgBGBmSBxIxOS4xMS4xMS4zLjMuMC4xLjGgB61psgcRMS4xMS4xMS4zLjMuMC4xLjG4B9lIwgcHNi4zMi4xMcgHVoAIAA&sclient=mobile-gws-wiz-serp,0-pai/2的 正线 - Google Search
2026-08-03T03:39:34.097Z,https://www.google.com/search?q=%E9%94%90%E8%A7%92%E4%B8%89%E8%A7%92%E5%BD%A2+%E8%BE%B9%E9%95%BF%E4%BB%A3%E6%95%B0&sca_esv=70baf1c491eab9e7&hl=en-US&sxsrf=APpeQnt7Fa1MlnnDD5p8hoc9h82GxL4zqQ%3A1785728275343&ei=Ew1wavzFFOHR1e8P2OjW4Qg&biw=402&bih=674&oq=%E9%94%90%E8%A7%92%E4%B8%89%E8%A7%92%E5%BD%A2+%E8%BE%B9%E9%95%BF%E4%BB%A3%E6%95%B0&gs_lp=EhNtb2JpbGUtZ3dzLXdpei1zZXJwIhzplJDop5LkuInop5LlvaIg6L656ZW_5Luj5pWwMgQQABgeMgQQABgeMgUQIRigATIFECEYoAEyBRAAGO8FMgUQABjvBTIFEAAY7wUyBRAAGO8FSOU6ULEIWMk6cAh4AZABApgBhQagAes2qgENMS4wLjQuNi4xLjMuMrgBA8gBAPgBAZgCFqACiyrCAgoQABiwAxjWBBhHwgIXEC4YsAMYuAYY2AIYyAMY2gYY3AbYAQHCAggQABiABBiiBMICCBAAGKIEGIkFwgIHECEYoAEYCsICBhAAGA0YHpgDAIgGAZAGELoGBAgBGBmSBws5LjAuMy42LjIuMqAHvESyBwsxLjAuMy42LjIuMrgH8CnCBwgxLjE3LjMuMcgHMYAIAA&sclient=mobile-gws-wiz-serp#sbfbu=1&pi=%E9%94%90%E8%A7%92%E4%B8%89%E8%A7%92%E5%BD%A2%20%E8%BE%B9%E9%95%BF%E4%BB%A3%E6%95%B0,锐角三角形 边长代数 - Google Search
2026-08-03T03:38:27.505Z,https://www.google.com/search?q=%E9%94%90%E8%A7%92%E4%B8%89%E8%A7%92%E5%BD%A2+%E8%BE%B9%E9%95%BF%E4%BB%A3%E6%95%B0&sca_esv=70baf1c491eab9e7&hl=en-US&sxsrf=APpeQnt7Fa1MlnnDD5p8hoc9h82GxL4zqQ%3A1785728275343&ei=Ew1wavzFFOHR1e8P2OjW4Qg&biw=402&bih=674&oq=%E9%94%90%E8%A7%92%E4%B8%89%E8%A7%92%E5%BD%A2+%E8%BE%B9%E9%95%BF%E4%BB%A3%E6%95%B0&gs_lp=EhNtb2JpbGUtZ3dzLXdpei1zZXJwIhzplJDop5LkuInop5LlvaIg6L656ZW_5Luj5pWwMgQQABgeMgQQABgeMgUQIRigATIFECEYoAEyBRAAGO8FMgUQABjvBTIFEAAY7wUyBRAAGO8FSOU6ULEIWMk6cAh4AZABApgBhQagAes2qgENMS4wLjQuNi4xLjMuMrgBA8gBAPgBAZgCFqACiyrCAgoQABiwAxjWBBhHwgIXEC4YsAMYuAYY2AIYyAMY2gYY3AbYAQHCAggQABiABBiiBMICCBAAGKIEGIkFwgIHECEYoAEYCsICBhAAGA0YHpgDAIgGAZAGELoGBAgBGBmSBws5LjAuMy42LjIuMqAHvESyBwsxLjAuMy42LjIuMrgH8CnCBwgxLjE3LjMuMcgHMYAIAA&sclient=mobile-gws-wiz-serp,锐角三角形 边长代数 - Google Search
2026-08-03T03:38:18.814Z,https://www.google.com/search?q=%E9%94%90%E8%A7%92%E4%B8%89%E8%A7%92%E5%BD%A2&oq=%E9%94%90%E8%A7%92%E4%B8%89%E8%A7%92%E5%BD%A2&gs_lcrp=EghlZGdlX2lvcyoGCAAQRRg5MgYIABBFGDkyBwgBEOsHGEDSAQgyNjY5ajBqOagCALACAeIDBBgCIF8&hl=en-US&sourceid=chrome-mobile&source=chrome.ob&ie=UTF-8#sbfbu=1&pi=%E9%94%90%E8%A7%92%E4%B8%89%E8%A7%92%E5%BD%A2,锐角三角形 - Google Search
2026-08-03T03:38:06.833Z,https://www.google.com/search?q=%E9%94%90%E8%A7%92%E4%B8%89%E8%A7%92%E5%BD%A2&oq=%E9%94%90%E8%A7%92%E4%B8%89%E8%A7%92%E5%BD%A2&gs_lcrp=EghlZGdlX2lvcyoGCAAQRRg5MgYIABBFGDkyBwgBEOsHGEDSAQgyNjY5ajBqOagCALACAeIDBBgCIF8&hl=en-US&sourceid=chrome-mobile&source=chrome.ob&ie=UTF-8,锐角三角形 - Google Search
2026-08-03T03:37:55.535Z,https://www.google.com/search?q=%E9%94%90%E8%A7%92%E4%B8%89%E8%A7%92%E5%BD%A2&oq=%E9%94%90%E8%A7%92%E4%B8%89%E8%A7%92%E5%BD%A2&gs_lcrp=EghlZGdlX2lvcyoGCAAQRRg5MgYIABBFGDkyBwgBEOsHGEDSAQgyNjY5ajBqOagCALACAeIDBBgCIF8&hl=en-US&sourceid=chrome-mobile&source=chrome.ob&ie=UTF-8,锐角三角形 - Google Search
2026-08-03T03:37:48.771Z,https://www.google.com/search?q=russian+backward+R&sca_esv=70baf1c491eab9e7&hl=en-US&biw=402&bih=674&sxsrf=APpeQntCBx8xnea80DkSEGgAIyjTbdP90w%3A1785727861149&ei=dQtwasngCJyLvr0Pr4KtmQ0&oq=russian+backward+R&gs_lp=EhNtb2JpbGUtZ3dzLXdpei1zZXJwIhJydXNzaWFuIGJhY2t3YXJkIFIyBBAjGCcyBRAAGIAEMgUQABiABDIIEAAYFhgKGB4yCBAAGBYYChgeMgYQABgWGB4yBhAAGBYYHjIGEAAYFhgeSJAhULIJWIIgcAN4AZABApgBhwWgAc0QqgEFNC0yLjK4AQPIAQD4AQGYAgSgArcDwgIKEAAYsAMY1gQYR8ICFxAuGLADGLgGGNgCGMgDGNoGGNwG2AEBmAMAiAYBkAYOugYECAEYGZIHBTMuNC0xoAe2FLIHAzQtMbgHpwPCBwcwLjIuMS4xyAcUgAgA&sclient=mobile-gws-wiz-serp,russian backward R - Google Search
2026-08-03T03:31:24.588Z,https://www.google.com/search?q=russian+backward+R&sca_esv=70baf1c491eab9e7&hl=en-US&biw=402&bih=674&sxsrf=APpeQntCBx8xnea80DkSEGgAIyjTbdP90w%3A1785727861149&ei=dQtwasngCJyLvr0Pr4KtmQ0&oq=russian+backward+R&gs_lp=EhNtb2JpbGUtZ3dzLXdpei1zZXJwIhJydXNzaWFuIGJhY2t3YXJkIFIyBBAjGCcyBRAAGIAEMgUQABiABDIIEAAYFhgKGB4yCBAAGBYYChgeMgYQABgWGB4yBhAAGBYYHjIGEAAYFhgeSJAhULIJWIIgcAN4AZABApgBhwWgAc0QqgEFNC0yLjK4AQPIAQD4AQGYAgSgArcDwgIKEAAYsAMY1gQYR8ICFxAuGLADGLgGGNgCGMgDGNoGGNwG2AEBmAMAiAYBkAYOugYECAEYGZIHBTMuNC0xoAe2FLIHAzQtMbgHpwPCBwcwLjIuMS4xyAcUgAgA&sclient=mobile-gws-wiz-serp,russian backward R - Google Search
2026-08-03T03:31:18.720Z,https://www.google.com/search?q=russian+backward+gamma&sca_esv=70baf1c491eab9e7&hl=en-US&sxsrf=APpeQnvpnEyS-wYhwqXGWgcu71rx1rLuvw%3A1785727832768&ei=WAtwar20Ls2Svr0PtrOroAQ&biw=402&bih=674&oq=russian+backward+gamma&gs_lp=EhNtb2JpbGUtZ3dzLXdpei1zZXJwIhZydXNzaWFuIGJhY2t3YXJkIGdhbW1hMggQIRigARjDBDIIECEYoAEYwwRIgT1QshpYkjdwA3gBkAEBmAG2DaAB2SSqAQ8yLTIuMS4wLjIuMS4wLjG4AQPIAQD4AQGYAgSgAoAHwgIKEAAYsAMY1gQYR8ICFxAuGLADGLgGGNgCGMgDGNoGGNwG2AEBmAMAiAYBkAYOugYECAEYGZIHBTMuNi0xoAf4E7IHAzYtMbgH7QbCBwcwLjMuMC4xyAcSgAgA&sclient=mobile-gws-wiz-serp#sbfbu=1&pi=russian%20backward%20gamma,russian backward gamma - Google Search
2026-08-03T03:31:13.389Z,https://www.google.com/search?q=russian+backward+gamma&sca_esv=70baf1c491eab9e7&hl=en-US&sxsrf=APpeQnvpnEyS-wYhwqXGWgcu71rx1rLuvw%3A1785727832768&ei=WAtwar20Ls2Svr0PtrOroAQ&biw=402&bih=674&oq=russian+backward+gamma&gs_lp=EhNtb2JpbGUtZ3dzLXdpei1zZXJwIhZydXNzaWFuIGJhY2t3YXJkIGdhbW1hMggQIRigARjDBDIIECEYoAEYwwRIgT1QshpYkjdwA3gBkAEBmAG2DaAB2SSqAQ8yLTIuMS4wLjIuMS4wLjG4AQPIAQD4AQGYAgSgAoAHwgIKEAAYsAMY1gQYR8ICFxAuGLADGLgGGNgCGMgDGNoGGNwG2AEBmAMAiAYBkAYOugYECAEYGZIHBTMuNi0xoAf4E7IHAzYtMbgH7QbCBwcwLjMuMC4xyAcSgAgA&sclient=mobile-gws-wiz-serp#lfId=ChxjMe,russian backward gamma - Google Search
2026-08-03T03:31:01.857Z,https://www.google.com/search?q=russian+backward+gamma&sca_esv=70baf1c491eab9e7&hl=en-US&sxsrf=APpeQnvpnEyS-wYhwqXGWgcu71rx1rLuvw%3A1785727832768&ei=WAtwar20Ls2Svr0PtrOroAQ&biw=402&bih=674&oq=russian+backward+gamma&gs_lp=EhNtb2JpbGUtZ3dzLXdpei1zZXJwIhZydXNzaWFuIGJhY2t3YXJkIGdhbW1hMggQIRigARjDBDIIECEYoAEYwwRIgT1QshpYkjdwA3gBkAEBmAG2DaAB2SSqAQ8yLTIuMS4wLjIuMS4wLjG4AQPIAQD4AQGYAgSgAoAHwgIKEAAYsAMY1gQYR8ICFxAuGLADGLgGGNgCGMgDGNoGGNwG2AEBmAMAiAYBkAYOugYECAEYGZIHBTMuNi0xoAf4E7IHAzYtMbgH7QbCBwcwLjMuMC4xyAcSgAgA&sclient=mobile-gws-wiz-serp,russian backward gamma - Google Search
2026-08-03T03:30:52.900Z,https://www.google.com/search?q=russian+reverse+gamma&oq=russian+reverse+gamma&gs_lcrp=EghlZGdlX2lvcyoGCAAQRRg5MgYIABBFGDkyBwgBEOsHGEAyBwgCEAAYgAQyBwgDEAAYgAQyBwgEEAAYgAQyBwgFEAAYgATSAQg3NjU3ajFqN6gCALACAeIDBBgCIF8&hl=en-US&sourceid=chrome-mobile&source=chrome.ob&ie=UTF-8#sbfbu=1&pi=russian%20reverse%20gamma,russian reverse gamma - Google Search
2026-08-03T03:30:44.387Z,https://www.google.com/search?q=russian+reverse+gamma&oq=russian+reverse+gamma&gs_lcrp=EghlZGdlX2lvcyoGCAAQRRg5MgYIABBFGDkyBwgBEOsHGEAyBwgCEAAYgAQyBwgDEAAYgAQyBwgEEAAYgAQyBwgFEAAYgATSAQg3NjU3ajFqN6gCALACAeIDBBgCIF8&hl=en-US&sourceid=chrome-mobile&source=chrome.ob&ie=UTF-8#lfId=ChxjMe,russian reverse gamma - Google Search
2026-08-03T03:30:32.712Z,https://www.google.com/search?q=russian+reverse+gamma&oq=russian+reverse+gamma&gs_lcrp=EghlZGdlX2lvcyoGCAAQRRg5MgYIABBFGDkyBwgBEOsHGEAyBwgCEAAYgAQyBwgDEAAYgAQyBwgEEAAYgAQyBwgFEAAYgATSAQg3NjU3ajFqN6gCALACAeIDBBgCIF8&hl=en-US&sourceid=chrome-mobile&source=chrome.ob&ie=UTF-8,russian reverse gamma - Google Search
2026-08-03T03:15:17.421Z,https://www.qianxin.com/report/detail/rid/113,安全能力-第三方权威报告-中国网络安全软件技术发展路线图，2025
2026-08-03T03:12:59.518Z,https://www.qianxin.com/product/detail/pid/343,https://www.qianxin.com/product/detail/pid/343
2026-08-03T03:12:47.384Z,https://www.google.com/search?q=%E8%AE%A1%E7%AE%97%E6%9C%BA%E5%8F%96%E8%AF%81&oq=%E8%AE%A1%E7%AE%97%E6%9C%BA%E5%8F%96%E8%AF%81&gs_lcrp=EghlZGdlX2lvcyoGCAAQRRg5MgYIABBFGDkyBwgBEOsHGEAyBwgCEAAY7wUyBwgDEAAY7wUyBwgEEAAY7wUyBwgFEAAY7wXSAQg1MDA2ajBqN6gCALACAeIDBBgCIF8&hl=en-US&sourceid=chrome-mobile&source=chrome.ob&ie=UTF-8,计算机取证 - Google Search
2026-08-03T03:12:35.283Z,https://www.google.com/search?q=%E8%AE%A1%E7%AE%97%E6%9C%BA%E5%8F%96%E8%AF%81&oq=%E8%AE%A1%E7%AE%97%E6%9C%BA%E5%8F%96%E8%AF%81&gs_lcrp=EghlZGdlX2lvcyoGCAAQRRg5MgYIABBFGDkyBwgBEOsHGEAyBwgCEAAY7wUyBwgDEAAY7wUyBwgEEAAY7wUyBwgFEAAY7wXSAQg1MDA2ajBqN6gCALACAeIDBBgCIF8&hl=en-US&sourceid=chrome-mobile&source=chrome.ob&ie=UTF-8,计算机取证 - Google Search
2026-08-03T03:12:28.590Z,https://www.google.com/search?q=%E8%AE%A1%E7%AE%97%E6%9C%BA%E5%8F%96%E8%AF%81&oq=%E8%AE%A1%E7%AE%97%E6%9C%BA%E5%8F%96%E8%AF%81&gs_lcrp=EghlZGdlX2lvcyoGCAAQRRg5MgYIABBFGDkyBwgBEOsHGEAyBwgCEAAY7wUyBwgDEAAY7wUyBwgEEAAY7wUyBwgFEAAY7wXSAQg1MDA2ajBqN6gCALACAeIDBBgCIF8&hl=en-US&sourceid=chrome-mobile&source=chrome.ob&ie=UTF-8,计算机取证 - Google Search
2026-08-03T02:41:07.619Z,https://open.bilibili.com/doc/4/8673959e-f7bb-56e6-6e68-d225f971b81b#h3-oauth2-,哔哩哔哩开放平台
2026-08-03T02:40:08.306Z,https://member.bilibili.com/mock/arcopen/fn/live/room/info,https://member.bilibili.com/mock/arcopen/fn/live/room/info
2026-08-03T02:39:32.188Z,https://open.bilibili.com/doc/4/c381daac-4b6d-9ed3-3604-19a78d358eec#h2-u5176u4ED6u529Fu80FD,哔哩哔哩开放平台
2026-08-03T02:39:00.394Z,https://open.bilibili.com/doc/4/8673959e-f7bb-56e6-6e68-d225f971b81b,哔哩哔哩开放平台
2026-08-03T02:38:48.745Z,https://www.google.com/search?q=ln2%E7%9A%84%E7%B9%81%E5%88%86%E6%95%B0%E5%BD%A2%E5%BC%8F&sca_esv=591a2e662febfd56&hl=en-US&biw=402&bih=674&sxsrf=APpeQns2caa6w2f3CLrR_WQhHvQOIW-J1w%3A1785724685332&ei=Df9vatLwE6T51e8Plq_0kQ0&oq=ln2%E7%9A%84%E7%B9%81%E5%88%86%E6%95%B0%E5%BD%A2%E5%BC%8F&gs_lp=EhNtb2JpbGUtZ3dzLXdpei1zZXJwIhVsbjLnmoTnuYHliIbmlbDlvaLlvI8yCBAAGKIEGIkFMgUQABjvBTIFEAAY7wUyBRAAGO8FSO8pUJQfWI0pcAN4AZABAZgBtwSgAdcOqgEHMC4xLjUtM7gBA8gBAPgBAZgCBKACzAHCAgoQABiwAxjWBBhHwgIXEC4YsAMYuAYY2AIYyAMY2gYY3AbYAQGYAwCIBgGQBhC6BgQIARgZkgcDMy4xoAe6B7IHAzAuMbgHvAHCBwcwLjMuMC4xyAcPgAgA&sclient=mobile-gws-wiz-serp#lfId=ChxjMe,ln2的繁分数形式 - Google Search
2026-08-03T02:38:34.335Z,https://www.google.com/search?q=ln2%E7%9A%84%E7%B9%81%E5%88%86%E6%95%B0%E5%BD%A2%E5%BC%8F&sca_esv=591a2e662febfd56&hl=en-US&biw=402&bih=674&sxsrf=APpeQns2caa6w2f3CLrR_WQhHvQOIW-J1w%3A1785724685332&ei=Df9vatLwE6T51e8Plq_0kQ0&oq=ln2%E7%9A%84%E7%B9%81%E5%88%86%E6%95%B0%E5%BD%A2%E5%BC%8F&gs_lp=EhNtb2JpbGUtZ3dzLXdpei1zZXJwIhVsbjLnmoTnuYHliIbmlbDlvaLlvI8yCBAAGKIEGIkFMgUQABjvBTIFEAAY7wUyBRAAGO8FSO8pUJQfWI0pcAN4AZABAZgBtwSgAdcOqgEHMC4xLjUtM7gBA8gBAPgBAZgCBKACzAHCAgoQABiwAxjWBBhHwgIXEC4YsAMYuAYY2AIYyAMY2gYY3AbYAQGYAwCIBgGQBhC6BgQIARgZkgcDMy4xoAe6B7IHAzAuMbgHvAHCBwcwLjMuMC4xyAcPgAgA&sclient=mobile-gws-wiz-serp,ln2的繁分数形式 - Google Search
2026-08-03T02:38:28.510Z,https://www.google.com/search?q=e%E7%9A%84%E7%B9%81%E5%88%86%E6%95%B0%E5%BD%A2%E5%BC%8F&sca_esv=591a2e662febfd56&hl=en-US&biw=402&bih=674&sxsrf=APpeQns6D6mIlDOfNgguOChS6TMVJn8qgg%3A1785724596855&ei=tP5vatjeM67Q0-kPwa_EsQM&oq=e%E7%9A%84%E7%B9%81%E5%88%86%E6%95%B0%E5%BD%A2%E5%BC%8F&gs_lp=EhNtb2JpbGUtZ3dzLXdpei1zZXJwIhNl55qE57mB5YiG5pWw5b2i5byPMgoQABiwAxjWBBhHMgoQABiwAxjWBBhHMgoQABiwAxjWBBhHMgoQABiwAxjWBBhHMgoQABiwAxjWBBhHMgoQABiwAxjWBBhHMgoQABiwAxjWBBhHMgoQABiwAxjWBBhHMgoQABiwAxjWBBhHMgoQABiwAxjWBBhHMhcQLhiwAxi4BhjYAhjIAxjaBhjcBtgBATIXEC4YsAMYuAYY2AIYyAMY2gYY3AbYAQEyFxAuGLADGLgGGNgCGMgDGNoGGNwG2AEBMhcQLhiwAxi4BhjYAhjIAxjaBhjcBtgBATIXEC4YsAMYuAYY2AIYyAMY2gYY3AbYAQEyFxAuGLADGLgGGNgCGMgDGNoGGNwG2AEBSLclUJ8jWLYkcAJ4AZABAJgBAKABAKoBALgBA8gBAPgBAZgCAqACEZgDAIgGAZAGELoGBAgBGBmSBwEyoAcAsgcAuAcAwgcHMC4xLjAuMcgHDYAIAA&sclient=mobile-gws-wiz-serp#sbfbu=1&pi=e%E7%9A%84%E7%B9%81%E5%88%86%E6%95%B0%E5%BD%A2%E5%BC%8F,e的繁分数形式 - Google Search
2026-08-03T02:38:05.402Z,https://www.google.com/search?q=e%E7%9A%84%E7%B9%81%E5%88%86%E6%95%B0%E5%BD%A2%E5%BC%8F&sca_esv=591a2e662febfd56&hl=en-US&biw=402&bih=674&sxsrf=APpeQns6D6mIlDOfNgguOChS6TMVJn8qgg%3A1785724596855&ei=tP5vatjeM67Q0-kPwa_EsQM&oq=e%E7%9A%84%E7%B9%81%E5%88%86%E6%95%B0%E5%BD%A2%E5%BC%8F&gs_lp=EhNtb2JpbGUtZ3dzLXdpei1zZXJwIhNl55qE57mB5YiG5pWw5b2i5byPMgoQABiwAxjWBBhHMgoQABiwAxjWBBhHMgoQABiwAxjWBBhHMgoQABiwAxjWBBhHMgoQABiwAxjWBBhHMgoQABiwAxjWBBhHMgoQABiwAxjWBBhHMgoQABiwAxjWBBhHMgoQABiwAxjWBBhHMgoQABiwAxjWBBhHMhcQLhiwAxi4BhjYAhjIAxjaBhjcBtgBATIXEC4YsAMYuAYY2AIYyAMY2gYY3AbYAQEyFxAuGLADGLgGGNgCGMgDGNoGGNwG2AEBMhcQLhiwAxi4BhjYAhjIAxjaBhjcBtgBATIXEC4YsAMYuAYY2AIYyAMY2gYY3AbYAQEyFxAuGLADGLgGGNgCGMgDGNoGGNwG2AEBSLclUJ8jWLYkcAJ4AZABAJgBAKABAKoBALgBA8gBAPgBAZgCAqACEZgDAIgGAZAGELoGBAgBGBmSBwEyoAcAsgcAuAcAwgcHMC4xLjAuMcgHDYAIAA&sclient=mobile-gws-wiz-serp,e的繁分数形式 - Google Search
2026-08-03T02:38:00.155Z,https://www.google.com/search?q=pai%E7%9A%84%E7%B9%81%E5%88%86%E6%95%B0%E5%BD%A2%E5%BC%8F&sca_esv=591a2e662febfd56&hl=en-US&sxsrf=APpeQnsBW0xdNnjiFXCAzbWbj1aH5Tw4dw%3A1785724548873&ei=hP5vasm5NI-02roP-t_S4QE&biw=402&bih=674&oq=pai%E7%9A%84%E7%B9%81%E5%88%86%E6%95%B0%E5%BD%A2%E5%BC%8F&gs_lp=EhNtb2JpbGUtZ3dzLXdpei1zZXJwIhVwYWnnmoTnuYHliIbmlbDlvaLlvI8yBRAAGO8FMggQABiABBiiBDIIEAAYgAQYogQyBRAAGO8FSJgsUK4iWJUrcAN4AZABAJgBrQKgAYkGqgEFMi0yLjG4AQPIAQD4AQGYAgSgAsMCwgIKEAAYsAMY1gQYR8ICFxAuGLADGLgGGNgCGMgDGNoGGNwG2AEBmAMAiAYBkAYLugYECAEYGZIHBTMuMy0xoAeqBbIHAzMtMbgHsgLCBwcwLjIuMS4xyAcSgAgA&sclient=mobile-gws-wiz-serp#sbfbu=1&pi=pai%E7%9A%84%E7%B9%81%E5%88%86%E6%95%B0%E5%BD%A2%E5%BC%8F,pai的繁分数形式 - Google Search
2026-08-03T02:36:55.562Z,https://www.google.com/search?q=pai%E7%9A%84%E7%B9%81%E5%88%86%E6%95%B0%E5%BD%A2%E5%BC%8F&sca_esv=591a2e662febfd56&hl=en-US&sxsrf=APpeQnsBW0xdNnjiFXCAzbWbj1aH5Tw4dw%3A1785724548873&ei=hP5vasm5NI-02roP-t_S4QE&biw=402&bih=674&oq=pai%E7%9A%84%E7%B9%81%E5%88%86%E6%95%B0%E5%BD%A2%E5%BC%8F&gs_lp=EhNtb2JpbGUtZ3dzLXdpei1zZXJwIhVwYWnnmoTnuYHliIbmlbDlvaLlvI8yBRAAGO8FMggQABiABBiiBDIIEAAYgAQYogQyBRAAGO8FSJgsUK4iWJUrcAN4AZABAJgBrQKgAYkGqgEFMi0yLjG4AQPIAQD4AQGYAgSgAsMCwgIKEAAYsAMY1gQYR8ICFxAuGLADGLgGGNgCGMgDGNoGGNwG2AEBmAMAiAYBkAYLugYECAEYGZIHBTMuMy0xoAeqBbIHAzMtMbgHsgLCBwcwLjIuMS4xyAcSgAgA&sclient=mobile-gws-wiz-serp#lfId=ChxjMe,pai的繁分数形式 - Google Search
2026-08-03T02:36:37.057Z,https://www.google.com/search?q=pai%E7%9A%84%E7%B9%81%E5%88%86%E6%95%B0%E5%BD%A2%E5%BC%8F&sca_esv=591a2e662febfd56&hl=en-US&sxsrf=APpeQnsBW0xdNnjiFXCAzbWbj1aH5Tw4dw%3A1785724548873&ei=hP5vasm5NI-02roP-t_S4QE&biw=402&bih=674&oq=pai%E7%9A%84%E7%B9%81%E5%88%86%E6%95%B0%E5%BD%A2%E5%BC%8F&gs_lp=EhNtb2JpbGUtZ3dzLXdpei1zZXJwIhVwYWnnmoTnuYHliIbmlbDlvaLlvI8yBRAAGO8FMggQABiABBiiBDIIEAAYgAQYogQyBRAAGO8FSJgsUK4iWJUrcAN4AZABAJgBrQKgAYkGqgEFMi0yLjG4AQPIAQD4AQGYAgSgAsMCwgIKEAAYsAMY1gQYR8ICFxAuGLADGLgGGNgCGMgDGNoGGNwG2AEBmAMAiAYBkAYLugYECAEYGZIHBTMuMy0xoAeqBbIHAzMtMbgHsgLCBwcwLjIuMS4xyAcSgAgA&sclient=mobile-gws-wiz-serp,pai的繁分数形式 - Google Search
2026-08-03T02:36:30.057Z,https://www.google.com/search?q=sinx%E7%9A%84%E7%B9%81%E5%88%86%E6%95%B0%E5%BD%A2%E5%BC%8F&oq=sinx%E7%9A%84%E7%B9%81%E5%88%86%E6%95%B0%E5%BD%A2%E5%BC%8F&gs_lcrp=EghlZGdlX2lvcyoGCAAQRRg5MgYIABBFGDkyBwgBEOsHGEAyBwgCEAAY7wUyBwgDEAAY7wUyBwgEEAAY7wUyBwgFEAAY7wXSAQkxMzczNGoxajeoAgCwAgHiAwQYAiBf&hl=en-US&sourceid=chrome-mobile&source=chrome.ob&ie=UTF-8#sbfbu=1&pi=sinx%E7%9A%84%E7%B9%81%E5%88%86%E6%95%B0%E5%BD%A2%E5%BC%8F,sinx的繁分数形式 - Google Search
2026-08-03T02:36:01.912Z,https://www.google.com/search?q=sinx%E7%9A%84%E7%B9%81%E5%88%86%E6%95%B0%E5%BD%A2%E5%BC%8F&oq=sinx%E7%9A%84%E7%B9%81%E5%88%86%E6%95%B0%E5%BD%A2%E5%BC%8F&gs_lcrp=EghlZGdlX2lvcyoGCAAQRRg5MgYIABBFGDkyBwgBEOsHGEAyBwgCEAAY7wUyBwgDEAAY7wUyBwgEEAAY7wUyBwgFEAAY7wXSAQkxMzczNGoxajeoAgCwAgHiAwQYAiBf&hl=en-US&sourceid=chrome-mobile&source=chrome.ob&ie=UTF-8#lfId=ChxjMe,sinx的繁分数形式 - Google Search
2026-08-03T02:35:48.807Z,https://www.google.com/search?q=sinx%E7%9A%84%E7%B9%81%E5%88%86%E6%95%B0%E5%BD%A2%E5%BC%8F&oq=sinx%E7%9A%84%E7%B9%81%E5%88%86%E6%95%B0%E5%BD%A2%E5%BC%8F&gs_lcrp=EghlZGdlX2lvcyoGCAAQRRg5MgYIABBFGDkyBwgBEOsHGEAyBwgCEAAY7wUyBwgDEAAY7wUyBwgEEAAY7wUyBwgFEAAY7wXSAQkxMzczNGoxajeoAgCwAgHiAwQYAiBf&hl=en-US&sourceid=chrome-mobile&source=chrome.ob&ie=UTF-8,sinx的繁分数形式 - Google Search
2026-08-03T02:28:33.053Z,https://www.google.com/search?q=numbers+in+russian+1-100&sca_esv=c76ec80322be5402&hl=en-US&sxsrf=APpeQnswZMNarjX_uA1ElLUpZMBBqVSlOQ%3A1785722731792&ei=a_dvav30L6Xe2roPuqPoEA&biw=402&bih=674&oq=123456789+in+russian&gs_lp=EhNtb2JpbGUtZ3dzLXdpei1zZXJwIhQxMjM0NTY3ODkgaW4gcnVzc2lhbioCCAAyChAAGLADGNYEGEcyChAAGLADGNYEGEcyChAAGLADGNYEGEcyChAAGLADGNYEGEcyChAAGLADGNYEGEcyChAAGLADGNYEGEcyChAAGLADGNYEGEcyChAAGLADGNYEGEcyFxAuGLADGLgGGNgCGMgDGNoGGNwG2AEBMhcQLhiwAxi4BhjYAhjIAxjaBhjcBtgBAUjmFFAAWABwAngBkAEAmAEAoAEAqgEAuAEByAEAmAICoAISmAMAiAYBkAYKugYECAEYGZIHATKgBwCyBwC4BwDCBwcwLjEuMC4xyAcPgAgA&sclient=mobile-gws-wiz-serp#sv=CAMScRoyKhBlLV9LcVdMbElsZVZkQTlNMg5fS3FXTGxJbGVWZEE5TToOaFdxMFZpbk1LNzh5VE0gBCoxChtfd2Z4dmFveURCLTN1MnJvUGlZU3pnQTBfMzcSEGUtX0txV0xsSWxlVmRBOU0YADABSgQIARACGAcgstCuxgdKCBACGAEgAigB,numbers in russian 1-100 - Google Search
2026-08-03T02:28:26.770Z,https://www.google.com/search?q=numbers+in+russian+1-100&sca_esv=c76ec80322be5402&hl=en-US&sxsrf=APpeQnswZMNarjX_uA1ElLUpZMBBqVSlOQ%3A1785722731792&ei=a_dvav30L6Xe2roPuqPoEA&biw=402&bih=674&oq=123456789+in+russian&gs_lp=EhNtb2JpbGUtZ3dzLXdpei1zZXJwIhQxMjM0NTY3ODkgaW4gcnVzc2lhbioCCAAyChAAGLADGNYEGEcyChAAGLADGNYEGEcyChAAGLADGNYEGEcyChAAGLADGNYEGEcyChAAGLADGNYEGEcyChAAGLADGNYEGEcyChAAGLADGNYEGEcyChAAGLADGNYEGEcyFxAuGLADGLgGGNgCGMgDGNoGGNwG2AEBMhcQLhiwAxi4BhjYAhjIAxjaBhjcBtgBAUjmFFAAWABwAngBkAEAmAEAoAEAqgEAuAEByAEAmAICoAISmAMAiAYBkAYKugYECAEYGZIHATKgBwCyBwC4BwDCBwcwLjEuMC4xyAcPgAgA&sclient=mobile-gws-wiz-serp#sv=CAMScRoyKhBlLVQ0akJLX2xzcWUzZklNMg5UNGpCS19sc3FlM2ZJTToOaFRPSjVIdGtnVXYzLU0gBCoxChtfd2Z4dmFveURCLTN1MnJvUGlZU3pnQTBfMzcSEGUtVDRqQktfbHNxZTNmSU0YADABSgQIARACGAcg1YibvQ5KCBACGAEgAigB,numbers in russian 1-100 - Google Search
2026-08-03T02:28:18.394Z,https://www.google.com/search?q=numbers+in+russian+1-100&sca_esv=c76ec80322be5402&hl=en-US&sxsrf=APpeQnswZMNarjX_uA1ElLUpZMBBqVSlOQ%3A1785722731792&ei=a_dvav30L6Xe2roPuqPoEA&biw=402&bih=674&oq=123456789+in+russian&gs_lp=EhNtb2JpbGUtZ3dzLXdpei1zZXJwIhQxMjM0NTY3ODkgaW4gcnVzc2lhbioCCAAyChAAGLADGNYEGEcyChAAGLADGNYEGEcyChAAGLADGNYEGEcyChAAGLADGNYEGEcyChAAGLADGNYEGEcyChAAGLADGNYEGEcyChAAGLADGNYEGEcyChAAGLADGNYEGEcyFxAuGLADGLgGGNgCGMgDGNoGGNwG2AEBMhcQLhiwAxi4BhjYAhjIAxjaBhjcBtgBAUjmFFAAWABwAngBkAEAmAEAoAEAqgEAuAEByAEAmAICoAISmAMAiAYBkAYKugYECAEYGZIHATKgBwCyBwC4BwDCBwcwLjEuMC4xyAcPgAgA&sclient=mobile-gws-wiz-serp#sv=CAMScRoyKhBlLV9LcVdMbElsZVZkQTlNMg5fS3FXTGxJbGVWZEE5TToOaFdxMFZpbk1LNzh5VE0gBCoxChtfaF9kdmFval9NYTdjMnJvUHg0V284QU1fNDESEGUtX0txV0xsSWxlVmRBOU0YADABSgQIARACGAcg-aGKuwQ6AEoIEAIYASACKAE,numbers in russian 1-100 - Google Search
2026-08-03T02:28:17.083Z,https://www.google.com/search?q=numbers+in+russian+1-100&sca_esv=c76ec80322be5402&hl=en-US&sxsrf=APpeQnswZMNarjX_uA1ElLUpZMBBqVSlOQ%3A1785722731792&ei=a_dvav30L6Xe2roPuqPoEA&biw=402&bih=674&oq=123456789+in+russian&gs_lp=EhNtb2JpbGUtZ3dzLXdpei1zZXJwIhQxMjM0NTY3ODkgaW4gcnVzc2lhbioCCAAyChAAGLADGNYEGEcyChAAGLADGNYEGEcyChAAGLADGNYEGEcyChAAGLADGNYEGEcyChAAGLADGNYEGEcyChAAGLADGNYEGEcyChAAGLADGNYEGEcyChAAGLADGNYEGEcyFxAuGLADGLgGGNgCGMgDGNoGGNwG2AEBMhcQLhiwAxi4BhjYAhjIAxjaBhjcBtgBAUjmFFAAWABwAngBkAEAmAEAoAEAqgEAuAEByAEAmAICoAISmAMAiAYBkAYKugYECAEYGZIHATKgBwCyBwC4BwDCBwcwLjEuMC4xyAcPgAgA&sclient=mobile-gws-wiz-serp,numbers in russian 1-100 - Google Search
2026-08-03T02:28:06.050Z,https://www.google.com/search?q=old+English+of+web&sca_esv=591a2e662febfd56&hl=en-US&sxsrf=APpeQnt9QDajtNCTt_73hrjAymxOarVZmg%3A1785724045657&ei=jfxvaq_JJ73b2roPl-zBqAo&biw=402&bih=674&oq=old+English+of+web&gs_lp=EhNtb2JpbGUtZ3dzLXdpei1zZXJwIhJvbGQgRW5nbGlzaCBvZiB3ZWIyBRAAGIAEMgUQABiABDIFEAAYgAQyBRAAGIAEMgUQABiABDIFEAAYgAQyBRAAGIAEMgUQABiABEiETlD2IVj7THAHeAGQAQOYAdIGoAGjIKoBCzIuMy0xLjEuMC40uAEDyAEA-AEBmAIMoAKQFqgCKMICChAAGLADGNYEGEfCAhcQLhiwAxi4BhjYAhjIAxjaBhjcBtgBAcICBxAjGCcY6gLCAg0QIxjwBRgnGMkCGOoCwgIQEAAYAxi0AhjqAhiPAdgBAcICEBAuGAMYtAIY6gIYjwHYAQHCAgoQABiABBhDGIoFwgIFEC4YgASYAwjxBV5_UlaxS5faiAYBkAYOugYECAEYGZIHCzguMy0xLjAuMS4yoAeNKrIHCzEuMy0xLjAuMS4yuAfpFcIHBzAuNS42LjHIBy6ACAA&sclient=mobile-gws-wiz-serp#lfId=ChxjMe,old English of web - Google Search
2026-08-03T02:27:58.153Z,https://www.google.com/search?q=old+English+of+web&sca_esv=591a2e662febfd56&hl=en-US&sxsrf=APpeQnt9QDajtNCTt_73hrjAymxOarVZmg%3A1785724045657&ei=jfxvaq_JJ73b2roPl-zBqAo&biw=402&bih=674&oq=old+English+of+web&gs_lp=EhNtb2JpbGUtZ3dzLXdpei1zZXJwIhJvbGQgRW5nbGlzaCBvZiB3ZWIyBRAAGIAEMgUQABiABDIFEAAYgAQyBRAAGIAEMgUQABiABDIFEAAYgAQyBRAAGIAEMgUQABiABEiETlD2IVj7THAHeAGQAQOYAdIGoAGjIKoBCzIuMy0xLjEuMC40uAEDyAEA-AEBmAIMoAKQFqgCKMICChAAGLADGNYEGEfCAhcQLhiwAxi4BhjYAhjIAxjaBhjcBtgBAcICBxAjGCcY6gLCAg0QIxjwBRgnGMkCGOoCwgIQEAAYAxi0AhjqAhiPAdgBAcICEBAuGAMYtAIY6gIYjwHYAQHCAgoQABiABBhDGIoFwgIFEC4YgASYAwjxBV5_UlaxS5faiAYBkAYOugYECAEYGZIHCzguMy0xLjAuMS4yoAeNKrIHCzEuMy0xLjAuMS4yuAfpFcIHBzAuNS42LjHIBy6ACAA&sclient=mobile-gws-wiz-serp,old English of web - Google Search
2026-08-03T02:27:47.331Z,https://www.google.com/search?q=the+compete+original+word+of+%E2%80%9Cweb%E2%80%9C&oq=the+compete+original+word+of+%E2%80%9Cweb%E2%80%9C&gs_lcrp=EghlZGdlX2lvcyoGCAAQRRg5MgYIABBFGDkyBwgBEOsHGEDSAQkxNzA4MmowajeoAgCwAgHiAwQYAiBf&hl=en-US&sourceid=chrome-mobile&source=chrome.ob&ie=UTF-8#sbfbu=1&pi=the%20compete%20original%20word%20of%20%E2%80%9Cweb%E2%80%9C,the compete original word of “web“ - Google Search
2026-08-03T02:27:25.625Z,https://www.google.com/search?q=the+compete+original+word+of+%E2%80%9Cweb%E2%80%9C&oq=the+compete+original+word+of+%E2%80%9Cweb%E2%80%9C&gs_lcrp=EghlZGdlX2lvcyoGCAAQRRg5MgYIABBFGDkyBwgBEOsHGEDSAQkxNzA4MmowajeoAgCwAgHiAwQYAiBf&hl=en-US&sourceid=chrome-mobile&source=chrome.ob&ie=UTF-8,the compete original word of “web“ - Google Search
2026-08-03T02:26:17.566Z,https://open.bilibili.com/doc/4/aac73b2e-4ff2-b75c-4c96-35ced865797b#h5--,哔哩哔哩开放平台
2026-08-03T02:25:16.653Z,https://open.bilibili.com/doc/4/758446c7-2aee-008a-295f-51ba3445c95a,哔哩哔哩开放平台
2026-08-03T02:25:08.666Z,https://open.bilibili.com/doc,哔哩哔哩开放平台
2026-08-03T02:25:05.851Z,https://open-live.bilibili.com/,哔哩哔哩直播开放平台
2026-08-03T02:24:53.839Z,https://open.bilibili.com/,哔哩哔哩开放平台
2026-08-03T02:24:50.493Z,https://play-live.bilibili.com/?type=1,幻星-互动玩法
2026-08-03T02:24:42.999Z,https://play-live.bilibili.com/home?type=2,幻星-互动玩法
2026-08-03T02:24:27.381Z,https://play-live.bilibili.com/,幻星-互动玩法
2026-08-03T02:24:22.061Z,https://open-live.bilibili.com/,哔哩哔哩直播开放平台
2026-08-03T02:19:45.200Z,https://www.notesity.hk/pages/blog-youtube-premium-vpn,https://www.notesity.hk/pages/blog-youtube-premium-vpn
2026-08-03T02:19:30.334Z,https://www.google.com/search?q=%E5%9B%BD%E5%86%85App+Store+%E4%B8%8D%E6%94%AF%E6%8C%81+YouTube+premium&oq=%E5%9B%BD%E5%86%85App+Store+%E4%B8%8D%E6%94%AF%E6%8C%81+YouTube+premium&gs_lcrp=EghlZGdlX2lvcyoGCAAQRRg5MgYIABBFGDkyBwgBEOsHGEAyBwgCEAAY7wUyBwgDEAAY7wUyBwgEEAAY7wUyBwgFEAAY7wXSAQkxNDEyNmowajeoAgCwAgHiAwQYAiBf&hl=en-US&sourceid=chrome-mobile&source=chrome.ob&ie=UTF-8#lfId=ChxjMe,国内App Store 不支持 YouTube premium - Google Search
2026-08-03T02:19:19.353Z,https://www.google.com/search?q=%E5%9B%BD%E5%86%85App+Store+%E4%B8%8D%E6%94%AF%E6%8C%81+YouTube+premium&oq=%E5%9B%BD%E5%86%85App+Store+%E4%B8%8D%E6%94%AF%E6%8C%81+YouTube+premium&gs_lcrp=EghlZGdlX2lvcyoGCAAQRRg5MgYIABBFGDkyBwgBEOsHGEAyBwgCEAAY7wUyBwgDEAAY7wUyBwgEEAAY7wUyBwgFEAAY7wXSAQkxNDEyNmowajeoAgCwAgHiAwQYAiBf&hl=en-US&sourceid=chrome-mobile&source=chrome.ob&ie=UTF-8,国内App Store 不支持 YouTube premium - Google Search
2026-08-03T02:16:27.168Z,https://open.bilibili.com/company-core,哔哩哔哩开放平台
2026-08-03T02:16:10.898Z,https://open-live.bilibili.com/,哔哩哔哩直播开放平台
2026-08-03T02:16:09.488Z,https://open.bilibili.com/doc,哔哩哔哩开放平台
2026-08-03T02:16:03.519Z,https://openhome.bilibili.com/agreement/developer-service,哔哩哔哩开放平台
2026-08-03T02:15:25.752Z,https://openhome.bilibili.com/,哔哩哔哩开放平台
2026-08-03T02:14:52.970Z,https://passport.bilibili.com/h5-app/passport/login?gourl=https%3A%2F%2Fopenhome.bilibili.com%2F,Account security
2026-08-03T02:14:52.699Z,https://passport.bilibili.com/login?gourl=https%3A%2F%2Fopenhome.bilibili.com%2F,Account security
2026-08-03T02:14:52.586Z,https://openhome.bilibili.com/,哔哩哔哩开放平台
2026-08-03T02:14:52.568Z,https://openhome.bilibili.com/company/add,哔哩哔哩开放平台
2026-08-03T02:14:39.679Z,https://openhome.bilibili.com/,哔哩哔哩开放平台
2026-08-03T02:14:30.580Z,https://www.google.com/search?q=%E5%93%94%E5%93%A9%E5%93%94%E5%93%A9+%E5%BC%80%E5%8F%91%E8%80%85%E7%A4%BE%E5%8C%BA&oq=%E5%93%94%E5%93%A9%E5%93%94%E5%93%A9+%E5%BC%80%E5%8F%91%E8%80%85%E7%A4%BE%E5%8C%BA&gs_lcrp=EghlZGdlX2lvcyoGCAAQRRg5MgYIABBFGDkyBwgBEOsHGEAyBwgCEAAY7wUyBwgDEAAY7wUyBwgEEAAY7wUyBwgFEAAY7wXSAQg1NjA4ajBqN6gCALACAeIDBBgCIF8&hl=en-US&sourceid=chrome-mobile&source=chrome.ob&ie=UTF-8,哔哩哔哩 开发者社区 - Google Search
2026-08-03T02:11:11.237Z,https://www.google.com/search?q=%E6%B5%81%E5%AA%92%E4%BD%93%E5%8A%A0%E5%AF%86%E5%92%8C%E8%A7%A3%E5%AF%86&sca_esv=c76ec80322be5402&hl=en-US&biw=402&bih=674&sxsrf=APpeQnvw0WYAbtTkRAEb1N8LFsF33gKQ0Q%3A1785723001063&ei=efhvatrCA5qP2roPwqGO4Qs&oq=%E6%B5%81%E5%AA%92%E4%BD%93%E5%8A%A0%E5%AF%86%E5%92%8C%E8%A7%A3%E5%AF%86&gs_lp=EhNtb2JpbGUtZ3dzLXdpei1zZXJwIhjmtYHlqpLkvZPliqDlr4blkozop6Plr4YyBRAhGKABMgUQIRigATIFECEYoAEyBRAhGKABMgUQIRigATIFEAAY7wUyBRAAGO8FMgUQABjvBUjViAFQjxlYkIgBcAl4AZABBJgBug2gAa89qgENMy0xLjEuMi4yLjIuMbgBA8gBAPgBAZgCDaAC5hSoAijCAgoQABiwAxjWBBhHwgIHECMYJxjqAsICDRAjGPAFGCcYyQIY6gLCAhAQLhgDGLQCGOoCGI8B2AEBwgIQEAAYAxi0AhjqAhiPAdgBAcICBBAjGCfCAgsQLhiABBiRAhiKBcICCxAAGIAEGJECGIoFwgILEC4YgAQYsQMYgwHCAggQABiABBixA8ICERAuGIAEGLEDGNEDGIMBGMcBmAME8QXJnNukodRL04gGAZAGCroGBAgBGAqSBws5LjMtMS4wLjIuMaAH8ziyBwkzLTEuMC4yLjG4B6YUwgcHMC40LjUuNMgHRoAIAA&sclient=mobile-gws-wiz-serp#lfId=ChxjMe,流媒体加密和解密 - Google Search
2026-08-03T02:10:57.240Z,https://www.google.com/search?q=%E6%B5%81%E5%AA%92%E4%BD%93%E5%8A%A0%E5%AF%86%E5%92%8C%E8%A7%A3%E5%AF%86&sca_esv=c76ec80322be5402&hl=en-US&biw=402&bih=674&sxsrf=APpeQnvw0WYAbtTkRAEb1N8LFsF33gKQ0Q%3A1785723001063&ei=efhvatrCA5qP2roPwqGO4Qs&oq=%E6%B5%81%E5%AA%92%E4%BD%93%E5%8A%A0%E5%AF%86%E5%92%8C%E8%A7%A3%E5%AF%86&gs_lp=EhNtb2JpbGUtZ3dzLXdpei1zZXJwIhjmtYHlqpLkvZPliqDlr4blkozop6Plr4YyBRAhGKABMgUQIRigATIFECEYoAEyBRAhGKABMgUQIRigATIFEAAY7wUyBRAAGO8FMgUQABjvBUjViAFQjxlYkIgBcAl4AZABBJgBug2gAa89qgENMy0xLjEuMi4yLjIuMbgBA8gBAPgBAZgCDaAC5hSoAijCAgoQABiwAxjWBBhHwgIHECMYJxjqAsICDRAjGPAFGCcYyQIY6gLCAhAQLhgDGLQCGOoCGI8B2AEBwgIQEAAYAxi0AhjqAhiPAdgBAcICBBAjGCfCAgsQLhiABBiRAhiKBcICCxAAGIAEGJECGIoFwgILEC4YgAQYsQMYgwHCAggQABiABBixA8ICERAuGIAEGLEDGNEDGIMBGMcBmAME8QXJnNukodRL04gGAZAGCroGBAgBGAqSBws5LjMtMS4wLjIuMaAH8ziyBwkzLTEuMC4yLjG4B6YUwgcHMC40LjUuNMgHRoAIAA&sclient=mobile-gws-wiz-serp,流媒体加密和解密 - Google Search
2026-08-03T02:10:31.648Z,https://www.google.com/search?q=%E6%95%B0%E5%AD%97%E5%AA%92%E4%BD%93%E7%A0%B4%E8%A7%A3&sca_esv=c76ec80322be5402&hl=en-US&sxsrf=APpeQnv8lP7RwVuv2iOjojLL9N8h6Achnw%3A1785722963272&ei=U_hvapuUEKKOrfcPydXhoAc&biw=402&bih=674&oq=%E6%95%B0%E5%AD%97%E5%AA%92%E4%BD%93%E7%A0%B4%E8%A7%A3&gs_lp=EhNtb2JpbGUtZ3dzLXdpei1zZXJwIhLmlbDlrZflqpLkvZPnoLTop6MyBRAAGO8FMgUQABjvBTIFEAAY7wUyBRAAGO8FSLNcUPIIWJJacAR4AZABBZgBjAWgAaYnqgELMS4wLjMuNC4zLjO4AQPIAQD4AQGYAgygAtkTwgIKEAAYsAMY1gQYR8ICFxAuGLADGLgGGNgCGMgDGNoGGNwG2AEBwgIEECMYJ8ICBBAAGB7CAgYQABgFGB7CAgUQIRigAcICBxAhGKABGAqYAwCIBgGQBg66BgQIARgZkgcLNS4wLjMuMi4xLjGgB8orsgcLMS4wLjMuMi4xLjG4B8YTwgcHMC42LjUuMcgHJ4AIAA&sclient=mobile-gws-wiz-serp#sbfbu=1&pi=%E6%95%B0%E5%AD%97%E5%AA%92%E4%BD%93%E7%A0%B4%E8%A7%A3,数字媒体破解 - Google Search
2026-08-03T02:10:10.881Z,https://www.google.com/search?q=%E6%95%B0%E5%AD%97%E5%AA%92%E4%BD%93%E7%A0%B4%E8%A7%A3&sca_esv=c76ec80322be5402&hl=en-US&sxsrf=APpeQnv8lP7RwVuv2iOjojLL9N8h6Achnw%3A1785722963272&ei=U_hvapuUEKKOrfcPydXhoAc&biw=402&bih=674&oq=%E6%95%B0%E5%AD%97%E5%AA%92%E4%BD%93%E7%A0%B4%E8%A7%A3&gs_lp=EhNtb2JpbGUtZ3dzLXdpei1zZXJwIhLmlbDlrZflqpLkvZPnoLTop6MyBRAAGO8FMgUQABjvBTIFEAAY7wUyBRAAGO8FSLNcUPIIWJJacAR4AZABBZgBjAWgAaYnqgELMS4wLjMuNC4zLjO4AQPIAQD4AQGYAgygAtkTwgIKEAAYsAMY1gQYR8ICFxAuGLADGLgGGNgCGMgDGNoGGNwG2AEBwgIEECMYJ8ICBBAAGB7CAgYQABgFGB7CAgUQIRigAcICBxAhGKABGAqYAwCIBgGQBg66BgQIARgZkgcLNS4wLjMuMi4xLjGgB8orsgcLMS4wLjMuMi4xLjG4B8YTwgcHMC42LjUuMcgHJ4AIAA&sclient=mobile-gws-wiz-serp#lfId=ChxjMe,数字媒体破解 - Google Search
2026-08-03T02:10:01.104Z,https://www.google.com/search?q=%E6%95%B0%E5%AD%97%E5%AA%92%E4%BD%93%E7%A0%B4%E8%A7%A3&sca_esv=c76ec80322be5402&hl=en-US&sxsrf=APpeQnv8lP7RwVuv2iOjojLL9N8h6Achnw%3A1785722963272&ei=U_hvapuUEKKOrfcPydXhoAc&biw=402&bih=674&oq=%E6%95%B0%E5%AD%97%E5%AA%92%E4%BD%93%E7%A0%B4%E8%A7%A3&gs_lp=EhNtb2JpbGUtZ3dzLXdpei1zZXJwIhLmlbDlrZflqpLkvZPnoLTop6MyBRAAGO8FMgUQABjvBTIFEAAY7wUyBRAAGO8FSLNcUPIIWJJacAR4AZABBZgBjAWgAaYnqgELMS4wLjMuNC4zLjO4AQPIAQD4AQGYAgygAtkTwgIKEAAYsAMY1gQYR8ICFxAuGLADGLgGGNgCGMgDGNoGGNwG2AEBwgIEECMYJ8ICBBAAGB7CAgYQABgFGB7CAgUQIRigAcICBxAhGKABGAqYAwCIBgGQBg66BgQIARgZkgcLNS4wLjMuMi4xLjGgB8orsgcLMS4wLjMuMi4xLjG4B8YTwgcHMC42LjUuMcgHJ4AIAA&sclient=mobile-gws-wiz-serp,数字媒体破解 - Google Search
2026-08-03T02:09:46.472Z,https://www.google.com/search?q=%E6%95%B0%E5%AD%97%E5%AA%92%E4%BD%93%E5%AE%89%E5%85%A8&oq=%E6%95%B0%E5%AD%97%E5%AA%92%E4%BD%93%E5%AE%89%E5%85%A8&gs_lcrp=EghlZGdlX2lvcyoGCAAQRRg5MgYIABBFGDkyBwgBEOsHGEAyBwgCEAAY7wUyBwgDEAAY7wUyBwgEEAAY7wUyBwgFEAAY7wXSAQkxMzI1OWoxajeoAgCwAgHiAwQYAiBf&hl=en-US&sourceid=chrome-mobile&source=chrome.ob&ie=UTF-8#sbfbu=1&pi=%E6%95%B0%E5%AD%97%E5%AA%92%E4%BD%93%E5%AE%89%E5%85%A8,数字媒体安全 - Google Search
2026-08-03T02:09:35.399Z,https://www.google.com/search?q=%E6%95%B0%E5%AD%97%E5%AA%92%E4%BD%93%E5%AE%89%E5%85%A8&oq=%E6%95%B0%E5%AD%97%E5%AA%92%E4%BD%93%E5%AE%89%E5%85%A8&gs_lcrp=EghlZGdlX2lvcyoGCAAQRRg5MgYIABBFGDkyBwgBEOsHGEAyBwgCEAAY7wUyBwgDEAAY7wUyBwgEEAAY7wUyBwgFEAAY7wXSAQkxMzI1OWoxajeoAgCwAgHiAwQYAiBf&hl=en-US&sourceid=chrome-mobile&source=chrome.ob&ie=UTF-8#lfId=ChxjMe,数字媒体安全 - Google Search
2026-08-03T02:09:23.264Z,https://www.google.com/search?q=%E6%95%B0%E5%AD%97%E5%AA%92%E4%BD%93%E5%AE%89%E5%85%A8&oq=%E6%95%B0%E5%AD%97%E5%AA%92%E4%BD%93%E5%AE%89%E5%85%A8&gs_lcrp=EghlZGdlX2lvcyoGCAAQRRg5MgYIABBFGDkyBwgBEOsHGEAyBwgCEAAY7wUyBwgDEAAY7wUyBwgEEAAY7wUyBwgFEAAY7wXSAQkxMzI1OWoxajeoAgCwAgHiAwQYAiBf&hl=en-US&sourceid=chrome-mobile&source=chrome.ob&ie=UTF-8,数字媒体安全 - Google Search
2026-08-03T02:06:03.915Z,https://www.google.com/search?q=numbers+in+russian+1-100&sca_esv=c76ec80322be5402&hl=en-US&sxsrf=APpeQnswZMNarjX_uA1ElLUpZMBBqVSlOQ%3A1785722731792&ei=a_dvav30L6Xe2roPuqPoEA&biw=402&bih=674&oq=123456789+in+russian&gs_lp=EhNtb2JpbGUtZ3dzLXdpei1zZXJwIhQxMjM0NTY3ODkgaW4gcnVzc2lhbioCCAAyChAAGLADGNYEGEcyChAAGLADGNYEGEcyChAAGLADGNYEGEcyChAAGLADGNYEGEcyChAAGLADGNYEGEcyChAAGLADGNYEGEcyChAAGLADGNYEGEcyChAAGLADGNYEGEcyFxAuGLADGLgGGNgCGMgDGNoGGNwG2AEBMhcQLhiwAxi4BhjYAhjIAxjaBhjcBtgBAUjmFFAAWABwAngBkAEAmAEAoAEAqgEAuAEByAEAmAICoAISmAMAiAYBkAYKugYECAEYGZIHATKgBwCyBwC4BwDCBwcwLjEuMC4xyAcPgAgA&sclient=mobile-gws-wiz-serp#sv=CAMScRoyKhBlLV9LcVdMbElsZVZkQTlNMg5fS3FXTGxJbGVWZEE5TToOaFdxMFZpbk1LNzh5VE0gBCoxChtfaF9kdmFval9NYTdjMnJvUHg0V284QU1fNDESEGUtX0txV0xsSWxlVmRBOU0YADABSgQIARACGAcgs8qR9gRKCBACGAEgAigB,numbers in russian 1-100 - Google Search
2026-08-03T02:05:59.859Z,https://www.google.com/search?q=numbers+in+russian+1-100&sca_esv=c76ec80322be5402&hl=en-US&sxsrf=APpeQnswZMNarjX_uA1ElLUpZMBBqVSlOQ%3A1785722731792&ei=a_dvav30L6Xe2roPuqPoEA&biw=402&bih=674&oq=123456789+in+russian&gs_lp=EhNtb2JpbGUtZ3dzLXdpei1zZXJwIhQxMjM0NTY3ODkgaW4gcnVzc2lhbioCCAAyChAAGLADGNYEGEcyChAAGLADGNYEGEcyChAAGLADGNYEGEcyChAAGLADGNYEGEcyChAAGLADGNYEGEcyChAAGLADGNYEGEcyChAAGLADGNYEGEcyChAAGLADGNYEGEcyFxAuGLADGLgGGNgCGMgDGNoGGNwG2AEBMhcQLhiwAxi4BhjYAhjIAxjaBhjcBtgBAUjmFFAAWABwAngBkAEAmAEAoAEAqgEAuAEByAEAmAICoAISmAMAiAYBkAYKugYECAEYGZIHATKgBwCyBwC4BwDCBwcwLjEuMC4xyAcPgAgA&sclient=mobile-gws-wiz-serp,numbers in russian 1-100 - Google Search
2026-08-03T02:05:55.791Z,https://www.google.com/search?q=123456789+in+russian&oq=123456789+in+russian&gs_lcrp=EghlZGdlX2lvcyoGCAAQRRg5MgYIABBFGDkyBwgBEOsHGEAyBwgCEAAY7wUyBwgDEAAY7wUyBwgEEAAY7wUyBwgFEAAY7wXSAQg1ODA0ajFqOagCALACAeIDBBgCIF8&hl=en-US&sourceid=chrome-mobile&source=chrome.ob&ie=UTF-8#sbfbu=1&pi=123456789%20in%20russian,123456789 in russian - Google Search
2026-08-03T02:05:31.787Z,https://www.google.com/search?q=123456789+in+russian&oq=123456789+in+russian&gs_lcrp=EghlZGdlX2lvcyoGCAAQRRg5MgYIABBFGDkyBwgBEOsHGEAyBwgCEAAY7wUyBwgDEAAY7wUyBwgEEAAY7wUyBwgFEAAY7wXSAQg1ODA0ajFqOagCALACAeIDBBgCIF8&hl=en-US&sourceid=chrome-mobile&source=chrome.ob&ie=UTF-8,123456789 in russian - Google Search
2026-08-03T01:59:26.263Z,https://www.google.com/search?sca_esv=c76ec80322be5402&hl=en-US&sxsrf=APpeQnvMCFkWLB7EF_evZId0d2_IJmDjwA:1785722304447&udm=2&fbs=ABfTbFV7rKSy24gtoYhyOHQNmN31vnriod5IfnCwcY0K-6a6w2m9fzV4rZMPdZS-gOps9Kmb7GBU6hbR3tZ3fzPy1hmzAKP3XiVk_TdOP8yNwtvGeNdWZVblOYGKtcHVy2TbYF2c6r2r2z1VwuR87eRVO6dveW727YCVrLPcZ0m2nDVfKry5s1FXKW8S3LUgVWbu6bYxISpU-AZ9LGRcyJt474oX_qvCkIyy3Q9JOrDNlU4xVQ4JgRY&q=Russian+beginning+text&sa=X&ved=2ahUKEwjzz_78rYOWAxWYe_UHHbt9K38QtKgLegQIFxAB&biw=402&bih=674&dpr=3#sv=CAMSVxoyKhBlLTl0a1p4RnBPSnoyVGJNMg45dGtaeEZwT0p6MlRiTToOaFRVM0hERTZmQV8tSE0gBCoXCgFzEhBlLTl0a1p4RnBPSnoyVGJNGAEwAUoECAEQAhgHIOer1fMKSggQAhgBIAIoAQ,Russian beginning text - Google Search
2026-08-03T01:58:32.200Z,https://www.google.com/search?sca_esv=c76ec80322be5402&hl=en-US&sxsrf=APpeQnvMCFkWLB7EF_evZId0d2_IJmDjwA:1785722304447&udm=2&fbs=ABfTbFV7rKSy24gtoYhyOHQNmN31vnriod5IfnCwcY0K-6a6w2m9fzV4rZMPdZS-gOps9Kmb7GBU6hbR3tZ3fzPy1hmzAKP3XiVk_TdOP8yNwtvGeNdWZVblOYGKtcHVy2TbYF2c6r2r2z1VwuR87eRVO6dveW727YCVrLPcZ0m2nDVfKry5s1FXKW8S3LUgVWbu6bYxISpU-AZ9LGRcyJt474oX_qvCkIyy3Q9JOrDNlU4xVQ4JgRY&q=Russian+beginning+text&sa=X&ved=2ahUKEwjzz_78rYOWAxWYe_UHHbt9K38QtKgLegQIFxAB&biw=402&bih=674&dpr=3#sv=CAMSVxoyKhBlLTFzcGhxMzBiQW56SkJNMg4xc3BocTMwYkFuekpCTToOd05HeGZIVmZiQ3RwMk0gBCoXCgFzEhBlLTFzcGhxMzBiQW56SkJNGAEwAUoECAEQAhgHIJiLk_IISggQAhgBIAIoAQ,Russian beginning text - Google Search
2026-08-03T01:58:30.574Z,https://www.google.com/search?sca_esv=c76ec80322be5402&hl=en-US&sxsrf=APpeQnvMCFkWLB7EF_evZId0d2_IJmDjwA:1785722304447&udm=2&fbs=ABfTbFV7rKSy24gtoYhyOHQNmN31vnriod5IfnCwcY0K-6a6w2m9fzV4rZMPdZS-gOps9Kmb7GBU6hbR3tZ3fzPy1hmzAKP3XiVk_TdOP8yNwtvGeNdWZVblOYGKtcHVy2TbYF2c6r2r2z1VwuR87eRVO6dveW727YCVrLPcZ0m2nDVfKry5s1FXKW8S3LUgVWbu6bYxISpU-AZ9LGRcyJt474oX_qvCkIyy3Q9JOrDNlU4xVQ4JgRY&q=Russian+beginning+text&sa=X&ved=2ahUKEwjzz_78rYOWAxWYe_UHHbt9K38QtKgLegQIFxAB&biw=402&bih=674&dpr=3,Russian beginning text - Google Search
2026-08-03T01:58:24.496Z,https://www.google.com/search?q=Russian+beggining+text&sca_esv=c76ec80322be5402&hl=en-US&sxsrf=APpeQntPqqxNZUuOYlvPDn3uACGxT8pSlw%3A1785722200254&ei=WPVvaq76DtCPvr0PvLDRkQs&biw=402&bih=674&oq=Russian+beggining+text&gs_lp=EhNtb2JpbGUtZ3dzLXdpei1zZXJwGgIYAiIWUnVzc2lhbiBiZWdnaW5pbmcgdGV4dDIIEAAYFhgKGB4yCxAAGIAEGIYDGIoFMgsQABiABBiGAxiKBTILEAAYgAQYhgMYigUyCxAAGIAEGIYDGIoFMgsQABiABBiGAxiKBTIHECEYoAEYCjIHECEYoAEYCkjxhgFQ9xBYsIQBcA94AZABBpgBlAKgAbo9qgEHMS4yNS4xNrgBA8gBAPgBAZgCLqACvC7CAgoQABiwAxjWBBhHwgINEAAYgAQYsAMYQxiKBcICFxAuGLADGLgGGNgCGMgDGNoGGNwG2AEBwgIEECMYJ8ICChAAGIAEGEMYigXCAgUQABiABMICChAAGIAEGBQYhwLCAgUQLhiABMICCxAAGIAEGJECGIoFwgINEAAYgAQYFBiHAhiLA8ICCBAAGIAEGIsDwgIOEAAYgAQYkQIYigUYiwPCAgkQABgWGIsDGB7CAgsQABgWGAoYiwMYHsICBRAhGKABwgIFEAAY7wXCAggQABiABBiiBMICBRAhGJ8FwgIKECMY8AUYJxieBsICCxAAGIAEGLEDGIMBwgIHEAAYgAQYCsICBhAAGBYYHsICCRAAGIAEGAoYC8ICBhAAGA0YHsICCBAAGAUYDRgewgIIEAAYCBgNGB6YAwCIBgGQBhG6BgQIARgZkgcIMTYuMTguMTKgB9rKAbIHBzEuMTguMTK4B4YuwgcJMi4xOC4yNS4xyAeFAYAIAA&sclient=mobile-gws-wiz-serp,Russian beginning text - Google Search
2026-08-03T01:58:06.975Z,https://www.google.com/search?q=Russian+alphabet&oq=Russian+alphabet&gs_lcrp=EghlZGdlX2lvcyoGCAAQRRg5MgYIABBFGDkyBwgBEOsHGEAyBwgCEAAYgAQyBwgDEAAYgAQyBwgEEAAYgAQyBwgFEAAYgATSAQg3MDQxajBqN6gCALACAeIDBBgCIF8&hl=en-US&sourceid=chrome-mobile&source=chrome.ob&ie=UTF-8#sbfbu=1&pi=Russian%20alphabet,Russian alphabet - Google Search
2026-08-03T01:56:53.311Z,https://www.google.com/search?q=Russian+alphabet&oq=Russian+alphabet&gs_lcrp=EghlZGdlX2lvcyoGCAAQRRg5MgYIABBFGDkyBwgBEOsHGEAyBwgCEAAYgAQyBwgDEAAYgAQyBwgEEAAYgAQyBwgFEAAYgATSAQg3MDQxajBqN6gCALACAeIDBBgCIF8&hl=en-US&sourceid=chrome-mobile&source=chrome.ob&ie=UTF-8#sv=CAMSZBoyKhBlLS1tMkJOZkstMjVSVGNNMg4tbTJCTmZLLTI1UlRjTToOM0YzWmxjaUE1ajhxZE0gBCokCg5mbTZYNm1lMU9CYTNKTRIQZS0tbTJCTmZLLTI1UlRjTRgAMAFKBAgBEAIYByDLoae7CkoIEAIYASACKAE,Russian alphabet - Google Search
2026-08-03T01:56:45.559Z,https://www.google.com/search?q=Russian+alphabet&oq=Russian+alphabet&gs_lcrp=EghlZGdlX2lvcyoGCAAQRRg5MgYIABBFGDkyBwgBEOsHGEAyBwgCEAAYgAQyBwgDEAAYgAQyBwgEEAAYgAQyBwgFEAAYgATSAQg3MDQxajBqN6gCALACAeIDBBgCIF8&hl=en-US&sourceid=chrome-mobile&source=chrome.ob&ie=UTF-8#sv=CAMSUhozKhFpYy1mbTZYNm1lMU9CYTNKTTIOZm02WDZtZTFPQmEzSk06DlhndVh6eTNIZnJlYnRNIAQqFwoAEhFpYy1mbTZYNm1lMU9CYTNKTRgAMAEYByDxlI6_Aw,Russian alphabet - Google Search
2026-08-03T01:56:40.263Z,https://www.google.com/search?q=Russian+alphabet&oq=Russian+alphabet&gs_lcrp=EghlZGdlX2lvcyoGCAAQRRg5MgYIABBFGDkyBwgBEOsHGEAyBwgCEAAYgAQyBwgDEAAYgAQyBwgEEAAYgAQyBwgFEAAYgATSAQg3MDQxajBqN6gCALACAeIDBBgCIF8&hl=en-US&sourceid=chrome-mobile&source=chrome.ob&ie=UTF-8,Russian alphabet - Google Search
2026-08-02T12:59:52.742Z,https://www.google.com/search?q=%E8%8A%B1%E5%8D%83%E9%AA%A8+%E5%85%A8%E9%9B%86&sca_esv=95680a21228b3e25&hl=en-US&biw=402&bih=674&sxsrf=APpeQnuqbqRajQ-SNn5BqvYRk_4xrMDZIQ%3A1785675549321&ei=HT9vao2bE9zs1e8Ptaj-gAI&oq=%E8%8A%B1%E5%8D%83%E9%AA%A8+%E5%85%A8%E9%9B%86&gs_lp=EhNtb2JpbGUtZ3dzLXdpei1zZXJwIhDoirHljYPpqqgg5YWo6ZuGMgUQABjvBUiTkwFQwhhYnpEBcAN4AJABBJgBzQmgAb4mqgEJMC42LjYuNy0yuAEDyAEA-AEBmAIMoAKgFsICCBAAGLADGO8FwgIEECMYJ8ICBRAhGKABwgIGEAAYBxgewgIIEAAYBxgKGB7CAggQABgHGAgYHsICCBAAGIAEGKIEwgIFEAAYgASYAwCIBgGQBgWSBwkzLjUuMy43LTGgB5MvsgcJMC41LjMuNy0xuAedFsIHBTEuOC4zyAcagAgA&sclient=mobile-gws-wiz-serp,花千骨 全集 - Google Search
2026-08-02T12:59:33.559Z,https://www.google.com/search?q=%E7%88%B1%E6%83%85%E6%98%AF%E4%BB%8E%E5%91%8A%E7%99%BD%E5%BC%80%E5%A7%8B%E7%9A%84+%E5%85%A8%E9%9B%86%E8%BD%AC%E9%9F%B3%E9%A2%91&sca_esv=95680a21228b3e25&hl=en-US&sxsrf=APpeQnvm3FROXAEfH8iR9r_G_N8wMq13eg%3A1785675520840&ei=AD9vatzvMoLV1e8P9uaGcQ&biw=402&bih=674&oq=%E7%88%B1%E6%83%85%E6%98%AF%E4%BB%8E%E5%91%8A%E7%99%BD%E5%BC%80%E5%A7%8B%E7%9A%84+%E5%85%A8%E9%9B%86%E8%BD%AC%E9%9F%B3%E9%A2%91&gs_lp=EhNtb2JpbGUtZ3dzLXdpei1zZXJwIivniLHmg4XmmK_ku47lkYrnmb3lvIDlp4vnmoQg5YWo6ZuG6L2s6Z-z6aKRMgUQIRigATIFECEYoAEyBRAhGKABMgUQIRigATIFEAAY7wUyBRAAGO8FMgUQABjvBTIFEAAY7wVIjFdQrQtY7FZwCngAkAEFmAHsAaABhC2qAQYwLjMxLjO4AQPIAQD4AQGYAiSgArIiwgIIEAAYsAMY7wXCAgQQIxgnwgIHECEYoAEYCpgDAIgGAZAGBZIHBzEwLjIzLjOgB-x_sgcGMC4yMy4zuAefIsIHBjMuMjYuN8gHOoAIAA&sclient=mobile-gws-wiz-serp#ip=1&sbfbu=1&pi=%E7%88%B1%E6%83%85%E6%98%AF%E4%BB%8E%E5%91%8A%E7%99%BD%E5%BC%80%E5%A7%8B%E7%9A%84%20%E5%85%A8%E9%9B%86%E8%BD%AC%E9%9F%B3%E9%A2%91,爱情是从告白开始的 全集转音频 - Google Search
2026-08-02T12:59:09.457Z,https://www.google.com/search?q=%E7%88%B1%E6%83%85%E6%98%AF%E4%BB%8E%E5%91%8A%E7%99%BD%E5%BC%80%E5%A7%8B%E7%9A%84+%E5%85%A8%E9%9B%86%E8%BD%AC%E9%9F%B3%E9%A2%91&sca_esv=95680a21228b3e25&hl=en-US&sxsrf=APpeQnvm3FROXAEfH8iR9r_G_N8wMq13eg%3A1785675520840&ei=AD9vatzvMoLV1e8P9uaGcQ&biw=402&bih=674&oq=%E7%88%B1%E6%83%85%E6%98%AF%E4%BB%8E%E5%91%8A%E7%99%BD%E5%BC%80%E5%A7%8B%E7%9A%84+%E5%85%A8%E9%9B%86%E8%BD%AC%E9%9F%B3%E9%A2%91&gs_lp=EhNtb2JpbGUtZ3dzLXdpei1zZXJwIivniLHmg4XmmK_ku47lkYrnmb3lvIDlp4vnmoQg5YWo6ZuG6L2s6Z-z6aKRMgUQIRigATIFECEYoAEyBRAhGKABMgUQIRigATIFEAAY7wUyBRAAGO8FMgUQABjvBTIFEAAY7wVIjFdQrQtY7FZwCngAkAEFmAHsAaABhC2qAQYwLjMxLjO4AQPIAQD4AQGYAiSgArIiwgIIEAAYsAMY7wXCAgQQIxgnwgIHECEYoAEYCpgDAIgGAZAGBZIHBzEwLjIzLjOgB-x_sgcGMC4yMy4zuAefIsIHBjMuMjYuN8gHOoAIAA&sclient=mobile-gws-wiz-serp#ip=1,爱情是从告白开始的 全集转音频 - Google Search
2026-08-02T12:58:58.087Z,https://www.google.com/search?q=%E7%88%B1%E6%83%85%E6%98%AF%E4%BB%8E%E5%91%8A%E7%99%BD%E5%BC%80%E5%A7%8B%E7%9A%84+%E9%9F%B3%E9%A2%91&oq=%E7%88%B1%E6%83%85%E6%98%AF%E4%BB%8E%E5%91%8A%E7%99%BD%E5%BC%80%E5%A7%8B%E7%9A%84+%E9%9F%B3%E9%A2%91&gs_lcrp=EghlZGdlX2lvcyoGCAAQRRg5MgYIABBFGDkyBwgBEOsHGEAyBwgCEAAY7wUyBwgDEAAY7wUyBwgEEAAY7wUyBwgFEAAY7wXSAQg5NjE1ajFqOagCALACAeIDBBgCIF8&hl=en-US&sourceid=chrome-mobile&source=chrome.ob&ie=UTF-8#sbfbu=1&pi=%E7%88%B1%E6%83%85%E6%98%AF%E4%BB%8E%E5%91%8A%E7%99%BD%E5%BC%80%E5%A7%8B%E7%9A%84%20%E9%9F%B3%E9%A2%91,爱情是从告白开始的 音频 - Google Search
2026-08-02T12:58:40.956Z,https://www.google.com/search?q=%E7%88%B1%E6%83%85%E6%98%AF%E4%BB%8E%E5%91%8A%E7%99%BD%E5%BC%80%E5%A7%8B%E7%9A%84+%E9%9F%B3%E9%A2%91&oq=%E7%88%B1%E6%83%85%E6%98%AF%E4%BB%8E%E5%91%8A%E7%99%BD%E5%BC%80%E5%A7%8B%E7%9A%84+%E9%9F%B3%E9%A2%91&gs_lcrp=EghlZGdlX2lvcyoGCAAQRRg5MgYIABBFGDkyBwgBEOsHGEAyBwgCEAAY7wUyBwgDEAAY7wUyBwgEEAAY7wUyBwgFEAAY7wXSAQg5NjE1ajFqOagCALACAeIDBBgCIF8&hl=en-US&sourceid=chrome-mobile&source=chrome.ob&ie=UTF-8,爱情是从告白开始的 音频 - Google Search
2026-08-02T12:58:29.128Z,https://www.google.com/search?q=iOS+%E6%8A%A4%E7%9C%BC%E6%A8%A1%E5%BC%8F&oq=iOS+%E6%8A%A4%E7%9C%BC%E6%A8%A1%E5%BC%8F&gs_lcrp=EghlZGdlX2lvcyoGCAAQRRg5MgYIABBFGDkyBwgBEOsHGEAyBwgCECEYnwUyBwgDECEYnwUyBwgEECEYnwXSAQg0OTM0ajFqOagCALACAeIDBBgCIF8&hl=en-US&sourceid=chrome-mobile&source=chrome.ob&ie=UTF-8,iOS 护眼模式 - Google Search
2026-08-02T11:54:32.827Z,https://www.google.com/search?q=iOS+%E6%8A%A4%E7%9C%BC%E6%A8%A1%E5%BC%8F&oq=iOS+%E6%8A%A4%E7%9C%BC%E6%A8%A1%E5%BC%8F&gs_lcrp=EghlZGdlX2lvcyoGCAAQRRg5MgYIABBFGDkyBwgBEOsHGEAyBwgCECEYnwUyBwgDECEYnwUyBwgEECEYnwXSAQg0OTM0ajFqOagCALACAeIDBBgCIF8&hl=en-US&sourceid=chrome-mobile&source=chrome.ob&ie=UTF-8,iOS 护眼模式 - Google Search
2026-08-02T11:54:25.391Z,https://www.google.com/search?q=morizlla+features+and+technical&sca_esv=4fa90c01f93960b3&hl=en-US&sxsrf=APpeQntHO13zCpR7-h_gd2uW77xP3f23gw%3A1785664019502&ei=ExJvasqGHo_81e8PrYrHgQ8&oq=morizlla+features+and+technical&gs_lp=EhNtb2JpbGUtZ3dzLXdpei1zZXJwIh9tb3JpemxsYSBmZWF0dXJlcyBhbmQgdGVjaG5pY2FsMgYQABgWGB4yCxAAGIAEGIYDGIoFMgsQABiABBiGAxiKBTIHECEYoAEYCjIHECEYoAEYCjIIEAAYgAQYogRI_ltQ8wdYoVtwC3gAkAEGmAHiCaABgmWqAQ8wLjEuNC44LjcuNi4xLjG4AQPIAQD4AQGYAhugAuwwwgIKEAAYsAMY1gQYR8ICDRAAGIAEGLADGEMYigXCAhcQLhiwAxi4BhjYAhjIAxjaBhjcBtgBAcICBxAAGIAEGA3CAgUQABjvBcICBhAAGA0YHsICCBAAGAgYDRgewgIFECEYnwXCAgQQIRgVwgIGECEYFRgNmAMA4gMFEgExIECIBgGQBhG6BgQIARgZkgcMMTEuMS4yLjcuNS4xoAedqAGyBwswLjEuMi43LjUuMbgHxDDCBwkxLjExLjE0LjHIB1CACAA&sclient=mobile-gws-wiz-serp,morizlla features and technical - Google Search
2026-08-02T09:47:49.986Z,https://www.google.com/search?q=morizlla+features+and+technical&sca_esv=4fa90c01f93960b3&hl=en-US&sxsrf=APpeQntHO13zCpR7-h_gd2uW77xP3f23gw%3A1785664019502&ei=ExJvasqGHo_81e8PrYrHgQ8&oq=morizlla+features+and+technical&gs_lp=EhNtb2JpbGUtZ3dzLXdpei1zZXJwIh9tb3JpemxsYSBmZWF0dXJlcyBhbmQgdGVjaG5pY2FsMgYQABgWGB4yCxAAGIAEGIYDGIoFMgsQABiABBiGAxiKBTIHECEYoAEYCjIHECEYoAEYCjIIEAAYgAQYogRI_ltQ8wdYoVtwC3gAkAEGmAHiCaABgmWqAQ8wLjEuNC44LjcuNi4xLjG4AQPIAQD4AQGYAhugAuwwwgIKEAAYsAMY1gQYR8ICDRAAGIAEGLADGEMYigXCAhcQLhiwAxi4BhjYAhjIAxjaBhjcBtgBAcICBxAAGIAEGA3CAgUQABjvBcICBhAAGA0YHsICCBAAGAgYDRgewgIFECEYnwXCAgQQIRgVwgIGECEYFRgNmAMA4gMFEgExIECIBgGQBhG6BgQIARgZkgcMMTEuMS4yLjcuNS4xoAedqAGyBwswLjEuMi43LjUuMbgHxDDCBwkxLjExLjE0LjHIB1CACAA&sclient=mobile-gws-wiz-serp,morizlla features and technical - Google Search
2026-08-02T09:47:37.572Z,https://www.google.com/search?q=morizlla&oq=morizlla&gs_lcrp=EghlZGdlX2lvcyoGCAAQRRg5MgYIABBFGDkyBwgBEOsHGEAyBwgCEAAYgAQyCAgDEAAYFhgeMggIBBAAGBYYHjINCAUQABiGAxiABBiKBdIBCDI5MTZqMWo0qAIAsAIB4gMEGAIgXw&hl=en-US&sourceid=chrome-mobile&source=chrome.ob&ie=UTF-8#sbfbu=1&pi=morizlla,mozilla - Google Search
2026-08-02T09:47:14.191Z,https://www.mozilla.org/en-US/,https://www.mozilla.org/en-US/
2026-08-02T09:46:59.819Z,https://www.google.com/search?q=morizlla&oq=morizlla&gs_lcrp=EghlZGdlX2lvcyoGCAAQRRg5MgYIABBFGDkyBwgBEOsHGEAyBwgCEAAYgAQyCAgDEAAYFhgeMggIBBAAGBYYHjINCAUQABiGAxiABBiKBdIBCDI5MTZqMWo0qAIAsAIB4gMEGAIgXw&hl=en-US&sourceid=chrome-mobile&source=chrome.ob&ie=UTF-8,mozilla - Google Search
2026-08-02T09:46:51.852Z,https://case.ntu.edu.tw/%E4%B8%89%E8%A7%92%E5%87%BD%E6%95%B8%E5%80%BC%E8%A1%A8/index.html,三角函數值表 | 科學Online
2026-08-02T06:32:02.544Z,https://case.ntu.edu.tw/%E4%B8%89%E8%A7%92%E5%87%BD%E6%95%B8%E5%80%BC%E8%A1%A8/index.html,三角函數值表 | 科學Online
2026-08-02T06:31:45.329Z,https://zh.wikipedia.org/zh-hk/%E5%9C%86%E5%91%A8%E7%8E%87%E8%BF%91%E4%BC%BC%E5%80%BC,https://zh.wikipedia.org/zh-hk/圆周率近似值
2026-08-02T06:31:33.821Z,https://www.google.com/search?q=sin+pi%2F12%E6%98%AF%E5%A4%9A%E5%B0%91&sca_esv=e7c26058e57bdad9&hl=en-US&sxsrf=APpeQnv90hvrXVYkNRy4ssJ40-zP6h_Uog%3A1785652280614&ei=OORuav2QJZnE1e8P47Sl4AM&biw=402&bih=674&oq=sin+pi%2F12%E6%98%AF%E5%A4%9A%E5%B0%91&gs_lp=EhNtb2JpbGUtZ3dzLXdpei1zZXJwIhJzaW4gcGkvMTLmmK_lpJrlsJEyBRAhGKABMgUQIRigATIFECEYoAEyBRAAGO8FMggQABiABBiiBDIFEAAY7wUyBRAAGO8FMgUQABjvBUiQK1CKCljoKnACeAOQAQKYAf8FoAH4PKoBCzItOC43LjEuMy4yuAEDyAEA-AEBmAIUoALdLsICBBAAGEfCAgYQABgWGB7CAgcQIRigARgKwgIEECEYFZgDAOIDBRIBMSBAiAYBkAYIkgcLNC4wLjguMy4zLjKgB8FXsgcJMi04LjMuMy4yuAfKLsIHCDEuMTYuMi4xyAcogAgA&sclient=mobile-gws-wiz-serp,sin pi/12是多少 - Google Search
2026-08-02T06:31:27.541Z,https://www.google.com/search?q=sin+pai%2F12&oq=sin+pai%2F12&gs_lcrp=EghlZGdlX2lvcyoGCAAQRRg5MgYIABBFGDkyBwgBEOsHGEDSAQkxMzc4NmowajmoAgCwAgHiAwQYAiBf&hl=en-US&sourceid=chrome-mobile&source=chrome.ob&ie=UTF-8#sbfbu=1&pi=sin%20pi/12,sin pi/12 - Google Search
2026-08-02T06:31:20.393Z,https://www.google.com/search?q=sin+pai%2F12&oq=sin+pai%2F12&gs_lcrp=EghlZGdlX2lvcyoGCAAQRRg5MgYIABBFGDkyBwgBEOsHGEDSAQkxMzc4NmowajmoAgCwAgHiAwQYAiBf&hl=en-US&sourceid=chrome-mobile&source=chrome.ob&ie=UTF-8,sin pi/12 - Google Search
2026-08-02T06:31:04.577Z,https://www.google.com/search?q=%E9%92%9D%E8%A7%92%E4%B8%89%E8%A7%92%E5%BD%A2%E7%9A%84%E6%96%BD%E7%93%A6%E5%85%B9&oq=%E9%92%9D%E8%A7%92%E4%B8%89%E8%A7%92%E5%BD%A2%E7%9A%84%E6%96%BD%E7%93%A6%E5%85%B9&gs_lcrp=EghlZGdlX2lvcyoGCAAQRRg5MgYIABBFGDkyBwgBEOsHGEAyBwgCEAAY7wUyBwgDEAAY7wUyBwgEEAAY7wXSAQkxMTU0MWowajSoAgCwAgHiAwQYAiBf&hl=en-US&sourceid=chrome-mobile&source=chrome.ob&ie=UTF-8#lfId=ChxjMe,钝角三角形的施瓦兹 - Google Search
2026-08-02T05:47:20.645Z,https://www.google.com/search?q=%E9%92%9D%E8%A7%92%E4%B8%89%E8%A7%92%E5%BD%A2%E7%9A%84%E6%96%BD%E7%93%A6%E5%85%B9&oq=%E9%92%9D%E8%A7%92%E4%B8%89%E8%A7%92%E5%BD%A2%E7%9A%84%E6%96%BD%E7%93%A6%E5%85%B9&gs_lcrp=EghlZGdlX2lvcyoGCAAQRRg5MgYIABBFGDkyBwgBEOsHGEAyBwgCEAAY7wUyBwgDEAAY7wUyBwgEEAAY7wXSAQkxMTU0MWowajSoAgCwAgHiAwQYAiBf&hl=en-US&sourceid=chrome-mobile&source=chrome.ob&ie=UTF-8#lfId=ChxjMe,钝角三角形的施瓦兹 - Google Search
2026-08-02T05:46:49.988Z,https://www.google.com/search?q=%E9%92%9D%E8%A7%92%E4%B8%89%E8%A7%92%E5%BD%A2%E7%9A%84%E6%96%BD%E7%93%A6%E5%85%B9&oq=%E9%92%9D%E8%A7%92%E4%B8%89%E8%A7%92%E5%BD%A2%E7%9A%84%E6%96%BD%E7%93%A6%E5%85%B9&gs_lcrp=EghlZGdlX2lvcyoGCAAQRRg5MgYIABBFGDkyBwgBEOsHGEAyBwgCEAAY7wUyBwgDEAAY7wUyBwgEEAAY7wXSAQkxMTU0MWowajSoAgCwAgHiAwQYAiBf&hl=en-US&sourceid=chrome-mobile&source=chrome.ob&ie=UTF-8,钝角三角形的施瓦兹 - Google Search
2026-08-02T05:46:34.782Z,https://www.math.sinica.edu.tw/media/pdf/d424/42409.pdf,https://www.math.sinica.edu.tw/media/pdf/d424/42409.pdf
2026-08-02T04:40:43.653Z,https://www.math.sinica.edu.tw/media/pdf/d424/42409.pdf,https://www.math.sinica.edu.tw/media/pdf/d424/42409.pdf
2026-08-02T04:40:39.406Z,https://render.alipay.com/p/s/i/?scheme=alipays%3A%2F%2Fplatformapi%2Fstartapp%3FappId%3D2021001110676437%26page%3Dpages%252Findex%252Findex%26enbsv%3D0.2.2605122250.48%26chInfo%3Dch_share__chsub_CopyLink%26fxzjshareChinfo%3Dch_share__chsub_CopyLink%26apshareid%3D5FCA80B5-DA40-4274-A032-757235418FFF%26shareBizType%3DH5App_XCX%26shareTimestamp%3D1784530473627,Alipay
2026-08-02T04:35:00.078Z,https://render.alipay.com/p/s/i/?scheme=alipays%3A%2F%2Fplatformapi%2Fstartapp%3FappId%3D2021001110676437%26page%3Dpages%252Findex%252Findex%26enbsv%3D0.2.2605122250.48%26chInfo%3Dch_share__chsub_CopyLink%26fxzjshareChinfo%3Dch_share__chsub_CopyLink%26apshareid%3D5FCA80B5-DA40-4274-A032-757235418FFF%26shareBizType%3DH5App_XCX%26shareTimestamp%3D1784530473627,Alipay
2026-08-02T04:32:29.759Z,https://zh.wikipedia.org/zh-cn/%E6%96%BD%E7%93%A6%E8%8C%A8%E4%B8%89%E8%A7%92%E5%BD%A2,https://zh.wikipedia.org/zh-cn/施瓦茨三角形
2026-08-02T04:32:18.495Z,https://www.google.com/search?q=%E6%96%BD%E7%93%A6%E5%B0%94%E5%85%B9+%E4%B8%89%E8%A7%92&oq=%E6%96%BD%E7%93%A6%E5%B0%94%E5%85%B9+%E4%B8%89%E8%A7%92&gs_lcrp=EghlZGdlX2lvcyoGCAAQRRg5MgYIABBFGDkyBwgBEOsHGEAyBwgCEAAY7wUyBwgDEAAY7wUyBwgEEAAY7wUyBwgFEAAY7wXSAQkxODgxNGoxajSoAgCwAgHiAwQYAiBf&hl=en-US&sourceid=chrome-mobile&source=chrome.ob&ie=UTF-8,施瓦尔兹 三角 - Google Search
2026-08-02T03:57:39.795Z,https://gdz.sub.uni-goettingen.de/id/PPN243919689_0075,Journal für die reine und angewandte Mathematik - GDZ - Göttinger Digitalisierungszentrum
2026-08-02T03:45:23.332Z,https://www.math.sinica.edu.tw/media/pdf/d424/42409.pdf,https://www.math.sinica.edu.tw/media/pdf/d424/42409.pdf
2026-08-02T03:45:14.844Z,https://www.math.sinica.edu.tw/media/pdf/d424/42409.pdf,https://www.math.sinica.edu.tw/media/pdf/d424/42409.pdf
2026-08-02T03:44:54.558Z,https://www.google.com/search?q=%E5%B0%86%E5%86%9B%E9%A5%AE%E9%A9%AC+%E5%A5%A5%E8%B5%9B&oq=%E5%B0%86%E5%86%9B%E9%A5%AE%E9%A9%AC+%E5%A5%A5%E8%B5%9B&gs_lcrp=EghlZGdlX2lvcyoGCAAQRRg5MgYIABBFGDkyBwgBEOsHGEDSAQkyNTcwMGowajeoAgCwAgHiAwQYAiBf&hl=en-US&sourceid=chrome-mobile&source=chrome.ob&ie=UTF-8,将军饮马 奥赛 - Google Search
2026-08-02T03:44:21.586Z,https://www.math.sinica.edu.tw/mathmedia/journals/4539?keywords%5B%5D=%E5%9C%93,數學傳播 | 從「將軍飲馬」問題到「施瓦爾茲三角形」
2026-08-02T03:40:58.715Z,https://www.math.sinica.edu.tw/mathmedia/journals/4539?keywords%5B%5D=%E5%9C%93,數學傳播 | 從「將軍飲馬」問題到「施瓦爾茲三角形」
2026-08-02T03:40:45.602Z,https://www.google.com/search?q=%E5%B9%B3%E9%9D%A2%E5%87%A0%E4%BD%95+%E5%B0%86%E5%86%9B%E9%A5%AE%E9%A9%AC&oq=%E5%B9%B3%E9%9D%A2%E5%87%A0%E4%BD%95+%E5%B0%86%E5%86%9B%E9%A5%AE%E9%A9%AC&gs_lcrp=EghlZGdlX2lvcyoGCAAQRRg5MgYIABBFGDkyBwgBEOsHGEAyBwgCEAAY7wUyBwgDEAAY7wUyBwgEEAAY7wUyBwgFEAAY7wXSAQkxMTM4OGowajmoAgCwAgHiAwQYAiBf&hl=en-US&sourceid=chrome-mobile&source=chrome.ob&ie=UTF-8,平面几何 将军饮马 - Google Search
2026-08-02T03:40:32.093Z,https://www.google.com/search?q=%E6%96%AF%E6%8B%89%E5%A4%AB%E4%BA%BA+%E4%BF%84%E8%AF%AD%E7%BF%BB%E8%AF%91&sca_esv=eab133250435ac59&hl=en-US&biw=402&bih=674&sxsrf=APpeQnsBNwc4xFNW0ZY1OwkqG8-3_IDs6Q%3A1785639681185&ei=AbNuasrtCuu02roP747p-Qs&oq=%E6%96%AF%E6%8B%89%E5%A4%AB%E4%BA%BA+%E4%BF%84%E8%AF%AD%E7%BF%BB%E8%AF%91&gs_lp=EhNtb2JpbGUtZ3dzLXdpei1zZXJwGgIYAiIZ5pav5ouJ5aSr5Lq6IOS_hOivree_u-ivkTIKEAAYsAMY1gQYRzIKEAAYsAMY1gQYRzIKEAAYsAMY1gQYRzIKEAAYsAMY1gQYRzIKEAAYsAMY1gQYRzIKEAAYsAMY1gQYRzIKEAAYsAMY1gQYRzIKEAAYsAMY1gQYRzIKEAAYsAMY1gQYRzIKEAAYsAMY1gQYRzIXEC4YsAMYuAYY2AIYyAMY2gYY3AbYAQEyFxAuGLADGLgGGNgCGMgDGNoGGNwG2AEBMhcQLhiwAxi4BhjYAhjIAxjaBhjcBtgBATIXEC4YsAMYuAYY2AIYyAMY2gYY3AbYAQEyFxAuGLADGLgGGNgCGMgDGNoGGNwG2AEBMhcQLhiwAxi4BhjYAhjIAxjaBhjcBtgBAUjRLVCkC1imLXAGeAGQAQKYAZkCoAHDHKoBBjAuMTEuN7gBA8gBAPgBAZgCFqAC9hnCAggQABiABBiiBMICBRAAGO8FwgIFECEYoAHCAgcQIRigARgKwgIKECEYoAEYChiLA5gDAIgGAZAGELoGBAgBGBmSBwU2LjkuN6AHwz-yBwUwLjkuN7gH2BnCBwgxLjExLjkuMcgHN4AIAA&sclient=mobile-gws-wiz-serp,斯拉夫人 俄语翻译 - Google Search
2026-08-02T03:26:44.696Z,https://www.google.com/search?q=%E8%8B%B1%E9%9B%84%E8%81%94%E7%9B%9F%E4%BA%BA%E9%A9%ACRussian+translate&sca_esv=586bba014b77c241&biw=980&bih=495&ei=xbhuauGeArDDvr0Prb_S4Qk&ved=0ahUKEwihlfLW_4CWAxWwoa8BHa2fNJwQ4dUDCBA&uact=5&oq=%E8%8B%B1%E9%9B%84%E8%81%94%E7%9B%9F%E4%BA%BA%E9%A9%ACRussian+translate&gs_lp=Egxnd3Mtd2l6LXNlcnAiI-iLsembhOiBlOebn-S6uumprFJ1c3NpYW4gdHJhbnNsYXRlMgoQABhHGNYEGLADMgoQABhHGNYEGLADMgoQABhHGNYEGLADMgoQABhHGNYEGLADMgoQABhHGNYEGLADMgoQABhHGNYEGLADMgoQABhHGNYEGLADMgoQABhHGNYEGLADMgoQABhHGNYEGLADMgoQABhHGNYEGLADSKAdUKscWKsccAF4AZABAJgBAKABAKoBALgBA8gBAPgBAZgCAaACCZgDAIgGAZAGCpIHATGgBwCyBwC4BwDCBwMyLTHIBweACAE&sclient=gws-wiz-serp,英雄联盟人马Russian translate - Google 搜索
2026-08-02T03:26:03.024Z,https://www.google.com/search?q=%E4%BA%BA%E9%A9%ACRussian+translate&sca_esv=586bba014b77c241&biw=980&bih=495&ei=37duarGNH7Gp1e8P5vaTkAc&ved=0ahUKEwjx-Ljp_oCWAxWxVPUHHWb7BHIQ4dUDCBA&uact=5&oq=%E4%BA%BA%E9%A9%ACRussian+translate&gs_lp=Egxnd3Mtd2l6LXNlcnAiF-S6uumprFJ1c3NpYW4gdHJhbnNsYXRlMgYQABgHGB4yBhAAGAcYHjIGEAAYBxgeMgYQABgHGB4yBhAAGAcYHjIGEAAYBxgeMgYQABgHGB4yBhAAGAcYHjIGEAAYBxgeMgYQABgHGB5IrB9Q7wxYmB5wAngBkAEAmAGUAaABtAOqAQMwLjO4AQPIAQD4AQGYAgWgAuIDwgIKEAAYRxjWBBiwA8ICBRAAGO8FwgIIEAAYgAQYogSYAwCIBgGQBgqSBwMyLjOgB-kGsgcDMC4zuAfMA8IHBTItNC4xyAchgAgB&sclient=gws-wiz-serp,人马Russian translate - Google 搜索
2026-08-02T03:25:57.298Z,https://www.google.com/search?q=%E4%BA%BA%E9%A9%ACRussian+translate&sca_esv=586bba014b77c241&biw=980&bih=495&ei=37duarGNH7Gp1e8P5vaTkAc&ved=0ahUKEwjx-Ljp_oCWAxWxVPUHHWb7BHIQ4dUDCBA&uact=5&oq=%E4%BA%BA%E9%A9%ACRussian+translate&gs_lp=Egxnd3Mtd2l6LXNlcnAiF-S6uumprFJ1c3NpYW4gdHJhbnNsYXRlMgYQABgHGB4yBhAAGAcYHjIGEAAYBxgeMgYQABgHGB4yBhAAGAcYHjIGEAAYBxgeMgYQABgHGB4yBhAAGAcYHjIGEAAYBxgeMgYQABgHGB5IrB9Q7wxYmB5wAngBkAEAmAGUAaABtAOqAQMwLjO4AQPIAQD4AQGYAgWgAuIDwgIKEAAYRxjWBBiwA8ICBRAAGO8FwgIIEAAYgAQYogSYAwCIBgGQBgqSBwMyLjOgB-kGsgcDMC4zuAfMA8IHBTItNC4xyAchgAgB&sclient=gws-wiz-serp,人马Russian translate - Google 搜索
2026-08-02T03:22:07.755Z,https://www.google.com/search?q=%E5%AE%89%E5%80%8D%E6%92%92Russian+translate&sca_esv=586bba014b77c241&biw=980&bih=495&ei=LKxuavrSJ6jK1e8PxoTx8QY&ved=0ahUKEwj6mLHV84CWAxUoZfUHHUZCPG4Q4dUDCBA&uact=5&oq=%E5%AE%89%E5%80%8D%E6%92%92Russian+translate&gs_lp=Egxnd3Mtd2l6LXNlcnAiGuWuieWAjeaSklJ1c3NpYW4gdHJhbnNsYXRlMgUQABjvBTIIEAAYgAQYogQyBRAAGO8FMgUQABjvBTIFEAAY7wVI0lNQ_U9Y_U9wAXgAkAEAmAH_AaAB_wGqAQMyLTG4AQPIAQD4AQGYAgKgApcCwgILEAAYgAQYogQYsAPCAggQABjvBRiwA5gDAIgGAZAGBZIHBTEuMC4xoAfAArIHAzItMbgHiALCBwUyLTEuMcgHDoAIAQ&sclient=gws-wiz-serp,安倍撒Russian translate - Google 搜索
2026-08-02T03:01:32.916Z,https://www.google.com/search?q=%E6%96%AF%E6%8B%89%E5%A4%AB%E4%BA%BA+%E4%BF%84%E8%AF%AD%E7%BF%BB%E8%AF%91&sca_esv=eab133250435ac59&hl=en-US&biw=402&bih=674&sxsrf=APpeQnsBNwc4xFNW0ZY1OwkqG8-3_IDs6Q%3A1785639681185&ei=AbNuasrtCuu02roP747p-Qs&oq=%E6%96%AF%E6%8B%89%E5%A4%AB%E4%BA%BA+%E4%BF%84%E8%AF%AD%E7%BF%BB%E8%AF%91&gs_lp=EhNtb2JpbGUtZ3dzLXdpei1zZXJwGgIYAiIZ5pav5ouJ5aSr5Lq6IOS_hOivree_u-ivkTIKEAAYsAMY1gQYRzIKEAAYsAMY1gQYRzIKEAAYsAMY1gQYRzIKEAAYsAMY1gQYRzIKEAAYsAMY1gQYRzIKEAAYsAMY1gQYRzIKEAAYsAMY1gQYRzIKEAAYsAMY1gQYRzIKEAAYsAMY1gQYRzIKEAAYsAMY1gQYRzIXEC4YsAMYuAYY2AIYyAMY2gYY3AbYAQEyFxAuGLADGLgGGNgCGMgDGNoGGNwG2AEBMhcQLhiwAxi4BhjYAhjIAxjaBhjcBtgBATIXEC4YsAMYuAYY2AIYyAMY2gYY3AbYAQEyFxAuGLADGLgGGNgCGMgDGNoGGNwG2AEBMhcQLhiwAxi4BhjYAhjIAxjaBhjcBtgBAUjRLVCkC1imLXAGeAGQAQKYAZkCoAHDHKoBBjAuMTEuN7gBA8gBAPgBAZgCFqAC9hnCAggQABiABBiiBMICBRAAGO8FwgIFECEYoAHCAgcQIRigARgKwgIKECEYoAEYChiLA5gDAIgGAZAGELoGBAgBGBmSBwU2LjkuN6AHwz-yBwUwLjkuN7gH2BnCBwgxLjExLjkuMcgHN4AIAA&sclient=mobile-gws-wiz-serp,斯拉夫人 俄语翻译 - Google Search
2026-08-02T03:01:26.620Z,https://www.google.com/search?q=%E6%96%AF%E6%8B%89%E5%A4%AB%E4%BA%BA+%E4%BF%84%E8%AF%AD&sca_esv=eab133250435ac59&hl=en-US&biw=402&bih=674&sxsrf=APpeQnvDgTbxGKBJTiT5l-sN5ktlwOHTEg%3A1785639665826&ei=8bJuapn6MY3N2roPg4mm6QI&oq=%E6%96%AF%E6%8B%89%E5%A4%AB%E4%BA%BA+%E4%BF%84%E8%AF%AD&gs_lp=EhNtb2JpbGUtZ3dzLXdpei1zZXJwIhPmlq_mi4nlpKvkurog5L-E6K-tMgQQIxgnMgQQIxgnMgQQIxgnMgYQABgHGB4yBRAAGIAEMgUQABiABDIFEAAYgAQyBhAAGAcYHki3KFCbDlj2J3ADeAGQAQCYAcICoAGVF6oBBzAuNi41LjK4AQPIAQD4AQGYAgegAp8GwgIKEAAYsAMY1gQYR8ICFxAuGLADGLgGGNgCGMgDGNoGGNwG2AEBwgIIEAAYgAQYogTCAgUQABjvBZgDAIgGAZAGELoGBAgBGBmSBwUzLjMuMaAHrCyyBwUwLjMuMbgHjQbCBwcwLjQuMi4xyAcZgAgA&sclient=mobile-gws-wiz-serp#sbfbu=1&pi=%E6%96%AF%E6%8B%89%E5%A4%AB%E4%BA%BA%20%E4%BF%84%E8%AF%AD,斯拉夫人 俄语 - Google Search
2026-08-02T03:01:21.145Z,https://www.google.com/search?q=%E6%96%AF%E6%8B%89%E5%A4%AB%E4%BA%BA+%E4%BF%84%E8%AF%AD&sca_esv=eab133250435ac59&hl=en-US&biw=402&bih=674&sxsrf=APpeQnvDgTbxGKBJTiT5l-sN5ktlwOHTEg%3A1785639665826&ei=8bJuapn6MY3N2roPg4mm6QI&oq=%E6%96%AF%E6%8B%89%E5%A4%AB%E4%BA%BA+%E4%BF%84%E8%AF%AD&gs_lp=EhNtb2JpbGUtZ3dzLXdpei1zZXJwIhPmlq_mi4nlpKvkurog5L-E6K-tMgQQIxgnMgQQIxgnMgQQIxgnMgYQABgHGB4yBRAAGIAEMgUQABiABDIFEAAYgAQyBhAAGAcYHki3KFCbDlj2J3ADeAGQAQCYAcICoAGVF6oBBzAuNi41LjK4AQPIAQD4AQGYAgegAp8GwgIKEAAYsAMY1gQYR8ICFxAuGLADGLgGGNgCGMgDGNoGGNwG2AEBwgIIEAAYgAQYogTCAgUQABjvBZgDAIgGAZAGELoGBAgBGBmSBwUzLjMuMaAHrCyyBwUwLjMuMbgHjQbCBwcwLjQuMi4xyAcZgAgA&sclient=mobile-gws-wiz-serp,斯拉夫人 俄语 - Google Search
2026-08-02T03:01:15.751Z,https://www.google.com/search?q=%E6%97%A5%E8%80%B3%E6%9B%BC%E4%BA%BA+%E4%BF%84%E8%AF%AD&sca_esv=eab133250435ac59&hl=en-US&biw=402&bih=674&sxsrf=APpeQntUzBsliqHsIBOODRWo2kSNw-4QWg%3A1785639552920&ei=gLJuarrcN-jn2roP79yWmQk&oq=%E6%97%A5%E8%80%B3%E6%9B%BC%E4%BA%BA+%E4%BF%84%E8%AF%AD&gs_lp=EhNtb2JpbGUtZ3dzLXdpei1zZXJwIhPml6XogLPmm7zkurog5L-E6K-tMgQQIxgnMgQQIxgnMgQQIxgnMgYQABgHGB4yBRAAGIAEMgUQABiABDIFEAAYgAQyBhAAGAcYHkivQFCxD1ilPHADeAGQAQGYAZ8PoAG-KaoBBzYtNC4wLjG4AQPIAQD4AQGYAgSgAvQFwgIKEAAYsAMY1gQYR8ICFxAuGLADGLgGGNgCGMgDGNoGGNwG2AEBmAMAiAYBkAYQugYECAEYGZIHBTMuNS0xoAeIFLIHAzUtMbgH4gXCBwcwLjEuMi4xyAcTgAgA&sclient=mobile-gws-wiz-serp#sbfbu=1&pi=%E6%97%A5%E8%80%B3%E6%9B%BC%E4%BA%BA%20%E4%BF%84%E8%AF%AD,日耳曼人 俄语 - Google Search
2026-08-02T03:01:05.872Z,https://www.google.com/search?q=%E6%97%A5%E8%80%B3%E6%9B%BC%E4%BA%BA+%E4%BF%84%E8%AF%AD&sca_esv=eab133250435ac59&hl=en-US&biw=402&bih=674&sxsrf=APpeQntUzBsliqHsIBOODRWo2kSNw-4QWg%3A1785639552920&ei=gLJuarrcN-jn2roP79yWmQk&oq=%E6%97%A5%E8%80%B3%E6%9B%BC%E4%BA%BA+%E4%BF%84%E8%AF%AD&gs_lp=EhNtb2JpbGUtZ3dzLXdpei1zZXJwIhPml6XogLPmm7zkurog5L-E6K-tMgQQIxgnMgQQIxgnMgQQIxgnMgYQABgHGB4yBRAAGIAEMgUQABiABDIFEAAYgAQyBhAAGAcYHkivQFCxD1ilPHADeAGQAQGYAZ8PoAG-KaoBBzYtNC4wLjG4AQPIAQD4AQGYAgSgAvQFwgIKEAAYsAMY1gQYR8ICFxAuGLADGLgGGNgCGMgDGNoGGNwG2AEBmAMAiAYBkAYQugYECAEYGZIHBTMuNS0xoAeIFLIHAzUtMbgH4gXCBwcwLjEuMi4xyAcTgAgA&sclient=mobile-gws-wiz-serp,日耳曼人 俄语 - Google Search
2026-08-02T03:00:47.205Z,https://www.google.com/search?q=%E4%B8%AD%E4%B8%96%E7%BA%AA+%E8%9B%AE%E6%97%8F+%E4%BF%84%E8%AF%AD&sca_esv=eab133250435ac59&hl=en-US&biw=402&bih=674&sxsrf=APpeQnsMyt_7c2Y1mZkz_AykW2vNfwTAyQ%3A1785639326643&ei=nrFuaoLrJtPa1e8P1I6H-QQ&oq=%E4%B8%AD%E4%B8%96%E7%BA%AA+%E8%9B%AE%E6%97%8F+%E4%BF%84%E8%AF%AD&gs_lp=EhNtb2JpbGUtZ3dzLXdpei1zZXJwGgIYAiIX5Lit5LiW57qqIOibruaXjyDkv4Tor60yBRAhGKABMgUQIRigATIFEAAY7wUyBRAAGO8FMgUQABjvBTIFEAAY7wUyBRAAGO8FSPt_UOQNWL5_cBh4AZABBpgBuAygAbBkqgESMS4xLjE4LjYuMS40LjIuMC4xuAEDyAEA-AEBmAIzoALiQ6gCHsICChAAGLADGNYEGEfCAgcQIxgnGOoCwgINECMY8AUYJxjqAhieBsICDRAjGPAFGCcYyQIY6gLCAgoQIxjwBRgnGOoCwgIEECMYJ8ICCxAuGIAEGJECGIoFwgIQEC4YgAQYsQMYQxiDARiKBcICERAuGIAEGLEDGNEDGIMBGMcBwgIOEAAYgAQYsQMYgwEYigXCAggQLhiABBixA8ICDhAuGIAEGJECGLEDGIoFwgIKEC4YgAQYQxiKBcICBRAuGIAEwgILEC4YgAQYsQMYgwHCAgUQABiABMICCxAAGIAEGJECGIoFwgIKEAAYgAQYQxiKBcICBBAAGAPCAg0QABiABBhDGIoFGIsDwgIREC4YgAQYqAMYywEYiwMYnQPCAggQABiABBjLAcICCxAAGIAEGIYDGIoFwgIHEAAYgAQYDcICCRAAGIAEGAoYDcICBhAAGA0YHsICCBAAGAoYDRgewgIIEAAYCBgNGB7CAgoQABgIGAoYDRgewgIKEAAYgAQYChiLA8ICCBAAGIAEGIsDwgINEAAYgAQYChjLARiLA8ICDhAuGIAEGKgDGJoDGIsDwgIKEAAYgAQYChjLAcICCRAAGIAEGAoYC8ICBhAAGBYYHsICCBAAGBYYChgewgIEEAAYHsICBhAAGAQYHpgDBfEFm8rVYDKySCGIBgGQBgqSBw8yNS4xLjE2LjQuNC4wLjGgB7rEAbIHDjEuMS4xNi40LjQuMC4xuAf8QsIHCTEuMjYuMjMuMcgHkAGACAA&sclient=mobile-gws-wiz-serp#sbfbu=1&pi=%E4%B8%AD%E4%B8%96%E7%BA%AA%20%E8%9B%AE%E6%97%8F%20%E4%BF%84%E8%AF%AD,中世纪 蛮族 俄语 - Google Search
2026-08-02T02:59:12.911Z,https://www.google.com/search?q=%E4%B8%AD%E4%B8%96%E7%BA%AA+%E8%9B%AE%E6%97%8F+%E4%BF%84%E8%AF%AD&sca_esv=eab133250435ac59&hl=en-US&biw=402&bih=674&sxsrf=APpeQnsMyt_7c2Y1mZkz_AykW2vNfwTAyQ%3A1785639326643&ei=nrFuaoLrJtPa1e8P1I6H-QQ&oq=%E4%B8%AD%E4%B8%96%E7%BA%AA+%E8%9B%AE%E6%97%8F+%E4%BF%84%E8%AF%AD&gs_lp=EhNtb2JpbGUtZ3dzLXdpei1zZXJwGgIYAiIX5Lit5LiW57qqIOibruaXjyDkv4Tor60yBRAhGKABMgUQIRigATIFEAAY7wUyBRAAGO8FMgUQABjvBTIFEAAY7wUyBRAAGO8FSPt_UOQNWL5_cBh4AZABBpgBuAygAbBkqgESMS4xLjE4LjYuMS40LjIuMC4xuAEDyAEA-AEBmAIzoALiQ6gCHsICChAAGLADGNYEGEfCAgcQIxgnGOoCwgINECMY8AUYJxjqAhieBsICDRAjGPAFGCcYyQIY6gLCAgoQIxjwBRgnGOoCwgIEECMYJ8ICCxAuGIAEGJECGIoFwgIQEC4YgAQYsQMYQxiDARiKBcICERAuGIAEGLEDGNEDGIMBGMcBwgIOEAAYgAQYsQMYgwEYigXCAggQLhiABBixA8ICDhAuGIAEGJECGLEDGIoFwgIKEC4YgAQYQxiKBcICBRAuGIAEwgILEC4YgAQYsQMYgwHCAgUQABiABMICCxAAGIAEGJECGIoFwgIKEAAYgAQYQxiKBcICBBAAGAPCAg0QABiABBhDGIoFGIsDwgIREC4YgAQYqAMYywEYiwMYnQPCAggQABiABBjLAcICCxAAGIAEGIYDGIoFwgIHEAAYgAQYDcICCRAAGIAEGAoYDcICBhAAGA0YHsICCBAAGAoYDRgewgIIEAAYCBgNGB7CAgoQABgIGAoYDRgewgIKEAAYgAQYChiLA8ICCBAAGIAEGIsDwgINEAAYgAQYChjLARiLA8ICDhAuGIAEGKgDGJoDGIsDwgIKEAAYgAQYChjLAcICCRAAGIAEGAoYC8ICBhAAGBYYHsICCBAAGBYYChgewgIEEAAYHsICBhAAGAQYHpgDBfEFm8rVYDKySCGIBgGQBgqSBw8yNS4xLjE2LjQuNC4wLjGgB7rEAbIHDjEuMS4xNi40LjQuMC4xuAf8QsIHCTEuMjYuMjMuMcgHkAGACAA&sclient=mobile-gws-wiz-serp,中世纪 蛮族 俄语 - Google Search
2026-08-02T02:58:56.166Z,https://www.google.com/search?q=%E6%B2%99%E4%B8%98+%E4%BF%84%E8%AF%AD&sca_esv=eab133250435ac59&hl=en-US&sxsrf=APpeQnsP-kvULzE19ctaxdbS3jwkLaIpTA%3A1785638984362&ei=SLBuavu3FZfq1e8Pv8WiqA8&biw=402&bih=674&oq=%E6%B2%99%E4%B8%98+%E4%BF%84%E8%AF%AD&gs_lp=EhNtb2JpbGUtZ3dzLXdpei1zZXJwGgIYAiIN5rKZ5LiYIOS_hOivrTIFECEYoAEyBRAhGKABMgUQIRigATIFECEYoAFIgkFQmxJY5j5wC3gBkAEEmAGfAqAB_RiqAQYwLjEzLjS4AQPIAQD4AQGYAhKgAu8OqAIewgIKEAAYsAMY1gQYR8ICFxAuGLADGLgGGNgCGMgDGNoGGNwG2AEBwgIHECMYJxjqAsICDRAjGPAFGCcY6gIYngbCAg0QIxjwBRgnGMkCGOoCwgIKECMY8AUYJxjqAsICBBAjGCfCAgsQLhiABBiRAhiKBcICCxAuGIAEGNEDGMcBwgIFEAAYgATCAgsQABiABBiRAhiKBcICBRAuGIAEwgIIEAAYgAQYywHCAgYQABgWGB7CAgoQLhiABBhDGIoFwgIQEC4YgAQYsQMYQxiDARiKBcICCxAuGIAEGLEDGIMBwgIIEAAYgAQYiwPCAg4QLhiABBikAxioAxiLA8ICDhAuGIAEGLEDGIMBGIoFwgIOEC4YgAQYqAMYiwMYnAPCAgUQABjvBZgDB_EF38VHIfNNtnGIBgGQBhC6BgQIARgZkgcFOC44LjKgB55nsgcFMC44LjK4B8kOwgcIMC4xMC43LjHIBzaACAA&sclient=mobile-gws-wiz-serp#sbfbu=1&pi=%E6%B2%99%E4%B8%98%20%E4%BF%84%E8%AF%AD,沙丘 俄语 - Google Search
2026-08-02T02:55:26.978Z,https://www.google.com/search?q=%E6%B2%99%E4%B8%98+%E4%BF%84%E8%AF%AD&sca_esv=eab133250435ac59&hl=en-US&sxsrf=APpeQnsP-kvULzE19ctaxdbS3jwkLaIpTA%3A1785638984362&ei=SLBuavu3FZfq1e8Pv8WiqA8&biw=402&bih=674&oq=%E6%B2%99%E4%B8%98+%E4%BF%84%E8%AF%AD&gs_lp=EhNtb2JpbGUtZ3dzLXdpei1zZXJwGgIYAiIN5rKZ5LiYIOS_hOivrTIFECEYoAEyBRAhGKABMgUQIRigATIFECEYoAFIgkFQmxJY5j5wC3gBkAEEmAGfAqAB_RiqAQYwLjEzLjS4AQPIAQD4AQGYAhKgAu8OqAIewgIKEAAYsAMY1gQYR8ICFxAuGLADGLgGGNgCGMgDGNoGGNwG2AEBwgIHECMYJxjqAsICDRAjGPAFGCcY6gIYngbCAg0QIxjwBRgnGMkCGOoCwgIKECMY8AUYJxjqAsICBBAjGCfCAgsQLhiABBiRAhiKBcICCxAuGIAEGNEDGMcBwgIFEAAYgATCAgsQABiABBiRAhiKBcICBRAuGIAEwgIIEAAYgAQYywHCAgYQABgWGB7CAgoQLhiABBhDGIoFwgIQEC4YgAQYsQMYQxiDARiKBcICCxAuGIAEGLEDGIMBwgIIEAAYgAQYiwPCAg4QLhiABBikAxioAxiLA8ICDhAuGIAEGLEDGIMBGIoFwgIOEC4YgAQYqAMYiwMYnAPCAgUQABjvBZgDB_EF38VHIfNNtnGIBgGQBhC6BgQIARgZkgcFOC44LjKgB55nsgcFMC44LjK4B8kOwgcIMC4xMC43LjHIBzaACAA&sclient=mobile-gws-wiz-serp,沙丘 俄语 - Google Search
2026-08-02T02:55:18.030Z,https://www.google.com/search?q=Russian+%E9%97%A8%E6%8D%B7%E5%88%97%E5%A4%AB&oq=Russian+%E9%97%A8%E6%8D%B7%E5%88%97%E5%A4%AB&gs_lcrp=EghlZGdlX2lvcyoGCAAQRRg5MgYIABBFGDkyBwgBEOsHGEDSAQkxOTYxM2owajSoAgCwAgHiAwQYAiBf&hl=en-US&sourceid=chrome-mobile&source=chrome.ob&ie=UTF-8#sbfbu=1&pi=Russian%20%E9%97%A8%E6%8D%B7%E5%88%97%E5%A4%AB,Russian 门捷列夫 - Google Search
2026-08-02T02:49:44.422Z,https://www.google.com/search?q=Russian+%E9%97%A8%E6%8D%B7%E5%88%97%E5%A4%AB&oq=Russian+%E9%97%A8%E6%8D%B7%E5%88%97%E5%A4%AB&gs_lcrp=EghlZGdlX2lvcyoGCAAQRRg5MgYIABBFGDkyBwgBEOsHGEDSAQkxOTYxM2owajSoAgCwAgHiAwQYAiBf&hl=en-US&sourceid=chrome-mobile&source=chrome.ob&ie=UTF-8,Russian 门捷列夫 - Google Search
2026-08-02T02:49:21.572Z,https://aicoffee.app/#/dashboard,CoffeeCloud
2026-08-02T02:32:18.089Z,https://www.google.com/search?q=%E5%85%83%E7%B4%A0%E5%91%A8%E6%9C%9FRussian++translate&sca_esv=586bba014b77c241&biw=980&bih=495&ei=QapuaumBH6b61e8Po_b2oQk&ved=0ahUKEwipppjr8YCWAxUmffUHHSO7PZQQ4dUDCBA&uact=5&oq=%E5%85%83%E7%B4%A0%E5%91%A8%E6%9C%9FRussian++translate&gs_lp=Egxnd3Mtd2l6LXNlcnAiHuWFg-e0oOWRqOacn1J1c3NpYW4gIHRyYW5zbGF0ZTIIEAAYgAQYogQyCBAAGIAEGKIEMggQABiABBiiBDIFEAAY7wUyBRAAGO8FSKaQAVCIdli6jQFwAngBkAEAmAHRAaAB0QGqAQMyLTG4AQPIAQD4AQGYAgOgAuYBwgIKEAAYRxjWBBiwA5gDAIgGAZAGCpIHBTIuMC4xoAf0AbIHAzItMbgH2AHCBwMyLTPIBw6ACAE&sclient=gws-wiz-serp,元素周期Russian translate - Google 搜索
2026-08-02T02:32:15.160Z,https://www.google.com/search?q=%E5%85%83%E7%B4%A0%E5%91%A8%E6%9C%9FRussian++translate&sca_esv=586bba014b77c241&biw=980&bih=495&ei=QapuaumBH6b61e8Po_b2oQk&ved=0ahUKEwipppjr8YCWAxUmffUHHSO7PZQQ4dUDCBA&uact=5&oq=%E5%85%83%E7%B4%A0%E5%91%A8%E6%9C%9FRussian++translate&gs_lp=Egxnd3Mtd2l6LXNlcnAiHuWFg-e0oOWRqOacn1J1c3NpYW4gIHRyYW5zbGF0ZTIIEAAYgAQYogQyCBAAGIAEGKIEMggQABiABBiiBDIFEAAY7wUyBRAAGO8FSKaQAVCIdli6jQFwAngBkAEAmAHRAaAB0QGqAQMyLTG4AQPIAQD4AQGYAgOgAuYBwgIKEAAYRxjWBBiwA5gDAIgGAZAGCpIHBTIuMC4xoAf0AbIHAzItMbgH2AHCBwMyLTPIBw6ACAE&sclient=gws-wiz-serp,元素周期Russian translate - Google 搜索
2026-08-02T02:24:03.887Z,https://www.google.com/search?q=%E7%99%BE%E4%B8%87%E8%8B%B1%E9%95%91+French++translate&sca_esv=586bba014b77c241&biw=980&bih=495&ei=AKpuavK8H4aQvr0PnortyAI&ved=0ahUKEwjyvJnM8YCWAxUGiK8BHR5FGykQ4dUDCBA&uact=5&oq=%E7%99%BE%E4%B8%87%E8%8B%B1%E9%95%91+French++translate&gs_lp=Egxnd3Mtd2l6LXNlcnAiHueZvuS4h-iLsemVkSBGcmVuY2ggIHRyYW5zbGF0ZTIIECEYoAEYwwQyCBAhGKABGMMESNFnUOVLWNVkcAF4AZABAJgBqAGgAdIEqgEDMC40uAEDyAEA-AEBmAIFoALvBMICChAAGEcY1gQYsAPCAggQABiABBiiBMICBRAAGO8FmAMAiAYBkAYKkgcDMS40oAeYB7IHAzAuNLgH6QTCBwUwLjMuMsgHDoAIAQ&sclient=gws-wiz-serp,百万英镑 French translate - Google 搜索
2026-08-02T02:22:58.893Z,https://www.google.com/search?sca_esv=586bba014b77c241&q=%E5%A5%A5%E6%A5%9A%E8%94%91%E6%B4%9B%E5%A4%AB+Russian+translate&spell=1&sa=X&ved=2ahUKEwj-1aHL8YCWAxV0h68BHblJDKsQBSgAegQIDRAB&biw=980&bih=495&dpr=3.33,奥楚蔑洛夫 Russian translate - Google 搜索
2026-08-02T02:22:56.949Z,https://www.google.com/search?q=%E5%A5%A5%E6%A5%9A%E8%94%91%E8%AF%BA%E5%A4%AB+Russian+translate&sca_esv=586bba014b77c241&biw=980&bih=495&ei=U6luatidL9DBvr0Phu658QU&ved=0ahUKEwiYk-r58ICWAxXQoK8BHQZ3Ll4Q4dUDCBA&uact=5&oq=%E5%A5%A5%E6%A5%9A%E8%94%91%E8%AF%BA%E5%A4%AB+Russian+translate&gs_lp=Egxnd3Mtd2l6LXNlcnAiIeWlpealmuiUkeivuuWkqyBSdXNzaWFuIHRyYW5zbGF0ZTIMECEYChigARjDBBgqSP1IUKpFWKpFcAJ4AZABAJgBoAKgAaACqgEDMi0xuAEDyAEA-AEBmAIDoAK6AsICChAAGEcY1gQYsAOYAwCIBgGQBgqSBwUyLjAuMaAHvAKyBwMyLTG4B6cCwgcFMi0yLjHIBxKACAE&sclient=gws-wiz-serp,奥楚蔑诺夫 Russian translate - Google 搜索
2026-08-02T02:20:06.156Z,https://www.google.com/search?q=%E4%BF%9D%E5%B0%94%E6%9F%AF%E5%AF%9F+Russian+translate&sca_esv=586bba014b77c241&biw=980&bih=495&ei=9qhuav7PAYSG1e8PieLGqA4&ved=0ahUKEwj-opDN8ICWAxUEQ_UHHQmxEeUQ4dUDCBA&uact=5&oq=%E4%BF%9D%E5%B0%94%E6%9F%AF%E5%AF%9F+Russian+translate&gs_lp=Egxnd3Mtd2l6LXNlcnAiHuS_neWwlOafr-WvnyBSdXNzaWFuIHRyYW5zbGF0ZTIFEAAY7wUyBRAAGO8FMggQABiABBiiBDIFEAAY7wVI02RQ_0hY82NwA3gBkAEAmAG8AaAB-AKqAQMwLjK4AQPIAQD4AQGYAgWgApsDwgIKEAAYRxjWBBiwA8ICCBAhGKABGMMEmAMAiAYBkAYKkgcDMy4yoAfVArIHAzAuMrgHggPCBwUwLjEuNMgHF4AIAQ&sclient=gws-wiz-serp,保尔柯察 Russian translate - Google 搜索
2026-08-02T02:18:32.397Z,https://www.google.com/search?q=%E6%B2%99%E4%BF%84%E5%B8%9D%E5%9B%BD+Russian+translate&sca_esv=586bba014b77c241&biw=980&bih=495&ei=66huavTeJamevr0P1ZLM-Q0&ved=0ahUKEwi0gJXI8ICWAxUpj68BHVUJM98Q4dUDCBA&uact=5&oq=%E6%B2%99%E4%BF%84%E5%B8%9D%E5%9B%BD+Russian+translate&gs_lp=Egxnd3Mtd2l6LXNlcnAiHuaymeS_hOW4neWbvSBSdXNzaWFuIHRyYW5zbGF0ZTIFEAAY7wUyCBAAGIAEGKIEMgUQABjvBTIIEAAYgAQYogQyBRAAGO8FSNtHUJQuWLA-cAJ4AZABAJgBqAGgAcwCqgEDMC4yuAEDyAEA-AEBmAIEoALiAsICChAAGEcY1gQYsAPCAggQIRigARjDBJgDAIgGAZAGCpIHAzIuMqAH4gKyBwMwLjK4B9UCwgcFMC4xLjPIBw6ACAE&sclient=gws-wiz-serp,沙俄帝国 Russian translate - Google 搜索
2026-08-02T02:18:21.979Z,https://www.google.com/search?q=%E6%8B%89%E8%A5%BF%E6%99%AE%E4%BA%AC+Russian+translate&sca_esv=586bba014b77c241&biw=980&bih=495&ei=ZKZuas-NAtCFvr0PpLvtmQM&ved=0ahUKEwjPz6-T7oCWAxXQgq8BHaRdOzMQ4dUDCBA&uact=5&oq=%E6%8B%89%E8%A5%BF%E6%99%AE%E4%BA%AC+Russian+translate&gs_lp=Egxnd3Mtd2l6LXNlcnAiHuaLieilv-aZruS6rCBSdXNzaWFuIHRyYW5zbGF0ZTIFEAAY7wUyCBAAGIAEGKIEMggQABiABBiiBDIIEAAYgAQYogRI2kdQ4g9Yp0NwAngAkAECmAHkCqABhSuqAQczLTEuNy00uAEDyAEA-AEBmAIEoAKTDcICCBAAGO8FGLADwgIGEAAYBxgemAMAiAYBkAYFkgcJMi4zLTEuNy0xoAfFELIHBzMtMS43LTG4B4UNwgcDMi00yAcRgAgB&sclient=gws-wiz-serp,拉西普京 Russian translate - Google 搜索
2026-08-02T02:16:12.078Z,https://www.google.com/search?q=%E6%8B%89%E8%A5%BF%E6%99%AE%E4%BA%AC+Russian+translate&sca_esv=586bba014b77c241&biw=980&bih=495&ei=ZKZuas-NAtCFvr0PpLvtmQM&ved=0ahUKEwjPz6-T7oCWAxXQgq8BHaRdOzMQ4dUDCBA&uact=5&oq=%E6%8B%89%E8%A5%BF%E6%99%AE%E4%BA%AC+Russian+translate&gs_lp=Egxnd3Mtd2l6LXNlcnAiHuaLieilv-aZruS6rCBSdXNzaWFuIHRyYW5zbGF0ZTIFEAAY7wUyCBAAGIAEGKIEMggQABiABBiiBDIIEAAYgAQYogRI2kdQ4g9Yp0NwAngAkAECmAHkCqABhSuqAQczLTEuNy00uAEDyAEA-AEBmAIEoAKTDcICCBAAGO8FGLADwgIGEAAYBxgemAMAiAYBkAYFkgcJMi4zLTEuNy0xoAfFELIHBzMtMS43LTG4B4UNwgcDMi00yAcRgAgB&sclient=gws-wiz-serp,拉西普京 Russian translate - Google 搜索
2026-08-02T02:15:57.403Z,https://www.google.com/search?q=%E6%8B%89%E8%A5%BF%E6%99%AE%E4%BA%AC+Russian+translate&sca_esv=586bba014b77c241&biw=980&bih=495&ei=ZKZuas-NAtCFvr0PpLvtmQM&ved=0ahUKEwjPz6-T7oCWAxXQgq8BHaRdOzMQ4dUDCBA&uact=5&oq=%E6%8B%89%E8%A5%BF%E6%99%AE%E4%BA%AC+Russian+translate&gs_lp=Egxnd3Mtd2l6LXNlcnAiHuaLieilv-aZruS6rCBSdXNzaWFuIHRyYW5zbGF0ZTIFEAAY7wUyCBAAGIAEGKIEMggQABiABBiiBDIIEAAYgAQYogRI2kdQ4g9Yp0NwAngAkAECmAHkCqABhSuqAQczLTEuNy00uAEDyAEA-AEBmAIEoAKTDcICCBAAGO8FGLADwgIGEAAYBxgemAMAiAYBkAYFkgcJMi4zLTEuNy0xoAfFELIHBzMtMS43LTG4B4UNwgcDMi00yAcRgAgB&sclient=gws-wiz-serp,拉西普京 Russian translate - Google 搜索
2026-08-02T02:07:34.383Z,https://www.google.com/search?q=multiple+species+Russian+translate&sca_esv=586bba014b77c241&biw=980&bih=495&ei=LqZuaoahMeWzvr0Pt8PdkAw&ved=0ahUKEwiG8P757YCWAxXlma8BHbdhF8IQ4dUDCBA&uact=5&oq=multiple+species+Russian+translate&gs_lp=Egxnd3Mtd2l6LXNlcnAiIm11bHRpcGxlIHNwZWNpZXMgUnVzc2lhbiB0cmFuc2xhdGUyBRAAGO8FMgUQABjvBTIIEAAYgAQYogQyBRAAGO8FMgUQABjvBUj9KFCJIlizJHABeACQAQCYAbQBoAHDAqoBAzAuMrgBA8gBAPgBAZgCA6AC2gLCAgsQABgIGB4YsAMYCsICCBAAGO8FGLADwgILEAAYgAQYogQYsAOYAwCIBgGQBgaSBwMxLjKgB5YEsgcDMC4yuAfQAsIHAzItM8gHDoAIAQ&sclient=gws-wiz-serp,multiple species Russian translate - Google 搜索
2026-08-02T02:06:41.173Z,https://www.google.com/search?q=species+Russian+translate&sca_esv=586bba014b77c241&biw=980&bih=495&ei=JqZuauyzCd7I1e8PhuSumAM&oq=species+Russian+translate&gs_lp=EhNtb2JpbGUtZ3dzLXdpei1zZXJwIhlzcGVjaWVzIFJ1c3NpYW4gdHJhbnNsYXRlMgQQABgeMgYQABgFGB4yBhAAGAUYHjIGEAAYCBgeMgYQABgIGB4yBhAAGAgYHjIGEAAYCBgeMgYQABgIGB5IlDNQ6AFYqjJwAHgCkAEAmAGeAqABlwSqAQUwLjIuMbgBA8gBAPgBAZgCBKACsQTCAgQQABhHwgIKEAAYgAQYigUYQ8ICBRAAGIAEmAMAiAYBkAYKkgcFMS4yLjGgB8sMsgcFMC4yLjG4B6YEwgcFMi0zLjHIBxaACAE&sclient=mobile-gws-wiz-serp,species Russian translate - Google 搜索
2026-08-02T02:06:40.952Z,https://www.google.com/search?q=species&sca_esv=586bba014b77c241&ei=w6RuaqnMGr_M1e8PsI71iQY&biw=980&bih=495&oq=specice&gs_lp=Egxnd3Mtd2l6LXNlcnAiB3NwZWNpY2UqAggAMgoQABiABBiKBRhDMgkQABiABBgKGAsyCRAAGIAEGAoYCzIJEAAYgAQYChgLMgkQABiABBgKGAsyCRAAGIAEGAoYCzIJEAAYgAQYChgLMgkQABiABBgKGAsyCRAAGIAEGAoYCzIJEAAYgAQYChgLSOymAVD3lQFY95UBcAJ4AJABAJgBpgGgAb4CqgEDMC4yuAEByAEA-AEBmAIDoALQAagCA8ICChAAGEcY1gQYsAPCAiAQABiABBiKBRjUAxjlAhjnBhjqAhi0AhiKAxi3A9gBAZgDC_EFJLo5HDr1JsWIBgGQBgq6BgQIARgHkgcDMi4xoAeHFrIHAzAuMbgHsQHCBwMzLTPIBx6ACAE&sclient=gws-wiz-serp,species - Google 搜索
2026-08-02T02:06:35.889Z,https://www.google.com/search?q=species&sca_esv=586bba014b77c241&ei=w6RuaqnMGr_M1e8PsI71iQY&biw=980&bih=495&oq=specice&gs_lp=Egxnd3Mtd2l6LXNlcnAiB3NwZWNpY2UqAggAMgoQABiABBiKBRhDMgkQABiABBgKGAsyCRAAGIAEGAoYCzIJEAAYgAQYChgLMgkQABiABBgKGAsyCRAAGIAEGAoYCzIJEAAYgAQYChgLMgkQABiABBgKGAsyCRAAGIAEGAoYCzIJEAAYgAQYChgLSOymAVD3lQFY95UBcAJ4AJABAJgBpgGgAb4CqgEDMC4yuAEByAEA-AEBmAIDoALQAagCA8ICChAAGEcY1gQYsAPCAiAQABiABBiKBRjUAxjlAhjnBhjqAhi0AhiKAxi3A9gBAZgDC_EFJLo5HDr1JsWIBgGQBgq6BgQIARgHkgcDMi4xoAeHFrIHAzAuMbgHsQHCBwMzLTPIBx6ACAE&sclient=gws-wiz-serp#sbfbu=1&pi=species,species - Google 搜索
2026-08-02T02:06:34.396Z,https://www.google.com/search?q=species&sca_esv=586bba014b77c241&ei=w6RuaqnMGr_M1e8PsI71iQY&biw=980&bih=495&oq=specice&gs_lp=Egxnd3Mtd2l6LXNlcnAiB3NwZWNpY2UqAggAMgoQABiABBiKBRhDMgkQABiABBgKGAsyCRAAGIAEGAoYCzIJEAAYgAQYChgLMgkQABiABBgKGAsyCRAAGIAEGAoYCzIJEAAYgAQYChgLMgkQABiABBgKGAsyCRAAGIAEGAoYCzIJEAAYgAQYChgLSOymAVD3lQFY95UBcAJ4AJABAJgBpgGgAb4CqgEDMC4yuAEByAEA-AEBmAIDoALQAagCA8ICChAAGEcY1gQYsAPCAiAQABiABBiKBRjUAxjlAhjnBhjqAhi0AhiKAxi3A9gBAZgDC_EFJLo5HDr1JsWIBgGQBgq6BgQIARgHkgcDMi4xoAeHFrIHAzAuMbgHsQHCBwMzLTPIBx6ACAE&sclient=gws-wiz-serp#sbfbu=1&pi=species,species - Google 搜索
2026-08-02T02:06:33.651Z,https://www.google.com/search?q=species&sca_esv=586bba014b77c241&ei=w6RuaqnMGr_M1e8PsI71iQY&biw=980&bih=495&oq=specice&gs_lp=Egxnd3Mtd2l6LXNlcnAiB3NwZWNpY2UqAggAMgoQABiABBiKBRhDMgkQABiABBgKGAsyCRAAGIAEGAoYCzIJEAAYgAQYChgLMgkQABiABBgKGAsyCRAAGIAEGAoYCzIJEAAYgAQYChgLMgkQABiABBgKGAsyCRAAGIAEGAoYCzIJEAAYgAQYChgLSOymAVD3lQFY95UBcAJ4AJABAJgBpgGgAb4CqgEDMC4yuAEByAEA-AEBmAIDoALQAagCA8ICChAAGEcY1gQYsAPCAiAQABiABBiKBRjUAxjlAhjnBhjqAhi0AhiKAxi3A9gBAZgDC_EFJLo5HDr1JsWIBgGQBgq6BgQIARgHkgcDMi4xoAeHFrIHAzAuMbgHsQHCBwMzLTPIBx6ACAE&sclient=gws-wiz-serp,species - Google 搜索
2026-08-02T02:06:32.679Z,https://www.google.com/search?q=species&sca_esv=586bba014b77c241&ei=w6RuaqnMGr_M1e8PsI71iQY&biw=980&bih=495&oq=specice&gs_lp=Egxnd3Mtd2l6LXNlcnAiB3NwZWNpY2UqAggAMgoQABiABBiKBRhDMgkQABiABBgKGAsyCRAAGIAEGAoYCzIJEAAYgAQYChgLMgkQABiABBgKGAsyCRAAGIAEGAoYCzIJEAAYgAQYChgLMgkQABiABBgKGAsyCRAAGIAEGAoYCzIJEAAYgAQYChgLSOymAVD3lQFY95UBcAJ4AJABAJgBpgGgAb4CqgEDMC4yuAEByAEA-AEBmAIDoALQAagCA8ICChAAGEcY1gQYsAPCAiAQABiABBiKBRjUAxjlAhjnBhjqAhi0AhiKAxi3A9gBAZgDC_EFJLo5HDr1JsWIBgGQBgq6BgQIARgHkgcDMi4xoAeHFrIHAzAuMbgHsQHCBwMzLTPIBx6ACAE&sclient=gws-wiz-serp,species - Google 搜索
2026-08-02T02:06:07.792Z,https://www.google.com/search?q=%D0%A7%D1%82%D0%BE+%D1%82%D0%B0%D0%BA%D0%BE%D0%B5+Docker&oq=%D0%A7%D1%82%D0%BE+%D1%82%D0%B0%D0%BA%D0%BE%D0%B5+Docker&gs_lcrp=EgxlZGdlX2FuZHJvaWQqCwgAEEUYExg5GIAEMgsIABBFGBMYORiABDIHCAEQ6wcYQDIGCAIQRRhBMgkIAxAAGBMYgAQyCQgEEAAYExiABDIJCAUQABgTGIAEMgkIBhAAGBMYgAQyCQgHEAAYExiABNIBBzY1NWowajSoAgCwAgE&sourceid=chrome-mobile&source=chrome.ob&ie=UTF-8,Что такое Docker - Google 搜索
2026-08-02T02:01:05.101Z,https://ru.wikipedia.org/wiki/Docker,Docker — Википедия
2026-08-02T02:01:01.309Z,https://ru.wikipedia.org/wiki/Docker#/media/%D0%A4%D0%B0%D0%B9%D0%BB:Docker_commands_screenshot.webp,Docker — Википедия
2026-08-02T02:01:01.300Z,https://ru.wikipedia.org/wiki/Docker#/media/%D0%A4%D0%B0%D0%B9%D0%BB:Docker_commands_screenshot.webp,Docker — Википедия
2026-08-02T02:00:48.538Z,https://ru.wikipedia.org/wiki/Docker,Docker — Википедия
2026-08-02T02:00:37.773Z,https://www.google.com/search?q=%D0%A7%D1%82%D0%BE+%D1%82%D0%B0%D0%BA%D0%BE%D0%B5+Docker&oq=%D0%A7%D1%82%D0%BE+%D1%82%D0%B0%D0%BA%D0%BE%D0%B5+Docker&gs_lcrp=EgxlZGdlX2FuZHJvaWQqCwgAEEUYExg5GIAEMgsIABBFGBMYORiABDIHCAEQ6wcYQDIGCAIQRRhBMgkIAxAAGBMYgAQyCQgEEAAYExiABDIJCAUQABgTGIAEMgkIBhAAGBMYgAQyCQgHEAAYExiABNIBBzY1NWowajSoAgCwAgE&sourceid=chrome-mobile&source=chrome.ob&ie=UTF-8,Что такое Docker - Google 搜索
2026-08-02T02:00:29.745Z,https://habr.com/ru/companies/netologyru/articles/967546/,Docker для начинающих: что это такое и как пользоваться / Хабр
2026-08-02T02:00:26.630Z,https://www.google.com/search?q=Docker-%D0%BA%D0%BE%D0%BD%D1%82%D0%B5%D0%B9%D0%BD%D0%B5%D1%80&sca_esv=586bba014b77c241&biw=980&bih=495&ei=i6RuatCoMfWm1e8PtNW0yQ0&ved=0ahUKEwiQmpmy7ICWAxV1U_UHHbQqLdkQ4dUDCBA&uact=5&oq=Docker-%D0%BA%D0%BE%D0%BD%D1%82%D0%B5%D0%B9%D0%BD%D0%B5%D1%80&gs_lp=Egxnd3Mtd2l6LXNlcnAiGURvY2tlci3QutC-0L3RgtC10LnQvdC10YAyBxAAGIAEGBMyBxAAGIAEGBMyBxAAGIAEGBMyBhAAGB4YEzIGEAAYHhgTMgYQABgeGBMyBhAAGB4YEzIGEAAYHhgTMgYQABgeGBMyBhAAGB4YE0iFDVCYBliYBnABeAGQAQCYAZ0BoAGdAaoBAzAuMbgBA8gBAPgBAZgCAaACpwGoAgCYAwLxBaSIK9W4vWxskgcDMC4xoAfYBLIHAzAuMbgHpwHCBwMyLTHIBweACAE&sclient=gws-wiz-serp,Docker-контейнер - Google 搜索
2026-08-02T02:00:26.609Z,https://habr.com/ru/companies/netologyru/articles/967546/,Docker для начинающих: что это такое и как пользоваться / Хабр
2026-08-02T02:00:04.402Z,https://habr.com/ru/companies/netologyru/articles/967546/,Docker для начинающих: что это такое и как пользоваться / Хабр
2026-08-02T01:59:51.733Z,https://www.google.com/search?q=Docker-%D0%BA%D0%BE%D0%BD%D1%82%D0%B5%D0%B9%D0%BD%D0%B5%D1%80&sca_esv=586bba014b77c241&biw=980&bih=495&ei=i6RuatCoMfWm1e8PtNW0yQ0&ved=0ahUKEwiQmpmy7ICWAxV1U_UHHbQqLdkQ4dUDCBA&uact=5&oq=Docker-%D0%BA%D0%BE%D0%BD%D1%82%D0%B5%D0%B9%D0%BD%D0%B5%D1%80&gs_lp=Egxnd3Mtd2l6LXNlcnAiGURvY2tlci3QutC-0L3RgtC10LnQvdC10YAyBxAAGIAEGBMyBxAAGIAEGBMyBxAAGIAEGBMyBhAAGB4YEzIGEAAYHhgTMgYQABgeGBMyBhAAGB4YEzIGEAAYHhgTMgYQABgeGBMyBhAAGB4YE0iFDVCYBliYBnABeAGQAQCYAZ0BoAGdAaoBAzAuMbgBA8gBAPgBAZgCAaACpwGoAgCYAwLxBaSIK9W4vWxskgcDMC4xoAfYBLIHAzAuMbgHpwHCBwMyLTHIBweACAE&sclient=gws-wiz-serp,Docker-контейнер - Google 搜索
2026-08-02T01:59:42.157Z,https://www.google.com/search?q=docker+container+%E4%BF%84%E8%AF%AD&sca_esv=586bba014b77c241&ei=aqRuatP6J9iPvr0P1JvzoAQ&biw=980&bih=495&ved=0ahUKEwjT17Gi7ICWAxXYh68BHdTNHEQQ4dUDCBA&uact=5&oq=docker+container+%E4%BF%84%E8%AF%AD&gs_lp=Egxnd3Mtd2l6LXNlcnAiF2RvY2tlciBjb250YWluZXIg5L-E6K-tMgUQABjvBTIFEAAY7wUyCBAAGIAEGKIEMgUQABjvBUiuiAFQsElY7YUBcAJ4AZABAJgB2gGgAfoJqgEFMC40LjO4AQPIAQD4AQGYAgegAqUKqAIAwgIFEAAYgATCAgoQABiABBiKBRhDwgIHEAAYgAQYDMICBRAhGKABmAMC8QUb-JWXUDj8z5IHBTAuNC4zoAfUDbIHBTAuNC4zuAelCsIHBTAuMi41yAcbgAgB&sclient=gws-wiz-serp,docker container 俄语 - Google 搜索
2026-08-02T01:59:30.955Z,https://www.google.com/search?q=sing-box+Russia+%E7%BF%BB%E8%AF%91&oq=sing-box+Russia+%E7%BF%BB%E8%AF%91&gs_lcrp=EgxlZGdlX2FuZHJvaWQqBggAEEUYOTIGCAAQRRg5MgcIARDrBxhAMgYIAhAAGB4yCAgDEAAYCBgeMggIBBAAGAgYHjIICAUQABgIGB4yBwgGEAAY7wUyCggHEAAYgAQYogTSAQg4NDU1ajBqNKgCALACAQ&sourceid=chrome-mobile&source=chrome.ob&ie=UTF-8,sing-box Russia 翻译 - Google 搜索
2026-08-02T01:59:08.982Z,https://www.google.com/search?q=sing-box+Russia+%E7%BF%BB%E8%AF%91&oq=sing-box+Russia+%E7%BF%BB%E8%AF%91&gs_lcrp=EgxlZGdlX2FuZHJvaWQqBggAEEUYOTIGCAAQRRg5MgcIARDrBxhAMgYIAhAAGB4yCAgDEAAYCBgeMggIBBAAGAgYHjIICAUQABgIGB4yBwgGEAAY7wUyCggHEAAYgAQYogTSAQg4NDU1ajBqNKgCALACAQ&sourceid=chrome-mobile&source=chrome.ob&ie=UTF-8,sing-box Russia 翻译 - Google 搜索
2026-08-02T01:52:26.187Z,https://aicoffee.app/#/dashboard,CoffeeCloud
2026-08-02T01:52:25.761Z,https://aicoffee.app/#/login,CoffeeCloud
2026-08-02T01:52:06.276Z,https://aicoffee.app/#/dashboard,CoffeeCloud
2026-08-02T01:51:48.523Z,https://aicoffee.app/#/login,CoffeeCloud
2026-08-02T01:51:38.644Z,https://xn--9kqp0mora.net/,CoffeeCloud
2026-08-02T01:51:33.695Z,https://www.google.com/search?q=%E5%92%96%E5%95%A1%E4%BA%91%E6%9C%BA%E5%9C%BA&oq=%E5%92%96%E5%95%A1%E4%BA%91%E6%9C%BA%E5%9C%BA&gs_lcrp=EgxlZGdlX2FuZHJvaWQqBggAEEUYOTIGCAAQRRg5MgcIARDrBxhAMgYIAhBFGDwyBggDEAUYLDIHCAQQABiABDIHCAUQABiABDIHCAYQABiABDIHCAcQABiABNIBCDYzNzJqMGo5qAIAsAIB&sourceid=chrome-mobile&source=chrome.ob&ie=UTF-8,咖啡云机场 - Google 搜索
2026-08-02T01:41:48.117Z,https://www.google.com/search?q=Russian+%E5%8A%A8%E7%89%A9%E4%B8%96%E7%95%8C%E7%BF%BB%E8%AF%91&sca_esv=586bba014b77c241&ei=SaBuapXeNtXS1e8Ppqin-QI&biw=980&bih=495&ved=0ahUKEwjVpr6q6ICWAxVVafUHHSbUKS8Q4dUDCBA&uact=5&oq=Russian+%E5%8A%A8%E7%89%A9%E4%B8%96%E7%95%8C%E7%BF%BB%E8%AF%91&gs_lp=Egxnd3Mtd2l6LXNlcnAiGlJ1c3NpYW4g5Yqo54mp5LiW55WM57-76K-RMggQABjvBRiwAzIIEAAY7wUYsAMyCBAAGO8FGLADMggQABjvBRiwAzIIEAAY7wUYsANI9iRQ5yNY5yNwAXgAkAEAmAEAoAEAqgEAuAEDyAEA-AEBmAIBoAIKmAMAiAYBkAYFkgcBMaAHALIHALgHAMIHAzItMcgHBoAIAQ&sclient=gws-wiz-serp,Russian 动物世界翻译 - Google 搜索
2026-08-02T01:41:41.275Z,https://www.google.com/search?q=Russian+%E5%8A%A8%E7%89%A9%E4%B8%96%E7%95%8C%E7%BF%BB%E8%AF%91&sca_esv=586bba014b77c241&ei=SaBuapXeNtXS1e8Ppqin-QI&biw=980&bih=495&ved=0ahUKEwjVpr6q6ICWAxVVafUHHSbUKS8Q4dUDCBA&uact=5&oq=Russian+%E5%8A%A8%E7%89%A9%E4%B8%96%E7%95%8C%E7%BF%BB%E8%AF%91&gs_lp=Egxnd3Mtd2l6LXNlcnAiGlJ1c3NpYW4g5Yqo54mp5LiW55WM57-76K-RMggQABjvBRiwAzIIEAAY7wUYsAMyCBAAGO8FGLADMggQABjvBRiwAzIIEAAY7wUYsANI9iRQ5yNY5yNwAXgAkAEAmAEAoAEAqgEAuAEDyAEA-AEBmAIBoAIKmAMAiAYBkAYFkgcBMaAHALIHALgHAMIHAzItMcgHBoAIAQ&sclient=gws-wiz-serp,Russian 动物世界翻译 - Google 搜索
2026-08-02T01:41:37.173Z,https://www.google.com/search?q=Russian+%E5%8A%A8%E7%89%A9%E4%B8%96%E7%95%8C&oq=Russian+%E5%8A%A8%E7%89%A9%E4%B8%96%E7%95%8C&gs_lcrp=EgxlZGdlX2FuZHJvaWQqBggAEEUYOTIGCAAQRRg5MgcIARDrBxhAMgcIAhAhGKAB0gEINzUyN2owajeoAgCwAgE&sourceid=chrome-mobile&source=chrome.ob&ie=UTF-8,Russian 动物世界 - Google 搜索
2026-08-02T01:41:32.440Z,https://www.google.com/search?q=Russian+%E5%8A%A8%E7%89%A9%E4%B8%96%E7%95%8C&oq=Russian+%E5%8A%A8%E7%89%A9%E4%B8%96%E7%95%8C&gs_lcrp=EgxlZGdlX2FuZHJvaWQqBggAEEUYOTIGCAAQRRg5MgcIARDrBxhAMgcIAhAhGKAB0gEINzUyN2owajeoAgCwAgE&sourceid=chrome-mobile&source=chrome.ob&ie=UTF-8,Russian 动物世界 - Google 搜索
2026-08-02T00:47:58.334Z,https://aicoffee.app/,CoffeeCloud
2026-08-02T00:47:50.344Z,https://xn--9kqp0mora.net/,CoffeeCloud
2026-08-02T00:47:47.136Z,https://go.crisp.chat/chat/embed/?website_id=1a5d48f4-87ff-4b59-ae68-69221c36d0a7,Chat
2026-08-02T00:47:35.426Z,https://www.google.com/search?q=%E5%92%96%E5%95%A1%E4%BA%91%E6%9C%BA%E5%9C%BA&oq=%E5%92%96%E5%95%A1%E4%BA%91%E6%9C%BA%E5%9C%BA&gs_lcrp=EghlZGdlX2lvcyoGCAAQRRg7MgYIABBFGDsyBwgBEOsHGEDSAQg1NDY3ajBqN6gCALACAeIDBBgCIF8&hl=en-US&sourceid=chrome-mobile&source=chrome.ob&ie=UTF-8,咖啡云机场 - Google Search
2026-08-02T00:47:34.159Z,https://go.crisp.chat/chat/embed/?website_id=1a5d48f4-87ff-4b59-ae68-69221c36d0a7,Chat
2026-08-02T00:46:20.001Z,https://xn--9kqp0mora.net/,CoffeeCloud
2026-08-01T22:18:17.731Z,https://ts.nodejs.cn/,TypeScript 中文网
2026-08-01T09:11:34.042Z,https://ts.nodejs.cn/,TypeScript 中文网
2026-08-01T09:11:27.583Z,https://nodejs.cn/,Node.js 中文网
2026-08-01T09:06:46.257Z,https://xb.zjut.edu.cn/CN/Y2019/V47/I4/442," 基于隐马尔可夫模型的反射型<span lang=""EN-US"">XSS</span>检测技术<span lang=""EN-US""> </span>"
2026-08-01T09:06:27.015Z,https://www.google.com/search?q=%E9%9A%90%E5%BC%8F%E9%A9%AC%E5%B0%94%E5%8F%AF%E5%A4%AB%E5%9D%9A%E6%8C%81xss&oq=%E9%9A%90%E5%BC%8F%E9%A9%AC%E5%B0%94%E5%8F%AF%E5%A4%AB%E5%9D%9A%E6%8C%81xss&gs_lcrp=EghlZGdlX2lvcyoGCAAQRRg5MgYIABBFGDkyBwgBEOsHGEAyBwgCEAAY7wUyBwgDEAAY7wUyBwgEEAAY7wUyBwgFEAAY7wXSAQkxMjMxMWoxajeoAgCwAgHiAwQYAiBf&hl=en-US&sourceid=chrome-mobile&source=chrome.ob&ie=UTF-8,隐式马尔可夫坚持xss - Google Search
2026-08-01T09:05:59.179Z,https://publish.obsidian.md/fcmit/fcmit/06+AI%E4%B8%8E%E5%AE%89%E5%85%A8/AI%E4%B8%8E%E7%BD%91%E7%BB%9C%E5%AE%89%E5%85%A8%E6%8A%80%E6%9C%AF%EF%BC%882024%EF%BC%89,智榜样-高级网络安全工程师2414期（2024-2025）（湖南网安基地） - 发财猫的IT仓库 - Obsidian Publish
2026-08-01T09:02:28.187Z,https://publish.obsidian.md/fcmit/fcmit/01+%E5%AE%89%E5%85%A8%E5%9F%BA%E7%A1%80%E8%AF%BE/%E6%99%BA%E6%A6%9C%E6%A0%B7-%E9%AB%98%E7%BA%A7%E7%BD%91%E7%BB%9C%E5%AE%89%E5%85%A8%E5%B7%A5%E7%A8%8B%E5%B8%882414%E6%9C%9F%EF%BC%882024-2025%EF%BC%89%EF%BC%88%E6%B9%96%E5%8D%97%E7%BD%91%E5%AE%89%E5%9F%BA%E5%9C%B0%EF%BC%89#%E5%AE%98%E7%BD%91%E5%9C%B0%E5%9D%80%EF%BC%9A%E7%82%B9%E6%88%91%E7%9B%B4%E8%BE%BE,智榜样-高级网络安全工程师2414期（2024-2025）（湖南网安基地） - 发财猫的IT仓库 - Obsidian Publish
2026-08-01T09:02:24.941Z,https://publish.obsidian.md/fcmit/fcmit/01+%E5%AE%89%E5%85%A8%E5%9F%BA%E7%A1%80%E8%AF%BE/%E6%99%BA%E6%A6%9C%E6%A0%B7-%E9%AB%98%E7%BA%A7%E7%BD%91%E7%BB%9C%E5%AE%89%E5%85%A8%E5%B7%A5%E7%A8%8B%E5%B8%882414%E6%9C%9F%EF%BC%882024-2025%EF%BC%89%EF%BC%88%E6%B9%96%E5%8D%97%E7%BD%91%E5%AE%89%E5%9F%BA%E5%9C%B0%EF%BC%89#%E5%AE%98%E7%BD%91%E5%9C%B0%E5%9D%80%EF%BC%9A%E7%82%B9%E6%88%91%E7%9B%B4%E8%BE%BE,智榜样-高级网络安全工程师2414期（2024-2025）（湖南网安基地） - 发财猫的IT仓库 - Obsidian Publish
2026-08-01T08:31:49.165Z,https://react.nodejs.cn/learn,React 中文网
2026-08-01T08:31:40.799Z,https://open.tntlinking.com/?site=wwads,天天开源
2026-08-01T08:31:38.254Z,https://wwads.cn/click/bundle?code=bjdOir0LjlG5NEzzauF14F6GcfNQES,广告跳转确认
2026-08-01T08:31:10.448Z,https://react.nodejs.cn/,React 中文网
2026-08-01T08:30:58.131Z,https://nodejs.cn/,Node.js 中文网
2026-08-01T08:28:16.571Z,https://gchq.github.io/CyberChef/,CyberChef
2026-08-01T08:27:36.508Z,https://www.google.com/search?q=%E6%B8%97%E9%80%8F%E7%91%9E%E5%A3%AB%E5%86%9B%E5%88%80&oq=%E6%B8%97%E9%80%8F%E7%91%9E%E5%A3%AB%E5%86%9B%E5%88%80&gs_lcrp=EghlZGdlX2lvcyoGCAAQRRg5MgYIABBFGDkyBwgBEOsHGEAyBwgCEAAY7wUyBwgDEAAY7wUyBwgEEAAY7wXSAQkxMzQxMmoxajeoAgCwAgHiAwQYAiBf&hl=en-US&sourceid=chrome-mobile&source=chrome.ob&ie=UTF-8#lfId=ChxjMe,渗透瑞士军刀 - Google Search
2026-08-01T08:27:05.064Z,http://www.dest-unreach.org/socat/doc/README,www.dest-unreach.org/socat/doc/README
2026-08-01T08:26:52.218Z,http://www.dest-unreach.org/socat/,socat
2026-08-01T08:23:24.166Z,https://github-production-user-asset-6210df.s3.amazonaws.com/16399091/616377595-3116165d-623a-4d3a-a28a-914befb9b72d.png?X-Amz-Algorithm=AWS4-HMAC-SHA256&X-Amz-Credential=AKIAVCODYLSA53PQK4ZA%2F20260801%2Fus-east-1%2Fs3%2Faws4_request&X-Amz-Date=20260801T082321Z&X-Amz-Expires=300&X-Amz-Signature=e80dfc0bda6f2126870d21a570c0f17a014ce16c627a94e8bf324c891d9a66de&X-Amz-SignedHeaders=host&response-content-type=image%2Fpng,"616377595-3116165d-623a-4d3a-a28a-914befb9b72d.png 3,142×1,764 pixels"
2026-08-01T08:22:08.659Z,https://www.google.com/search?q=%E6%B8%97%E9%80%8F%E7%91%9E%E5%A3%AB%E5%86%9B%E5%88%80&oq=%E6%B8%97%E9%80%8F%E7%91%9E%E5%A3%AB%E5%86%9B%E5%88%80&gs_lcrp=EghlZGdlX2lvcyoGCAAQRRg5MgYIABBFGDkyBwgBEOsHGEAyBwgCEAAY7wUyBwgDEAAY7wUyBwgEEAAY7wXSAQkxMzQxMmoxajeoAgCwAgHiAwQYAiBf&hl=en-US&sourceid=chrome-mobile&source=chrome.ob&ie=UTF-8,渗透瑞士军刀 - Google Search
2026-08-01T08:21:40.218Z,https://publish.obsidian.md/fcmit/fcmit/01+%E5%AE%89%E5%85%A8%E5%9F%BA%E7%A1%80%E8%AF%BE/%E6%99%BA%E6%A6%9C%E6%A0%B7-%E9%AB%98%E7%BA%A7%E7%BD%91%E7%BB%9C%E5%AE%89%E5%85%A8%E5%B7%A5%E7%A8%8B%E5%B8%882414%E6%9C%9F%EF%BC%882024-2025%EF%BC%89%EF%BC%88%E6%B9%96%E5%8D%97%E7%BD%91%E5%AE%89%E5%9F%BA%E5%9C%B0%EF%BC%89#%E8%AF%BE%E7%A8%8B%E4%BB%8B%E7%BB%8D%3E%3E%3E,智榜样-高级网络安全工程师2414期（2024-2025）（湖南网安基地） - 发财猫的IT仓库 - Obsidian Publish
2026-08-01T08:21:30.888Z,https://publish.obsidian.md/fcmit/fcmit/01+%E5%AE%89%E5%85%A8%E5%9F%BA%E7%A1%80%E8%AF%BE/%E6%99%BA%E6%A6%9C%E6%A0%B7-%E9%AB%98%E7%BA%A7%E7%BD%91%E7%BB%9C%E5%AE%89%E5%85%A8%E5%B7%A5%E7%A8%8B%E5%B8%882414%E6%9C%9F%EF%BC%882024-2025%EF%BC%89%EF%BC%88%E6%B9%96%E5%8D%97%E7%BD%91%E5%AE%89%E5%9F%BA%E5%9C%B0%EF%BC%89#%E8%AF%BE%E7%A8%8B%E4%BB%8B%E7%BB%8D%3E%3E%3E,智榜样-高级网络安全工程师2414期（2024-2025）（湖南网安基地） - 发财猫的IT仓库 - Obsidian Publish
2026-08-01T08:21:30.653Z,https://publish.obsidian.md/fcmit/fcmit/01+%E5%AE%89%E5%85%A8%E5%9F%BA%E7%A1%80%E8%AF%BE/%E6%99%BA%E6%A6%9C%E6%A0%B7-%E9%AB%98%E7%BA%A7%E7%BD%91%E7%BB%9C%E5%AE%89%E5%85%A8%E5%B7%A5%E7%A8%8B%E5%B8%882414%E6%9C%9F%EF%BC%882024-2025%EF%BC%89%EF%BC%88%E6%B9%96%E5%8D%97%E7%BD%91%E5%AE%89%E5%9F%BA%E5%9C%B0%EF%BC%89#%E5%AE%98%E7%BD%91%E5%9C%B0%E5%9D%80%EF%BC%9A%E7%82%B9%E6%88%91%E7%9B%B4%E8%BE%BE,智榜样-高级网络安全工程师2414期（2024-2025）（湖南网安基地） - 发财猫的IT仓库 - Obsidian Publish
2026-08-01T08:21:12.704Z,https://publish.obsidian.md/fcmit/fcmit/01+%E5%AE%89%E5%85%A8%E5%9F%BA%E7%A1%80%E8%AF%BE/%E6%99%BA%E6%A6%9C%E6%A0%B7-%E9%AB%98%E7%BA%A7%E7%BD%91%E7%BB%9C%E5%AE%89%E5%85%A8%E5%B7%A5%E7%A8%8B%E5%B8%882414%E6%9C%9F%EF%BC%882024-2025%EF%BC%89%EF%BC%88%E6%B9%96%E5%8D%97%E7%BD%91%E5%AE%89%E5%9F%BA%E5%9C%B0%EF%BC%89#%E5%AE%98%E7%BD%91%E5%9C%B0%E5%9D%80%EF%BC%9A%E7%82%B9%E6%88%91%E7%9B%B4%E8%BE%BE,智榜样-高级网络安全工程师2414期（2024-2025）（湖南网安基地） - 发财猫的IT仓库 - Obsidian Publish
2026-08-01T08:19:06.444Z,https://publish.obsidian.md/fcmit/fcmit/%E9%98%B2%E4%B8%A2%E5%A4%B1%E9%A1%B5%E9%9D%A2,智榜样-高级网络安全工程师2414期（2024-2025）（湖南网安基地） - 发财猫的IT仓库 - Obsidian Publish
2026-08-01T08:18:52.350Z,https://publish.obsidian.md/fcmit/fcmit/00+%E5%AE%89%E5%85%A8%E8%AF%BE%E8%A1%A8/2025+%E7%BD%91%E7%BB%9C%E5%AE%89%E5%85%A8%E8%AF%BE%E8%A1%A8%E6%B8%85%E5%8D%95,CTFshow私教课程-Pwn系列(2024-2025) - 发财猫的IT仓库 - Obsidian Publish
2026-08-01T08:18:38.077Z,https://publish.obsidian.md/fcmit/fcmit/02+CTF%E7%AB%9E%E8%B5%9B/CTFshow%E7%A7%81%E6%95%99%E8%AF%BE%E7%A8%8B-Pwn%E7%B3%BB%E5%88%97(2024-2025),2026年正版合集优惠列表 - 发财猫的IT仓库 - Obsidian Publish
2026-08-01T08:18:21.790Z,https://publish.obsidian.md/fcmit/fcmit/99+%E6%AD%A3%E7%89%88%E8%AF%BE%E7%A8%8B%E5%90%88%E9%9B%86/2026%E5%B9%B4%E6%AD%A3%E7%89%88%E5%90%88%E9%9B%86%E4%BC%98%E6%83%A0%E5%88%97%E8%A1%A8,乾颐堂-Cisco Umbrella SASE 2024 - 发财猫的IT仓库 - Obsidian Publish
2026-08-01T08:18:00.557Z,https://publish.obsidian.md/fcmit/fcmit/18+%E4%BC%81%E4%B8%9A%E5%AE%89%E5%85%A8/%E4%B9%BE%E9%A2%90%E5%A0%82-Cisco+Umbrella+SASE+2024,极安御信 免杀专题（2025）（唯一完整版） - 发财猫的IT仓库 - Obsidian Publish
2026-08-01T08:16:40.761Z,https://publish.obsidian.md/fcmit/fcmit/09+%E5%85%8D%E6%9D%80%26%E6%9C%A8%E9%A9%AC%26%E6%81%B6%E6%84%8F%E4%BB%A3%E7%A0%81%E5%88%86%E6%9E%90/%E6%9E%81%E5%AE%89%E5%BE%A1%E4%BF%A1+%E5%85%8D%E6%9D%80%E4%B8%93%E9%A2%98%EF%BC%882025%EF%BC%89%EF%BC%88%E5%94%AF%E4%B8%80%E5%AE%8C%E6%95%B4%E7%89%88%EF%BC%89,https://publish.obsidian.md/fcmit/fcmit/09+免杀%26木马%26恶意代码分析/极安御信+免杀专题（2025）（唯一完整版）
2026-08-01T08:16:21.578Z,https://www.google.com/search?q=%E5%85%8D%E6%9D%80&oq=%E5%85%8D%E6%9D%80&gs_lcrp=EghlZGdlX2lvcyoGCAAQRRg5MgYIABBFGDkyBwgBEOsHGEAyBwgCEAAY7wUyBwgDEAAY7wUyBwgEEAAY7wUyBwgFEAAY7wXSAQkxMDkyM2oxajmoAgCwAgHiAwQYAiBf&hl=en-US&sourceid=chrome-mobile&source=chrome.ob&ie=UTF-8,免杀 - Google Search
2026-08-01T08:16:08.457Z,https://www.google.com/search?q=nodejs+%E4%BF%A1%E5%AE%89&oq=nodejs+%E4%BF%A1%E5%AE%89&gs_lcrp=EghlZGdlX2lvcyoGCAAQRRg5MgYIABBFGDkyBwgBEOsHGEAyBwgCECEYnwUyBwgDECEYnwUyBwgEECEYnwXSAQg0NTE3ajBqN6gCALACAeIDBBgCIF8&hl=en-US&sourceid=chrome-mobile&source=chrome.ob&ie=UTF-8#lfId=ChxjMe,nodejs 信安 - Google Search
2026-08-01T07:53:10.029Z,https://www.google.com/search?q=nodejs+%E4%BF%A1%E5%AE%89&oq=nodejs+%E4%BF%A1%E5%AE%89&gs_lcrp=EghlZGdlX2lvcyoGCAAQRRg5MgYIABBFGDkyBwgBEOsHGEAyBwgCECEYnwUyBwgDECEYnwUyBwgEECEYnwXSAQg0NTE3ajBqN6gCALACAeIDBBgCIF8&hl=en-US&sourceid=chrome-mobile&source=chrome.ob&ie=UTF-8#lfId=ChxjMe,nodejs 信安 - Google Search
2026-08-01T07:48:11.020Z,https://www.google.com/search?q=nodejs+%E4%BF%A1%E5%AE%89&oq=nodejs+%E4%BF%A1%E5%AE%89&gs_lcrp=EghlZGdlX2lvcyoGCAAQRRg5MgYIABBFGDkyBwgBEOsHGEAyBwgCECEYnwUyBwgDECEYnwUyBwgEECEYnwXSAQg0NTE3ajBqN6gCALACAeIDBBgCIF8&hl=en-US&sourceid=chrome-mobile&source=chrome.ob&ie=UTF-8#lfId=ChxjMe,nodejs 信安 - Google Search
2026-08-01T07:48:02.104Z,https://www.google.com/search?q=nodejs+%E4%BF%A1%E5%AE%89&oq=nodejs+%E4%BF%A1%E5%AE%89&gs_lcrp=EghlZGdlX2lvcyoGCAAQRRg5MgYIABBFGDkyBwgBEOsHGEAyBwgCECEYnwUyBwgDECEYnwUyBwgEECEYnwXSAQg0NTE3ajBqN6gCALACAeIDBBgCIF8&hl=en-US&sourceid=chrome-mobile&source=chrome.ob&ie=UTF-8,nodejs 信安 - Google Search
2026-08-01T07:45:35.988Z,https://express.nodejs.cn/en/5x/starter/installing/,正在安装 · Express.js 中文网
2026-08-01T07:45:14.326Z,https://express.nodejs.cn/,Express.js 中文网
2026-08-01T07:44:42.553Z,https://nodejs.cn/,Node.js 中文网
2026-08-01T07:44:38.801Z,https://www.google.com/search?q=NJ+node.js&oq=NJ+node.js&gs_lcrp=EghlZGdlX2lvcyoGCAAQRRg5MgYIABBFGDkyBwgBEOsHGEAyCAgCEAAYFhgeMggIAxAAGBYYHjINCAQQABiGAxiABBiKBTIHCAUQABjvBdIBCDM4MTVqMWo0qAIAsAIB4gMEGAIgXw&hl=en-US&sourceid=chrome-mobile&source=chrome.ob&ie=UTF-8,NJ node.js - Google Search
2026-08-01T07:40:31.843Z,https://www.runoob.com/r/r-decision-making.html,R 判断语句 | 菜鸟教程
2026-08-01T07:39:05.782Z,https://www.runoob.com/r/r-scatterplots-charts.html,R 绘图 – 散点图 | 菜鸟教程
2026-08-01T07:34:23.815Z,https://www.runoob.com/r/r-package.html,R 包 | 菜鸟教程
2026-08-01T07:34:20.830Z,https://www.runoob.com/r/r-input-csv-file.html,R CSV 文件 | 菜鸟教程
2026-08-01T07:33:40.962Z,https://www.runoob.com/r/r-matrix.html,R 矩阵 | 菜鸟教程
2026-08-01T07:31:57.754Z,https://www.runoob.com/r/r-tutorial.html,https://www.runoob.com/r/r-tutorial.html
2026-08-01T07:31:52.864Z,https://www.google.com/search?q=R%E8%AF%AD%E8%A8%80&oq=R%E8%AF%AD%E8%A8%80+&gs_lcrp=EghlZGdlX2lvcyoGCAAQRRg5MgYIABBFGDkyBwgBEOsHGEAyBggCEEUYQTIGCAMQRRhBMgYIBBBFGEEyBggFEAAYHtIBCDQ2ODlqMGo3qAIAsAIB4gMEGAIgXw&hl=en-US&sourceid=chrome-mobile&source=chrome.ob&ie=UTF-8,R语言 - Google Search
2026-08-01T07:31:45.142Z,https://scweb01.speedcat.la/user,首页 — SPEEDCAT
2026-08-01T03:04:25.837Z,https://scweb01.speedcat.la/user,首页 — SPEEDCAT
2026-08-01T03:04:18.921Z,https://scweb01.speedcat.la/user/node,节点列表 — SPEEDCAT
2026-08-01T03:04:00.173Z,https://scweb01.speedcat.la/user/profile,我的账号 — SPEEDCAT
2026-08-01T03:03:51.909Z,https://scweb01.speedcat.la/user/node,节点列表 — SPEEDCAT
2026-08-01T03:03:43.741Z,https://scweb01.speedcat.la/user/shop,商店 — SPEEDCAT
2026-08-01T03:03:29.847Z,https://scweb01.speedcat.la/user,首页 — SPEEDCAT
2026-08-01T03:03:11.068Z,https://scweb01.speedcat.la/auth/login,登录 — SPEEDCAT
2026-08-01T03:02:46.563Z,https://scweb01.speedcat.la/password/token/rCrkac0UxJcoLjYIYFRyudwwdY9zsrzpoNyE6KvyZUYjtGPVGNBeef6odvEiafVK,https://scweb01.speedcat.la/password/token/rCrkac0UxJcoLjYIYFRyudwwdY9zsrzpoNyE6KvyZUYjtGPVGNBeef6odvEiafVK
2026-08-01T03:02:38.605Z,https://scweb01.speedcat.la/verify?next=%2Fpassword%2Ftoken%2FrCrkac0UxJcoLjYIYFRyudwwdY9zsrzpoNyE6KvyZUYjtGPVGNBeef6odvEiafVK,访问验证
2026-08-01T03:02:14.779Z,https://speedcat.me/auth/login,登录 — SPEEDCAT
2026-08-01T03:01:04.020Z,https://speedcat.me/password/reset,找回密码 — SPEEDCAT
2026-08-01T03:00:22.105Z,https://speedcat.me/auth/register,注册 — SPEEDCAT
2026-08-01T02:59:45.491Z,https://speedcat.me/auth/login,登录 — SPEEDCAT
2026-08-01T02:59:44.039Z,https://speedcat.me/,登录 — SPEEDCAT
2026-08-01T02:59:38.824Z,https://speedcat.me/verify?next=%2F,https://speedcat.me/verify?next=%2F
2026-08-01T02:59:12.223Z,https://www.google.com/search?q=%E9%97%AA%E7%94%B5%E7%8C%AB%E6%9C%BA%E5%9C%BA&oq=%E9%97%AA%E7%94%B5%E7%8C%AB%E6%9C%BA%E5%9C%BA&gs_lcrp=EghlZGdlX2lvcyoGCAAQRRg5MgYIABBFGDkyBwgBEOsHGEAyCQgCEAAYDBiABDIJCAMQABgMGIAEMgkIBBAAGAwYgAQyBwgFEAAY7wXSAQg1Njk2ajBqNKgCALACAeIDBBgCIF8&hl=en-US&sourceid=chrome-mobile&source=chrome.ob&ie=UTF-8,闪电猫机场 - Google Search
2026-08-01T02:58:56.843Z,https://aicoffee.app/#/dashboard,CoffeeCloud
2026-08-01T02:43:53.281Z,https://aicoffee.app/#/dashboard,CoffeeCloud
2026-08-01T02:43:37.909Z,https://world.crisp.help/en/,Help Center
2026-08-01T02:41:57.539Z,https://world.crisp.help/zh/article/surge-ios-3fzvog/,如何在 Surge iOS 上配置服务 | Help Center
2026-08-01T02:41:53.641Z,https://world.crisp.help/zh/category/ios-1szi4uq/,iOS | Help Center
2026-08-01T02:41:50.100Z,https://world.crisp.help/zh/,Help Center
2026-08-01T02:41:46.799Z,https://world.crisp.help/en/category/ios-1u03u8s/,iOS | Help Center
2026-08-01T02:39:44.567Z,https://world.crisp.help/zh/article/ninja-q6wbr3/,Ninja 协议以及客户端介绍 | Help Center
2026-08-01T02:39:18.147Z,https://world.crisp.help/zh/category/ninja-1lxny7e/,NINJA 全平台客户端 | Help Center
2026-08-01T02:39:11.633Z,https://aicoffee.app/#/knowledge,CoffeeCloud
2026-08-01T02:39:08.367Z,https://aicoffee.app/#/dashboard,CoffeeCloud
2026-08-01T02:38:43.444Z,https://aicoffee.app/#/knowledge,CoffeeCloud
2026-08-01T02:35:39.588Z,https://aicoffee.app/#/dashboard,CoffeeCloud
2026-08-01T02:35:35.116Z,https://aicoffee.app/#/knowledge,CoffeeCloud
2026-08-01T02:35:32.644Z,https://aicoffee.app/#/order/2026080110085411187181922?pid=6042&trade_no=2026080110340034747&out_trade_no=2026080110085411187181922&type=wxpay&name=2026080110085411187181922&money=12.5&trade_status=TRADE_SUCCESS&sign=ccf3825e615b95902c4229cf220f700c&sign_type=MD5,CoffeeCloud
2026-08-01T02:35:10.106Z,https://api.xtpay.xyz/pay/return/2026080110340034747/?pid=1096&trade_no=2026080110340600035521487&out_trade_no=2026080110340034747&type=wxpay&name=%E8%BD%AF%E4%BB%B6%E6%8A%80%E6%9C%AF%E6%9C%8D%E5%8A%A1%E8%B4%B9&money=12.50&trade_status=TRADE_SUCCESS&param=&sign_type=MD5&sign=7f5e0fadc4a4f00f6bebda09ba4a3942,支付返回跳转页面
2026-08-01T02:34:21.544Z,https://wx.dolonx.cn/pay/2026080110340600035521487,https://wx.dolonx.cn/pay/2026080110340600035521487
2026-08-01T02:34:21.046Z,https://wx.dolonx.cn/pay/2026080110340600035521487,https://wx.dolonx.cn/pay/2026080110340600035521487
2026-08-01T02:34:08.856Z,https://pay.hhdgdh.top/pay/cashier/2026080110340034747,收银台
2026-08-01T02:34:04.199Z,https://api.xtpay.xyz/submit2.php?typeid=2&trade_no=2026080110340034747,正在为您跳转到支付页面，请稍候...
2026-08-01T02:34:01.044Z,https://api.xtpay.xyz/cashier.php?trade_no=2026080110340034747&sitename=,收款 - 美达支付
2026-08-01T02:33:54.157Z,https://aicoffee.app/#/order/2026080110085411187181922,CoffeeCloud
2026-08-01T02:33:44.530Z,https://aicoffee.app/#/plan/28,CoffeeCloud
2026-08-01T02:33:31.351Z,https://aicoffee.app/#/plan,CoffeeCloud
2026-08-01T02:33:24.443Z,https://aicoffee.app/#/dashboard,CoffeeCloud
2026-08-01T02:32:58.686Z,https://aicoffee.app/,CoffeeCloud
2026-08-01T02:32:51.428Z,https://xn--9kqp0mora.net/,CoffeeCloud
2026-08-01T02:32:43.435Z,https://www.google.com/search?q=%E5%92%96%E5%95%A1%E4%BA%91%E6%9C%BA%E5%9C%BA&oq=%E5%92%96%E5%95%A1%E4%BA%91%E6%9C%BA%E5%9C%BA&gs_lcrp=EghlZGdlX2lvcyoGCAAQRRg5MgYIABBFGDkyBwgBEOsHGEAyBwgCEAAY7wXSAQgzNzQzajBqNKgCALACAeIDBBgCIF8&hl=en-US&sourceid=chrome-mobile&source=chrome.ob&ie=UTF-8,咖啡云机场 - Google Search
2026-08-01T02:32:37.682Z,https://www.google.com.hk/search?q=%E6%8A%80%E6%9C%AF%E7%AD%89%E4%BA%8E%E4%BB%80%E4%B9%88%E5%8A%A0%E4%BB%80%E4%B9%88&oq=%E6%8A%80%E6%9C%AF%E7%AD%89%E4%BA%8E%E4%BB%80%E4%B9%88%E5%8A%A0%E4%BB%80%E4%B9%88&gs_lcrp=EghlZGdlX2lvcyoGCAAQRRg5MgYIABBFGDkyBwgBEOsHGEAyBwgCEAAY7wUyBwgDEAAY7wUyBwgEEAAY7wUyBwgFEAAY7wXSAQkyMTgxNGoxajeoAgCwAgHiAwQYAiBf&hl=en-US&sourceid=chrome-mobile&source=chrome.ob&ie=UTF-8,技术等于什么加什么 - Google Search
2026-08-01T02:17:26.836Z,https://zhuanlan.zhihu.com/p/29716011,"Technology, technical, technique怎么用？ - 知乎"
2026-08-01T02:17:15.831Z,https://www.google.com.hk/search?q=%E6%8A%80%E6%9C%AF%E7%AD%89%E4%BA%8E%E4%BB%80%E4%B9%88%E5%8A%A0%E4%BB%80%E4%B9%88&oq=%E6%8A%80%E6%9C%AF%E7%AD%89%E4%BA%8E%E4%BB%80%E4%B9%88%E5%8A%A0%E4%BB%80%E4%B9%88&gs_lcrp=EghlZGdlX2lvcyoGCAAQRRg5MgYIABBFGDkyBwgBEOsHGEAyBwgCEAAY7wUyBwgDEAAY7wUyBwgEEAAY7wUyBwgFEAAY7wXSAQkyMTgxNGoxajeoAgCwAgHiAwQYAiBf&hl=en-US&sourceid=chrome-mobile&source=chrome.ob&ie=UTF-8,技术等于什么加什么 - Google Search
2026-07-31T22:43:36.034Z,https://docs.qq.com/scenario/login-mobile.html?jump_url=https%3A%2F%2Fdocs.qq.com%2Fdesktop%2Fm%2Findex.html%3Fnojump%3D1,腾讯文档
2026-07-31T10:07:21.689Z,https://docs.qq.com/doc/DWnZvUk55dWRhTEtC,iOS系统应用订阅指南
2026-07-31T02:16:28.387Z,https://www.google.com/search?q=hexgate+dragon%E4%BF%84%E8%AF%AD&biw=980&bih=495&sca_esv=d0b210a9e94f1392&ei=NQFsap-nNfeD1e8P76WV2AQ&ved=0ahUKEwjfleGr6PuVAxX3QfUHHe9SBUsQ4dUDCBA&uact=5&oq=hexgate+dragon%E4%BF%84%E8%AF%AD&gs_lp=Egxnd3Mtd2l6LXNlcnAiFGhleGdhdGUgZHJhZ29u5L-E6K-tMgUQABjvBTIIEAAYgAQYogQyBRAAGO8FMgUQABjvBTIFEAAY7wVI7U5Q2gtYnE1wAXgBkAEAmAHoAqABqwyqAQUyLTIuM7gBA8gBAPgBAZgCBKAC-QfCAgoQABhHGNYEGLADwgIKEAAYgAQYigUYQ8ICBRAAGIAEwgIGEAAYBxgemAMAiAYBkAYKkgcFMS4zLTOgB80HsgcDMy0zuAfvB8IHBTItMy4xyAcagAgB&sclient=gws-wiz-serp,hexgate dragon俄语 - Google 搜索
2026-07-31T01:58:14.130Z,https://www.google.com/search?q=%E5%A5%8E%E6%A1%91%E6%8F%90%E4%BF%84%E8%AF%AD&biw=980&bih=495&sca_esv=d0b210a9e94f1392&ei=pfdrasHVMNLRwcsPl4KO8Aw&oq=%E5%A5%8E%E6%A1%91%E6%8F%90%E4%BF%84%E8%AF%AD&gs_lp=EhNtb2JpbGUtZ3dzLXdpei1zZXJwIg_lpY7moZHmj5Dkv4Tor60yChAAGIAEGIoFGEMyChAAGIAEGIoFGEMyChAAGIAEGIoFGEMyChAAGIAEGIoFGEMyBRAAGIAEMgYQABgHGB4yBhAAGAcYHjIGEAAYBxgeSPojUNMOWI0jcAF4AZABAJgBxQGgAbcEqgEDMC4zuAEDyAEA-AEBmAICoALQAcICChAAGEcY1gQYsAOYAwCIBgGQBgqSBwMxLjGgB88EsgcDMC4xuAe_AcIHBTItMS4xyAcOgAgB&sclient=mobile-gws-wiz-serp,奎桑提俄语 - Google 搜索
2026-07-31T01:58:13.895Z,https://www.google.com/search?q=%E4%BD%9B%E8%80%B6%E6%88%88%E4%BF%84%E8%AF%AD&sca_esv=d0b210a9e94f1392&biw=980&bih=495&ei=D_dravqmFbqdvr0P1KrdyAQ&ved=0ahUKEwi66tfU3vuVAxW6jq8BHVRVF0kQ4dUDCBA&oq=%E4%BD%9B%E8%80%B6%E6%88%88%E4%BF%84%E8%AF%AD&gs_lp=Egxnd3Mtd2l6LXNlcnAiD-S9m-iAtuaIiOS_hOivrTIFEAAY7wUyBRAAGO8FMgUQABjvBTIFEAAY7wUyBRAAGO8FSLWOAVCzgwFYs4MBcAJ4AZABAJgB5gGgAeYBqgEDMi0xuAEMyAEA-AEBmAIDoAL5AcICChAAGEcY1gQYsAOYAwCIBgGQBgqSBwUyLjAuMaAH0gGyBwMyLTG4B-0BwgcDMi0zyAcMgAgB&sclient=gws-wiz-serp,佛耶戈俄语 - Google 搜索
2026-07-31T01:58:09.281Z,https://www.google.com/search?q=%E4%BD%9B%E8%80%B6%E6%88%88%E4%BF%84%E8%AF%AD&sca_esv=d0b210a9e94f1392&biw=980&bih=495&ei=D_dravqmFbqdvr0P1KrdyAQ&ved=0ahUKEwi66tfU3vuVAxW6jq8BHVRVF0kQ4dUDCBA&oq=%E4%BD%9B%E8%80%B6%E6%88%88%E4%BF%84%E8%AF%AD&gs_lp=Egxnd3Mtd2l6LXNlcnAiD-S9m-iAtuaIiOS_hOivrTIFEAAY7wUyBRAAGO8FMgUQABjvBTIFEAAY7wUyBRAAGO8FSLWOAVCzgwFYs4MBcAJ4AZABAJgB5gGgAeYBqgEDMi0xuAEMyAEA-AEBmAIDoAL5AcICChAAGEcY1gQYsAOYAwCIBgGQBgqSBwUyLjAuMaAH0gGyBwMyLTG4B-0BwgcDMi0zyAcMgAgB&sclient=gws-wiz-serp#sbfbu=1&pi=%E4%BD%9B%E8%80%B6%E6%88%88%E4%BF%84%E8%AF%AD,佛耶戈俄语 - Google 搜索
2026-07-31T01:17:30.293Z,https://www.google.com/search?q=%E4%BD%9B%E8%80%B6%E6%88%88%E4%BF%84%E8%AF%AD&sca_esv=d0b210a9e94f1392&biw=980&bih=495&ei=D_dravqmFbqdvr0P1KrdyAQ&ved=0ahUKEwi66tfU3vuVAxW6jq8BHVRVF0kQ4dUDCBA&oq=%E4%BD%9B%E8%80%B6%E6%88%88%E4%BF%84%E8%AF%AD&gs_lp=Egxnd3Mtd2l6LXNlcnAiD-S9m-iAtuaIiOS_hOivrTIFEAAY7wUyBRAAGO8FMgUQABjvBTIFEAAY7wUyBRAAGO8FSLWOAVCzgwFYs4MBcAJ4AZABAJgB5gGgAeYBqgEDMi0xuAEMyAEA-AEBmAIDoAL5AcICChAAGEcY1gQYsAOYAwCIBgGQBgqSBwUyLjAuMaAH0gGyBwMyLTG4B-0BwgcDMi0zyAcMgAgB&sclient=gws-wiz-serp,佛耶戈俄语 - Google 搜索
2026-07-31T01:17:26.149Z,https://www.google.com/search?q=%E4%BD%9B%E8%80%B6%E6%88%88%E4%BF%84%E8%AF%AD&sca_esv=d0b210a9e94f1392&biw=980&bih=495&ei=D_dravqmFbqdvr0P1KrdyAQ&ved=0ahUKEwi66tfU3vuVAxW6jq8BHVRVF0kQ4dUDCBA&oq=%E4%BD%9B%E8%80%B6%E6%88%88%E4%BF%84%E8%AF%AD&gs_lp=Egxnd3Mtd2l6LXNlcnAiD-S9m-iAtuaIiOS_hOivrTIFEAAY7wUyBRAAGO8FMgUQABjvBTIFEAAY7wUyBRAAGO8FSLWOAVCzgwFYs4MBcAJ4AZABAJgB5gGgAeYBqgEDMi0xuAEMyAEA-AEBmAIDoAL5AcICChAAGEcY1gQYsAOYAwCIBgGQBgqSBwUyLjAuMaAH0gGyBwMyLTG4B-0BwgcDMi0zyAcMgAgB&sclient=gws-wiz-serp,佛耶戈俄语 - Google 搜索
2026-07-31T01:14:55.549Z,https://www.google.com/search?q=%E7%A0%B4%E8%B4%A5%E7%8E%8B%E4%BF%84%E8%AF%AD&sca_esv=d0b210a9e94f1392&biw=980&bih=495&ei=Q_ZratuqJNKw2roPwfuoSQ&ved=0ahUKEwib2MPz3fuVAxVSmFYBHcE9KgkQ4dUDCBA&uact=5&oq=%E7%A0%B4%E8%B4%A5%E7%8E%8B%E4%BF%84%E8%AF%AD&gs_lp=Egxnd3Mtd2l6LXNlcnAiD-egtOi0peeOi-S_hOivrTIKEAAYRxjWBBiwAzIKEAAYRxjWBBiwAzIKEAAYRxjWBBiwA0irRlDvRFjvRHABeAGQAQCYAQCgAQCqAQC4AQPIAQD4AQGYAgGgAgiYAwCIBgGQBgOSBwExoAcAsgcAuAcAwgcDMi0xyAcFgAgB&sclient=gws-wiz-serp,破败王俄语 - Google 搜索
2026-07-31T01:11:36.024Z,https://www.google.com/search?q=ekko%E4%BF%84%E8%AF%AD&sca_esv=d0b210a9e94f1392&ei=KfRrau1O6PzV7w-UvNuIDA&biw=980&bih=495&ved=0ahUKEwith9vy2_uVAxVofvUHHRTeFsEQ4dUDCBA&uact=5&oq=ekko%E4%BF%84%E8%AF%AD&gs_lp=Egxnd3Mtd2l6LXNlcnAiCmVra2_kv4Tor60yChAAGIAEGIoFGEMyChAAGIAEGIoFGEMyChAAGIAEGIoFGEMyChAAGIAEGIoFGEMyChAAGIAEGIoFGEMyChAAGIAEGIoFGEMyBRAAGIAEMgYQABgHGB4yBhAAGAcYHjIGEAAYBxgeSIMhUOMPWOMfcAJ4AZABAJgB-AKgAf8FqgEHMC4xLjEuMbgBA8gBAPgBAZgCA6ACowPCAgoQABhHGNYEGLADmAMAiAYBkAYKkgcFMi4zLTGgB5YFsgcDMy0xuAeBA8IHBTItMi4xyAcegAgB&sclient=gws-wiz-serp,ekko俄语 - Google 搜索
2026-07-31T01:11:31.775Z,https://www.google.com/search?q=ekko%E4%BF%84%E8%AF%AD&sca_esv=d0b210a9e94f1392&ei=KfRrau1O6PzV7w-UvNuIDA&biw=980&bih=495&ved=0ahUKEwith9vy2_uVAxVofvUHHRTeFsEQ4dUDCBA&uact=5&oq=ekko%E4%BF%84%E8%AF%AD&gs_lp=Egxnd3Mtd2l6LXNlcnAiCmVra2_kv4Tor60yChAAGIAEGIoFGEMyChAAGIAEGIoFGEMyChAAGIAEGIoFGEMyChAAGIAEGIoFGEMyChAAGIAEGIoFGEMyChAAGIAEGIoFGEMyBRAAGIAEMgYQABgHGB4yBhAAGAcYHjIGEAAYBxgeSIMhUOMPWOMfcAJ4AZABAJgB-AKgAf8FqgEHMC4xLjEuMbgBA8gBAPgBAZgCA6ACowPCAgoQABhHGNYEGLADmAMAiAYBkAYKkgcFMi4zLTGgB5YFsgcDMy0xuAeBA8IHBTItMi4xyAcegAgB&sclient=gws-wiz-serp,ekko俄语 - Google 搜索
2026-07-31T01:02:37.895Z,https://www.google.com/search?q=%E5%A5%8E%E6%A1%91%E6%8F%90%E4%BF%84%E8%AF%AD&oq=%E5%A5%8E%E6%A1%91%E6%8F%90%E4%BF%84%E8%AF%AD&gs_lcrp=EgxlZGdlX2FuZHJvaWQqBggAEEUYOTIGCAAQRRg5MgcIARDrBxhAMgcIAhAAGIAEMgcIAxAAGIAEMgcIBBAAGIAEMgcIBRAAGIAEMgcIBhAAGIAEMgcIBxAAGIAE0gEIMTg3MGowajeoAgCwAgE&sourceid=chrome-mobile&source=chrome.ob&ie=UTF-8,奎桑提俄语 - Google 搜索
2026-07-31T01:02:33.299Z,https://www.google.com/search?q=%E5%A5%8E%E6%A1%91%E6%8F%90%E4%BF%84%E8%AF%AD&oq=%E5%A5%8E%E6%A1%91%E6%8F%90%E4%BF%84%E8%AF%AD&gs_lcrp=EgxlZGdlX2FuZHJvaWQqBggAEEUYOTIGCAAQRRg5MgcIARDrBxhAMgcIAhAAGIAEMgcIAxAAGIAEMgcIBBAAGIAEMgcIBRAAGIAEMgcIBhAAGIAEMgcIBxAAGIAE0gEIMTg3MGowajeoAgCwAgE&sourceid=chrome-mobile&source=chrome.ob&ie=UTF-8,奎桑提俄语 - Google 搜索
2026-07-30T15:34:26.813Z,https://www.google.com/search?q=%E5%A6%88%E7%A5%96%E5%A4%A9%E6%B0%94%E5%A4%A7%E6%A8%A1%E5%9E%8BGitHub&sca_esv=2c719d755bc25006&hl=en-US&biw=402&bih=674&sxsrf=APpeQnu74HQLAlH8sB537OnsxWx-XQrHKw%3A1785404271470&ei=bxtraoumHI3K1e8PuN6bgQg&oq=%E5%A6%88%E7%A5%96%E5%A4%A9%E6%B0%94%E5%A4%A7%E6%A8%A1%E5%9E%8BGitHub&gs_lp=EhNtb2JpbGUtZ3dzLXdpei1zZXJwIhvlpojnpZblpKnmsJTlpKfmqKHlnotHaXRIdWJI6RVQzwlYkhVwA3gAkAECmAGRAqABlQ-qAQUwLjIuN7gBA8gBAPgBAZgCBqACjwjCAggQABiwAxjvBcICCxAAGIAEGLADGKIEwgIFEAAY7wXCAgcQIRigARgKmAMAiAYBkAYFkgcFMS4xLjSgB8oasgcFMC4xLjS4B44IwgcDMS41yAcGgAgA&sclient=mobile-gws-wiz-serp,妈祖天气大模型GitHub - Google Search
2026-07-30T11:36:59.304Z,https://www.youtube.com/watch?v=eKvvwzOkwew&t=1464s,Leage of Legends: ХРОНИКИ (2025) Полный фильм 4K 60FPS | Эпическое фэнтези | Все короткометражки LoL - YouTube
2026-07-30T11:36:36.780Z,https://www.youtube.com/playlist?list=WL,Watch Later - YouTube
2026-07-30T11:20:37.629Z,https://www.youtube.com/watch?v=eKvvwzOkwew&t=1464s,Leage of Legends: ХРОНИКИ (2025) Полный фильм 4K 60FPS | Эпическое фэнтези | Все короткометражки LoL - YouTube
2026-07-30T11:07:35.557Z,https://spark-reference-doc-cn.readthedocs.io/zh-cn/latest/programming-guide/quick-start.html,快速入门 — Spark 2.2.x 中文文档 2.2.1 文档
2026-07-30T11:07:27.605Z,https://www.google.com/search?q=spark+%E8%AF%AD%E8%A8%80&oq=spark+%E8%AF%AD%E8%A8%80&gs_lcrp=EgxlZGdlX2FuZHJvaWQqBggAEEUYOTIGCAAQRRg5MgcIARDrBxhAMgkIAhAAGAwYgAQyBwgDEAAYgAQyCQgEEAAYDBiABDIHCAUQABiABDIHCAYQABiABDIHCAcQABiABNIBCDE3MDFqMGo3qAIAsAIB&sourceid=chrome-mobile&source=chrome.ob&ie=UTF-8,spark 语言 - Google 搜索
2026-07-30T11:07:12.137Z,https://spark.apache.ac.cn/,Apache Spark™ - 用于大规模数据分析的统一引擎 - Spark 分析引擎
2026-07-30T11:06:59.367Z,https://www.google.com/search?q=spark+%E8%AF%AD%E8%A8%80&oq=spark+%E8%AF%AD%E8%A8%80&gs_lcrp=EgxlZGdlX2FuZHJvaWQqBggAEEUYOTIGCAAQRRg5MgcIARDrBxhAMgkIAhAAGAwYgAQyBwgDEAAYgAQyCQgEEAAYDBiABDIHCAUQABiABDIHCAYQABiABDIHCAcQABiABNIBCDE3MDFqMGo3qAIAsAIB&sourceid=chrome-mobile&source=chrome.ob&ie=UTF-8,spark 语言 - Google 搜索
2026-07-30T11:06:47.891Z,https://www.google.com/search?q=spark+%E8%AF%AD%E8%A8%80&oq=spark+%E8%AF%AD%E8%A8%80&gs_lcrp=EgxlZGdlX2FuZHJvaWQqBggAEEUYOTIGCAAQRRg5MgcIARDrBxhAMgkIAhAAGAwYgAQyBwgDEAAYgAQyCQgEEAAYDBiABDIHCAUQABiABDIHCAYQABiABDIHCAcQABiABNIBCDE3MDFqMGo3qAIAsAIB&sourceid=chrome-mobile&source=chrome.ob&ie=UTF-8,spark 语言 - Google 搜索
2026-07-30T11:03:42.724Z,https://www.youtube.com/watch?v=vz5OKV-VX7U&list=WL&index=1&t=1237s,АВАТАР 3: ПЛАМЯ и ПЕПЕЛ (2025) | КОСМИЧЕСКАЯ САГА. ИГРОФИЛЬМ | Полный Фильм в 4К60FPS на РУССКОМ - YouTube
2026-07-30T11:03:42.713Z,https://www.youtube.com/watch?v=vz5OKV-VX7U&list=WL&index=1&t=1237s&pp=iAQBsAgC,Watch Later - YouTube
2026-07-30T11:03:39.815Z,https://www.youtube.com/playlist?list=WL,Watch Later - YouTube
2026-07-30T11:03:28.563Z,https://www.youtube.com/watch?v=vz5OKV-VX7U&list=WL&index=1&t=1237s,АВАТАР 3: ПЛАМЯ и ПЕПЕЛ (2025) | КОСМИЧЕСКАЯ САГА. ИГРОФИЛЬМ | Полный Фильм в 4К60FPS на РУССКОМ - YouTube
2026-07-30T11:03:27.272Z,https://www.youtube.com/playlist?list=WL,Watch Later - YouTube
2026-07-30T11:03:25.282Z,https://www.youtube.com/watch?v=35a1OLQrV5Q&list=WL&index=3&t=51s,Аркейн 2 серия на русском | Arcane - YouTube
2026-07-30T11:03:22.652Z,https://www.youtube.com/playlist?list=WL,Watch Later - YouTube
2026-07-30T11:03:21.735Z,https://www.youtube.com/feed/playlists,Playlists - YouTube
2026-07-30T11:03:20.827Z,https://www.youtube.com/playlist?list=WL,Watch Later - YouTube
2026-07-30T11:03:20.206Z,https://www.youtube.com/feed/playlists,Playlists - YouTube
2026-07-30T11:03:10.513Z,https://www.youtube.com/,YouTube
2026-07-30T11:02:58.659Z,https://www.youtube.com/watch?v=uXua0j15hk8,ВЛАСТЕЛИН КОЛЕЦ - Полная Хронология Вселенной Толкина / 65000 Лет - YouTube
2026-07-30T11:02:54.481Z,https://www.youtube.com/,YouTube
2026-07-30T11:02:44.913Z,https://www.youtube.com/watch?v=R7mV13NBbek,ФИЛЬМ SCP OVERLORD НА РУССКОМ - YouTube
2026-07-30T11:02:37.782Z,https://www.youtube.com/,YouTube
2026-07-30T10:56:52.670Z,https://www.youtube.com/watch?v=eKvvwzOkwew&t=564s,Leage of Legends: ХРОНИКИ (2025) Полный фильм 4K 60FPS | Эпическое фэнтези | Все короткометражки LoL - YouTube
2026-07-30T10:56:47.222Z,https://www.youtube.com/,YouTube
2026-07-30T10:56:28.078Z,https://www.youtube.com/,YouTube
2026-07-30T10:55:22.352Z,https://www.youtube.com/,YouTube
2026-07-30T10:54:57.201Z,https://www.youtube.com/,YouTube
2026-07-30T10:54:57.189Z,https://www.youtube.com/,YouTube
2026-07-30T10:54:46.870Z,https://www.youtube.com/,YouTube
2026-07-30T10:54:41.826Z,https://www.youtube.com/?feature=ytca,YouTube
2026-07-30T09:38:38.881Z,https://github.com/2fvc0zpe-maker/ziran202607,GitHub - 2fvc0zpe-maker/ziran202607: News archive and related resources · GitHub
2026-07-30T09:38:33.376Z,https://github.com/2fvc0zpe-maker/ziran202607/blob/main/1716_284.md,ziran202607/1716_284.md at main · 2fvc0zpe-maker/ziran202607 · GitHub
2026-07-30T09:38:24.290Z,https://www.google.com/search?q=%E5%A6%88%E7%A5%96%E5%A4%A9%E6%B0%94%E5%A4%A7%E6%A8%A1%E5%9E%8BGitHub&sca_esv=2c719d755bc25006&hl=en-US&biw=402&bih=674&sxsrf=APpeQnu74HQLAlH8sB537OnsxWx-XQrHKw%3A1785404271470&ei=bxtraoumHI3K1e8PuN6bgQg&oq=%E5%A6%88%E7%A5%96%E5%A4%A9%E6%B0%94%E5%A4%A7%E6%A8%A1%E5%9E%8BGitHub&gs_lp=EhNtb2JpbGUtZ3dzLXdpei1zZXJwIhvlpojnpZblpKnmsJTlpKfmqKHlnotHaXRIdWJI6RVQzwlYkhVwA3gAkAECmAGRAqABlQ-qAQUwLjIuN7gBA8gBAPgBAZgCBqACjwjCAggQABiwAxjvBcICCxAAGIAEGLADGKIEwgIFEAAY7wXCAgcQIRigARgKmAMAiAYBkAYFkgcFMS4xLjSgB8oasgcFMC4xLjS4B44IwgcDMS41yAcGgAgA&sclient=mobile-gws-wiz-serp,妈祖天气大模型GitHub - Google Search
2026-07-30T09:38:21.218Z,https://www.google.com/search?sca_esv=2c719d755bc25006&hl=en-US&sxsrf=APpeQntah1oexUIgSlxwcffpq3pi0rORvw:1785404269609&q=%E5%A6%88%E7%A5%96%E5%A4%A9%E6%B0%94%E5%A4%A7%E6%A8%A1%E5%9E%8B&spell=1&sa=X&ved=2ahUKEwjV1ZSajfqVAxXsklYBHdU0PAsQBSgAegQIDRAB&biw=402&bih=674&dpr=3#sbfbu=1&pi=%E5%A6%88%E7%A5%96%E5%A4%A9%E6%B0%94%E5%A4%A7%E6%A8%A1%E5%9E%8B,妈祖天气大模型 - Google Search
2026-07-30T09:38:02.978Z,https://www.news.cn/20260717/355746c7376c489c833876ada054b22f/c.html,新华鲜报·2026世界人工智能大会丨“妈祖”出海，中国气象智能预警方案走向世界-新华网
2026-07-30T09:37:51.565Z,https://www.google.com/search?sca_esv=2c719d755bc25006&hl=en-US&sxsrf=APpeQntah1oexUIgSlxwcffpq3pi0rORvw:1785404269609&q=%E5%A6%88%E7%A5%96%E5%A4%A9%E6%B0%94%E5%A4%A7%E6%A8%A1%E5%9E%8B&spell=1&sa=X&ved=2ahUKEwjV1ZSajfqVAxXsklYBHdU0PAsQBSgAegQIDRAB&biw=402&bih=674&dpr=3,妈祖天气大模型 - Google Search
2026-07-30T09:37:49.717Z,https://www.google.com/search?q=%E5%A6%88%E7%A5%96%E5%A4%A9%E6%B0%94%E8%BE%BE%E6%A8%A1%E5%9E%8B&oq=%E5%A6%88%E7%A5%96%E5%A4%A9%E6%B0%94%E8%BE%BE%E6%A8%A1%E5%9E%8B&gs_lcrp=EghlZGdlX2lvcyoGCAAQRRg5MgYIABBFGDkyBwgBEOsHGEAyCggCEAAYgAQYogQyBwgDEAAY7wUyBwgEEAAY7wUyBwgFEAAY7wXSAQg0NDk0ajFqOagCALACAeIDBBgCIF8&hl=en-US&sourceid=chrome-mobile&source=chrome.ob&ie=UTF-8,妈祖天气达模型 - Google Search
2026-07-30T09:37:43.088Z,https://www.google.com/search?sca_esv=ce761633f93c9f1e&hl=en-US&sxsrf=APpeQnvv5W8rsbs0BjPuTqcbjqcaTxooPg:1785390062294&udm=2&fbs=ABfTbFVyMZGZf1hfvX9uKjN_-G8c4u0nXx4bEIpwm1lnNH832SMIiTl3t-JZ4hGJOxPbHYQR84vEJkyW62ul7Q3Bkhu9lnQJN2b4NlD2btUk2oQl-um5dTOJckOd8F7bNk0O5v7xGD5evuMsApNcXOBvQmY4_rJGowZ0C2xQMDBrmDXUF-38oxlI3omjUPfveJyAxuzPCB1y94-4fqFtYJZ_cvF-Ye4OTw&q=%E8%AE%A1%E7%AE%97%E6%9C%BA%E7%97%85%E6%AF%92%E5%9F%BA%E5%9B%A0%E5%8F%98%E7%A7%8D+%E6%97%8F%E8%B0%B1&sa=X&ved=2ahUKEwje5Mqj2PmVAxXmlK8BHb4MFvkQtKgLegQIFRAB&biw=402&bih=674&dpr=3,计算机病毒基因变种 族谱 - Google Search
2026-07-30T05:41:26.682Z,https://www.google.com/search?sca_esv=ce761633f93c9f1e&hl=en-US&sxsrf=APpeQnvv5W8rsbs0BjPuTqcbjqcaTxooPg:1785390062294&udm=2&fbs=ABfTbFVyMZGZf1hfvX9uKjN_-G8c4u0nXx4bEIpwm1lnNH832SMIiTl3t-JZ4hGJOxPbHYQR84vEJkyW62ul7Q3Bkhu9lnQJN2b4NlD2btUk2oQl-um5dTOJckOd8F7bNk0O5v7xGD5evuMsApNcXOBvQmY4_rJGowZ0C2xQMDBrmDXUF-38oxlI3omjUPfveJyAxuzPCB1y94-4fqFtYJZ_cvF-Ye4OTw&q=%E8%AE%A1%E7%AE%97%E6%9C%BA%E7%97%85%E6%AF%92%E5%9F%BA%E5%9B%A0%E5%8F%98%E7%A7%8D+%E6%97%8F%E8%B0%B1&sa=X&ved=2ahUKEwje5Mqj2PmVAxXmlK8BHb4MFvkQtKgLegQIFRAB&biw=402&bih=674&dpr=3,计算机病毒基因变种 族谱 - Google Search
2026-07-30T05:41:08.054Z,https://www.juestc.uestc.edu.cn/cn/article/pdf/preview/10.3969/j.issn.1001-0548.2009.03.024.pdf,https://www.juestc.uestc.edu.cn/cn/article/pdf/preview/10.3969/j.issn.1001-0548.2009.03.024.pdf
2026-07-30T05:41:02.607Z,https://www.google.com/search?q=%E8%AE%A1%E7%AE%97%E6%9C%BA%E7%97%85%E6%AF%92%E5%9F%BA%E5%9B%A0%E5%8F%98%E7%A7%8D+%E6%97%8F%E8%B0%B1&oq=%E8%AE%A1%E7%AE%97%E6%9C%BA%E7%97%85%E6%AF%92%E5%9F%BA%E5%9B%A0%E5%8F%98%E7%A7%8D+%E6%97%8F%E8%B0%B1&gs_lcrp=EghlZGdlX2lvcyoGCAAQRRg5MgYIABBFGDkyBwgBEOsHGEAyBwgCEAAY7wUyBwgDEAAY7wUyBwgEEAAY7wUyBwgFEAAY7wXSAQkyMjA2NWowajSoAgCwAgHiAwQYAiBf&hl=en-US&sourceid=chrome-mobile&source=chrome.ob&ie=UTF-8,计算机病毒基因变种 族谱 - Google Search
2026-07-30T05:40:19.891Z,https://antiy.cn/research/notice&report/research_report/262.html,对Stuxnet蠕虫攻击工业控制系统事件的综合报告-安天 智者安天下
2026-07-30T05:39:50.834Z,https://www.google.com/search?q=%E5%90%BE%E7%88%B1+%E9%9C%87%E7%BD%91%E7%97%85%E6%AF%92&oq=%E5%90%BE%E7%88%B1+%E9%9C%87%E7%BD%91%E7%97%85%E6%AF%92&gs_lcrp=EghlZGdlX2lvcyoGCAAQRRg5MgYIABBFGDkyBwgBEOsHGEDSAQkxMDk1M2owajSoAgCwAgHiAwQYAiBf&hl=en-US&sourceid=chrome-mobile&source=chrome.ob&ie=UTF-8,吾爱 震网病毒 - Google Search
2026-07-30T05:39:27.151Z,https://github.com/AngelKitty,AngelKitty (Angel_Kitty) · GitHub
2026-07-30T05:39:17.128Z,https://github.com/AngelKitty/Computer-Virus/tree/master,GitHub - AngelKitty/Computer-Virus: 👻计算机病毒以及相应的专杀工具的研发 · GitHub
2026-07-30T05:39:07.971Z,https://github.com/AngelKitty/Computer-Virus/tree/master/panda,Computer-Virus/panda at master · AngelKitty/Computer-Virus · GitHub
2026-07-30T05:38:51.794Z,https://github.com/AngelKitty/Computer-Virus/blob/master/panda/README.md,Computer-Virus/panda/README.md at master · AngelKitty/Computer-Virus · GitHub
2026-07-30T05:38:37.807Z,https://www.google.com/search?q=%E7%86%8A%E7%8C%AB%E7%83%A7%E9%A6%99+%E5%90%BE%E7%88%B1%E7%A0%B4%E8%A7%A3&oq=%E7%86%8A%E7%8C%AB%E7%83%A7%E9%A6%99+%E5%90%BE%E7%88%B1%E7%A0%B4%E8%A7%A3&gs_lcrp=EghlZGdlX2lvcyoGCAAQRRg5MgYIABBFGDkyBwgBEOsHGEAyCggCEAAYChgWGB4yDQgDEAAYhgMYgAQYigUyDQgEEAAYhgMYgAQYigUyDQgFEAAYhgMYgAQYigXSAQgzOTY2ajBqN6gCALACAeIDBBgCIF8&hl=en-US&sourceid=chrome-mobile&source=chrome.ob&ie=UTF-8,熊猫烧香 吾爱破解 - Google Search
2026-07-30T05:37:27.972Z,http://hacky.ren/archives/page/9/,归档 | HaCky的安全备忘录
2026-07-30T05:37:13.969Z,http://hacky.ren/archives/,归档 | HaCky的安全备忘录
2026-07-30T05:36:54.190Z,http://hacky.ren/2019/01/13/%E7%97%85%E6%AF%92%E5%88%86%E6%9E%90%E6%8A%80%E6%9C%AF_19_Ghost%E5%90%8E%E9%97%A8%E7%A8%8B%E5%BA%8F%E5%88%86%E6%9E%90/,病毒分析技术18) ---Ghost后门病毒 | HaCky的安全备忘录
2026-07-30T05:36:43.004Z,https://www.google.com/search?q=ghost+%E7%97%85%E6%AF%92&oq=ghost+%E7%97%85%E6%AF%92&gs_lcrp=EghlZGdlX2lvcyoGCAAQRRg5MgYIABBFGDkyBwgBEOsHGEAyCwgCEAAYChgLGIAEMgsIAxAAGAoYCxiABDILCAQQABgKGAsYgAQyCwgFEAAYChgLGIAE0gEINTg2N2owajSoAgCwAgHiAwQYAiBf&hl=en-US&sourceid=chrome-mobile&source=chrome.ob&ie=UTF-8,ghost 病毒 - Google Search
2026-07-30T05:34:48.448Z,https://github.com/tanjiti/sec_profile/tree/main,"GitHub - tanjiti/sec_profile: 爬取secwiki和xuanwu.github.io/sec.today,分析安全信息站点、安全趋势、提取安全工作者账号(twitter,weixin,github等) · GitHub"
2026-07-30T05:34:40.806Z,https://github.com/tanjiti/sec_profile/blob/main/README_202506.md,sec_profile/README_202506.md at main · tanjiti/sec_profile · GitHub
2026-07-30T05:34:19.120Z,https://www.52pojie.cn/thread-2091720-1-1.html,黑吃黑：银狐组织疑似定向投毒黑灰产群体 - 吾爱破解 - 52pojie.cn
2026-07-30T05:34:14.077Z,https://www.google.com/search?q=%E9%93%B6%E7%8B%90%E6%8A%95%E6%AF%92+%E5%90%BE%E7%88%B1%E7%A0%B4%E8%A7%A3&sca_esv=ce761633f93c9f1e&hl=en-US&sxsrf=APpeQntD9PVsWqbQvde6uVTWwa1WFl7qbA%3A1785389604622&ei=JOJqasDLJbuk2roPqeOUSQ&biw=402&bih=674&oq=%E9%93%B6%E7%8B%90%E6%8A%95%E6%AF%92+%E5%90%BE%E7%88%B1%E7%A0%B4%E8%A7%A3&gs_lp=EhNtb2JpbGUtZ3dzLXdpei1zZXJwGgIYAiIZ6ZO254uQ5oqV5q-SIOWQvueIseegtOino0j5G1CDC1inG3ADeAGQAQCYAYsCoAH4D6oBBTAuNi40uAEDyAEA-AEBmAILoAKkDsICChAAGLADGNYEGEfCAgUQABjvBcICCBAAGIAEGKIEwgIFECEYoAHCAgcQIRigARgKwgIKECEYoAEYChiLA5gDAIgGAZAGApIHBTIuNS40oAe5F7IHBTAuNS40uAeZDsIHBTAuOC4zyAcWgAgA&sclient=mobile-gws-wiz-serp,银狐投毒 吾爱破解 - Google Search
2026-07-30T05:34:10.264Z,https://www.google.com/search?q=%E9%93%B6%E7%8B%90%E6%8A%95%E6%AF%92&oq=%E9%93%B6%E7%8B%90%E6%8A%95%E6%AF%92&gs_lcrp=EghlZGdlX2lvcyoGCAAQRRg5MgYIABBFGDkyBwgBEOsHGEAyBwgCEAAY7wUyBwgDEAAY7wUyCggEEAAYgAQYogQyBwgFEAAY7wXSAQg2MDIyajFqOagCALACAeIDBBgCIF8&hl=en-US&sourceid=chrome-mobile&source=chrome.ob&ie=UTF-8#sbfbu=1&pi=%E9%93%B6%E7%8B%90%E6%8A%95%E6%AF%92,银狐投毒 - Google Search
2026-07-30T05:33:39.273Z,https://www.google.com/search?q=%E9%93%B6%E7%8B%90%E6%8A%95%E6%AF%92&oq=%E9%93%B6%E7%8B%90%E6%8A%95%E6%AF%92&gs_lcrp=EghlZGdlX2lvcyoGCAAQRRg5MgYIABBFGDkyBwgBEOsHGEAyBwgCEAAY7wUyBwgDEAAY7wUyCggEEAAYgAQYogQyBwgFEAAY7wXSAQg2MDIyajFqOagCALACAeIDBBgCIF8&hl=en-US&sourceid=chrome-mobile&source=chrome.ob&ie=UTF-8#lfId=ChxjMe,银狐投毒 - Google Search
2026-07-30T05:33:24.706Z,https://www.google.com/search?q=%E9%93%B6%E7%8B%90%E6%8A%95%E6%AF%92&oq=%E9%93%B6%E7%8B%90%E6%8A%95%E6%AF%92&gs_lcrp=EghlZGdlX2lvcyoGCAAQRRg5MgYIABBFGDkyBwgBEOsHGEAyBwgCEAAY7wUyBwgDEAAY7wUyCggEEAAYgAQYogQyBwgFEAAY7wXSAQg2MDIyajFqOagCALACAeIDBBgCIF8&hl=en-US&sourceid=chrome-mobile&source=chrome.ob&ie=UTF-8,银狐投毒 - Google Search
2026-07-30T05:33:14.557Z,https://www.google.com/search?q=%E8%A3%85%E6%9C%BA%E5%B9%B4%E5%BA%A6%E9%85%8D%E7%BD%AE&oq=%E8%A3%85%E6%9C%BA%E5%B9%B4%E5%BA%A6%E9%85%8D%E7%BD%AE&gs_lcrp=EghlZGdlX2lvcyoGCAAQRRg5MgYIABBFGDkyBwgBEOsHGEAyBwgCEAAY7wUyBwgDEAAY7wUyBwgEEAAY7wUyBwgFEAAY7wXSAQgzODc3ajFqN6gCALACAeIDBBgCIF8&hl=en-US&sourceid=chrome-mobile&source=chrome.ob&ie=UTF-8#lfId=ChxjMe,装机年度配置 - Google Search
2026-07-30T05:24:04.589Z,https://www.google.com/search?q=%E8%A3%85%E6%9C%BA%E5%B9%B4%E5%BA%A6%E9%85%8D%E7%BD%AE&oq=%E8%A3%85%E6%9C%BA%E5%B9%B4%E5%BA%A6%E9%85%8D%E7%BD%AE&gs_lcrp=EghlZGdlX2lvcyoGCAAQRRg5MgYIABBFGDkyBwgBEOsHGEAyBwgCEAAY7wUyBwgDEAAY7wUyBwgEEAAY7wUyBwgFEAAY7wXSAQgzODc3ajFqN6gCALACAeIDBBgCIF8&hl=en-US&sourceid=chrome-mobile&source=chrome.ob&ie=UTF-8#lfId=ChxjMe,装机年度配置 - Google Search
2026-07-30T05:23:43.150Z,https://www.google.com/search?q=%E8%A3%85%E6%9C%BA%E5%B9%B4%E5%BA%A6%E9%85%8D%E7%BD%AE&oq=%E8%A3%85%E6%9C%BA%E5%B9%B4%E5%BA%A6%E9%85%8D%E7%BD%AE&gs_lcrp=EghlZGdlX2lvcyoGCAAQRRg5MgYIABBFGDkyBwgBEOsHGEAyBwgCEAAY7wUyBwgDEAAY7wUyBwgEEAAY7wUyBwgFEAAY7wXSAQgzODc3ajFqN6gCALACAeIDBBgCIF8&hl=en-US&sourceid=chrome-mobile&source=chrome.ob&ie=UTF-8,装机年度配置 - Google Search
2026-07-30T05:21:41.403Z,https://www.google.com.hk/search?q=%E5%B9%B4%E5%BA%A6%E9%85%8D%E7%BD%AE&oq=%E5%B9%B4%E5%BA%A6%E9%85%8D%E7%BD%AE&gs_lcrp=EghlZGdlX2lvcyoGCAAQRRg5MgYIABBFGDkyBwgBEOsHGEAyCggCEAAYogQYiQUyCggDEAAYgAQYogQyCggEEAAYgAQYogQyBwgFEAAY7wXSAQg2NDY2ajFqN6gCALACAeIDBBgCIF8&hl=en-US&sourceid=chrome-mobile&source=chrome.ob&ie=UTF-8,年度配置 - Google Search
2026-07-30T03:07:39.076Z,https://patents.google.com/patent/CN204473141U/zh,CN204473141U - 仿生机械鸟 - Google Patents
2026-07-30T03:06:59.765Z,https://www.google.com/search?q=%D0%93%D0%9E%D0%A1%D0%A2&sca_esv=9605c22629cc6623&ei=oL9qav-1L6HW1e8PmYCY0QQ&biw=980&bih=1261&ved=0ahUKEwj_hYzUtfmVAxUha_UHHRkAJkoQ4dUDCBA&uact=5&oq=%D0%93%D0%9E%D0%A1%D0%A2&gs_lp=Egxnd3Mtd2l6LXNlcnAiCNCT0J7QodCiMgoQABiABBiKBRhDMgUQABiABDIFEAAYgAQyBRAAGIAEMgUQABiABDIFEAAYgAQyBRAAGIAEMgUQABiABDIKEAAYgAQYigUYQzIFEAAYgARIhStQtCRYtCRwAngBkAEAmAGQAaABkAGqAQMwLjG4AQPIAQD4AQGYAgOgAqkBqAIFwgIKEAAYRxjWBBiwA8ICFxAuGNwGGLgGGNoGGNgCGMgDGLAD2AEBwgIgEAAYgAQYigUY1AMY5QIY5wYY6gIYtAIYigMYtwPYAQHCAh0QABiABBiKBRi3AxjlAhjnBhjqAhi0AhiKA9gBAZgDB_EFnhZ4OFL0XWSIBgGQBgq6BgQIARgZkgcDMi4xoAe7ArIHAzAuMbgHlwHCBwUyLTIuMcgHEoAIAQ&sclient=gws-wiz-serp,ГОСТ - Google 搜索
2026-07-30T03:06:51.712Z,https://seller.ozon.ru/media/instructions/chto-takoe-gost/?__rr=1&abt_att=1&origin_referer=www.google.com,"Что такое ГОСТ, зачем он нужен и как бизнесу подтвердить, что продукция соответствует стандарту"
2026-07-30T03:06:24.538Z,https://www.google.com/search?q=%D0%93%D0%9E%D0%A1%D0%A2&sca_esv=9605c22629cc6623&ei=oL9qav-1L6HW1e8PmYCY0QQ&biw=980&bih=1261&ved=0ahUKEwj_hYzUtfmVAxUha_UHHRkAJkoQ4dUDCBA&uact=5&oq=%D0%93%D0%9E%D0%A1%D0%A2&gs_lp=Egxnd3Mtd2l6LXNlcnAiCNCT0J7QodCiMgoQABiABBiKBRhDMgUQABiABDIFEAAYgAQyBRAAGIAEMgUQABiABDIFEAAYgAQyBRAAGIAEMgUQABiABDIKEAAYgAQYigUYQzIFEAAYgARIhStQtCRYtCRwAngBkAEAmAGQAaABkAGqAQMwLjG4AQPIAQD4AQGYAgOgAqkBqAIFwgIKEAAYRxjWBBiwA8ICFxAuGNwGGLgGGNoGGNgCGMgDGLAD2AEBwgIgEAAYgAQYigUY1AMY5QIY5wYY6gIYtAIYigMYtwPYAQHCAh0QABiABBiKBRi3AxjlAhjnBhjqAhi0AhiKA9gBAZgDB_EFnhZ4OFL0XWSIBgGQBgq6BgQIARgZkgcDMi4xoAe7ArIHAzAuMbgHlwHCBwUyLTIuMcgHEoAIAQ&sclient=gws-wiz-serp,ГОСТ - Google 搜索
2026-07-30T03:06:09.074Z,https://www.google.com/search?q=gost+Russian&oq=gost+Russian&gs_lcrp=EgxlZGdlX2FuZHJvaWQqBggAEEUYOTIGCAAQRRg5MgcIARDrBxhAMgkIAhAAGAwYgAQyBwgDEAAYgAQyCQgEEAAYDBiABDIHCAUQABiABDIJCAYQABgMGIAEMgkIBxAAGAwYgATSAQgzNDM1ajBqNKgCALACAQ&sourceid=chrome-mobile&source=chrome.ob&ie=UTF-8,gost Russian - Google 搜索
2026-07-30T03:06:02.289Z,https://www.wwli.asia/downloads/books/Modulform.pdf,wwli.asia/downloads/books/Modulform.pdf
2026-07-30T00:22:08.705Z,https://www.wwli.asia/downloads/books/Modulform.pdf,wwli.asia/downloads/books/Modulform.pdf
2026-07-30T00:22:03.882Z,https://www.google.com/search?q=%E6%A8%A1%E5%BD%A2%E5%BC%8F&oq=%E6%A8%A1%E5%BD%A2%E5%BC%8F&gs_lcrp=EgxlZGdlX2FuZHJvaWQqBggAEEUYOTIGCAAQRRg5MgcIARDrBxhA0gEHMjYxajBqN6gCALACAQ&sourceid=chrome-mobile&source=chrome.ob&ie=UTF-8,模形式 - Google 搜索
2026-07-29T14:58:10.204Z,https://render.alipay.com/p/s/i/?scheme=alipays%3A%2F%2Fplatformapi%2Fstartapp%3FappId%3D2021001110676437%26page%3Dpages%252Findex%252Findex%26enbsv%3D0.2.2605122250.48%26chInfo%3Dch_share__chsub_CopyLink%26fxzjshareChinfo%3Dch_share__chsub_CopyLink%26apshareid%3D5FCA80B5-DA40-4274-A032-757235418FFF%26shareBizType%3DH5App_XCX%26shareTimestamp%3D1784530473627,Alipay
2026-07-29T09:56:15.478Z,https://render.alipay.com/p/s/i/?scheme=alipays%3A%2F%2Fplatformapi%2Fstartapp%3FappId%3D2021001110676437%26page%3Dpages%252Findex%252Findex%26enbsv%3D0.2.2605122250.48%26chInfo%3Dch_share__chsub_CopyLink%26fxzjshareChinfo%3Dch_share__chsub_CopyLink%26apshareid%3D5FCA80B5-DA40-4274-A032-757235418FFF%26shareBizType%3DH5App_XCX%26shareTimestamp%3D1784530473627,Alipay
2026-07-29T09:54:35.635Z,https://render.alipay.com/p/s/i/?scheme=alipays%3A%2F%2Fplatformapi%2Fstartapp%3FappId%3D2021001110676437%26page%3Dpages%252Findex%252Findex%26enbsv%3D0.2.2605122250.48%26chInfo%3Dch_share__chsub_CopyLink%26fxzjshareChinfo%3Dch_share__chsub_CopyLink%26apshareid%3D5FCA80B5-DA40-4274-A032-757235418FFF%26shareBizType%3DH5App_XCX%26shareTimestamp%3D1784530473627,Alipay
2026-07-29T09:52:36.834Z,https://render.alipay.com/p/s/i/?scheme=alipays%3A%2F%2Fplatformapi%2Fstartapp%3FappId%3D20001003%26actionSrc%3Dshare%26keyword%3D%25E7%25BE%258E%25E5%259B%25A2%26queryWord%3D%25E7%25BE%258E%25E5%259B%25A2%26v2%3Dtrue%26sugFeed%3Dtrue%26frontCode%3DglobalSearchFront%26sugCode%3DglobalSearchSug%26resultCode%3DglobalSearchScene%26appClearTop%3Dfalse%26startMultApp%3DYES%26searchType%3Dunified%26chInfo%3Dch_share__chsub_CopyLink%26fxzjshareChinfo%3Dch_share__chsub_CopyLink%26apshareid%3D630ABACB-891A-4732-AA48-155E1ADB4B8C%26shareBizType%3DztokenV0_mZHiEwfE%26shareTimestamp%3D1784361546475,Alipay
2026-07-29T09:51:50.788Z,https://render.alipay.com/p/s/i/?scheme=alipays%3A%2F%2Fplatformapi%2Fstartapp%3FappId%3D2021001110676437%26page%3Dpages%252Findex%252Findex%26enbsv%3D0.2.2605122250.48%26chInfo%3Dch_share__chsub_CopyLink%26fxzjshareChinfo%3Dch_share__chsub_CopyLink%26apshareid%3D5FCA80B5-DA40-4274-A032-757235418FFF%26shareBizType%3DH5App_XCX%26shareTimestamp%3D1784530473627,Alipay
2026-07-29T09:50:41.106Z,https://render.alipay.com/p/s/i/?scheme=alipays%3A%2F%2Fplatformapi%2Fstartapp%3FappId%3D2021001110676437%26page%3Dpages%252Findex%252Findex%26enbsv%3D0.2.2605122250.48%26chInfo%3Dch_share__chsub_CopyLink%26fxzjshareChinfo%3Dch_share__chsub_CopyLink%26apshareid%3D5FCA80B5-DA40-4274-A032-757235418FFF%26shareBizType%3DH5App_XCX%26shareTimestamp%3D1784530473627,Alipay
2026-07-29T09:50:10.125Z,https://render.alipay.com/p/s/i/?scheme=alipays%3A%2F%2Fplatformapi%2Fstartapp%3FappId%3D2021004146625103%26page%3Dpages%252Fweb-view%252Fweb-view%253FwebviewUrl%253Dhttps%25253A%25252F%25252Fh5.waimai.meituan.com%25252Fwaimai%25252Fmindex%25252Fmyfavorite%25253FactualLat%25253D24.797936%252526actualLng%25253D118.431126%252526initialLat%25253D24.797936%252526initialLng%25253D118.431126%26enbsv%3D0.2.2506191740.8%26chInfo%3Dch_share__chsub_CopyLink%26fxzjshareChinfo%3Dch_share__chsub_CopyLink%26apshareid%3D9CE72379-542B-4C11-B414-DA032311A40A%26shareBizType%3DH5App_XCX%26shareTimestamp%3D1784361922621,Alipay
2026-07-29T08:46:49.007Z,https://www.52pojie.cn/thread-691615-1-1.html#18713591_step-5:-code-finder-(pw=888899),【　　　】【原创】CE教程：基础篇 - 吾爱破解 - 52pojie.cn
2026-07-29T08:44:38.774Z,https://www.52pojie.cn/thread-691615-1-1.html,【新提醒】【原创】CE教程：基础篇 - 吾爱破解 - 52pojie.cn
2026-07-29T08:44:18.321Z,https://www.google.com/search?q=%E4%BF%AE%E6%94%B9%E5%99%A8%E6%95%99%E7%A8%8B+%E5%90%BE%E7%88%B1%E7%A0%B4%E8%A7%A3&sca_esv=5fc228418363e72d&hl=en-US&biw=402&bih=674&sxsrf=APpeQntZRH0fr5e2ypEdQEBU8B73fWwYLw%3A1785314641267&ei=Ub1paqzzD6Xs1e8PuMiJsAg&oq=%E4%BF%AE%E6%94%B9%E5%99%A8%E6%95%99%E7%A8%8B+%E5%90%BE%E7%88%B1%E7%A0%B4%E8%A7%A3&gs_lp=EhNtb2JpbGUtZ3dzLXdpei1zZXJwIhzkv67mlLnlmajmlZnnqIsg5ZC-54ix56C06KejMgoQABiwAxjWBBhHMgoQABiwAxjWBBhHMgoQABiwAxjWBBhHMgoQABiwAxjWBBhHMgoQABiwAxjWBBhHSPA-UOgPWNU-cBd4AZABBZgB4gGgAYcTqgEGMy4xMS4zuAEDyAEA-AEBmAIboAKpAcICBRAAGO8FwgIKECEYoAEYwwQYCsICCBAhGKABGMMEmAMAiAYBkAYFkgcEMjYuMaAHzBSyBwMzLjG4B4sBwgcGOS4xNi4yyAcagAgA&sclient=mobile-gws-wiz-serp,修改器教程 吾爱破解 - Google Search
2026-07-29T08:44:09.915Z,https://www.google.com/search?q=%E4%BF%AE%E6%94%B9%E5%99%A8+%E5%90%BE%E7%88%B1%E7%A0%B4%E8%A7%A3&sca_esv=5fc228418363e72d&hl=en-US&sxsrf=APpeQnvBGHbNqazxqnb72NiZONFP5pPldg%3A1785314615267&ei=N71pavPWD_y9vr0PtLXUkQE&biw=402&bih=674&oq=%E4%BF%AE%E6%94%B9%E5%99%A8+%E5%90%BE%E7%88%B1%E7%A0%B4%E8%A7%A3&gs_lp=EhNtb2JpbGUtZ3dzLXdpei1zZXJwIhbkv67mlLnlmagg5ZC-54ix56C06KejMggQABiwAxjvBTIIEAAYsAMY7wUyCBAAGLADGO8FSMI5UIULWJY5cAp4AJABAJgBzAGgAe4QqgEGMC4xMC4yuAEDyAEA-AEBmAIWoAKTEcICBRAAGO8FwgIFECEYoAHCAgcQIRigARgKmAMAiAYBkAYDkgcHMTAuMTAuMqAH7xKyBwYwLjEwLjK4B_8QwgcGMi4xOC4yyAchgAgA&sclient=mobile-gws-wiz-serp#sbfbu=1&pi=%E4%BF%AE%E6%94%B9%E5%99%A8%20%E5%90%BE%E7%88%B1%E7%A0%B4%E8%A7%A3,修改器 吾爱破解 - Google Search
2026-07-29T08:44:01.353Z,https://www.google.com/search?q=%E4%BF%AE%E6%94%B9%E5%99%A8+%E5%90%BE%E7%88%B1%E7%A0%B4%E8%A7%A3&sca_esv=5fc228418363e72d&hl=en-US&sxsrf=APpeQnvBGHbNqazxqnb72NiZONFP5pPldg%3A1785314615267&ei=N71pavPWD_y9vr0PtLXUkQE&biw=402&bih=674&oq=%E4%BF%AE%E6%94%B9%E5%99%A8+%E5%90%BE%E7%88%B1%E7%A0%B4%E8%A7%A3&gs_lp=EhNtb2JpbGUtZ3dzLXdpei1zZXJwIhbkv67mlLnlmagg5ZC-54ix56C06KejMggQABiwAxjvBTIIEAAYsAMY7wUyCBAAGLADGO8FSMI5UIULWJY5cAp4AJABAJgBzAGgAe4QqgEGMC4xMC4yuAEDyAEA-AEBmAIWoAKTEcICBRAAGO8FwgIFECEYoAHCAgcQIRigARgKmAMAiAYBkAYDkgcHMTAuMTAuMqAH7xKyBwYwLjEwLjK4B_8QwgcGMi4xOC4yyAchgAgA&sclient=mobile-gws-wiz-serp,修改器 吾爱破解 - Google Search
2026-07-29T08:43:53.610Z,https://www.google.com/search?q=%E4%BF%AE%E6%94%B9%E5%99%A8+%E5%90%BE%E7%88%B1&oq=%E4%BF%AE%E6%94%B9%E5%99%A8+%E5%90%BE%E7%88%B1&gs_lcrp=EghlZGdlX2lvcyoGCAAQRRg5MgYIABBFGDkyBwgBEOsHGEDSAQg4MTU4ajBqN6gCALACAeIDBBgCIF8&hl=en-US&sourceid=chrome-mobile&source=chrome.ob&ie=UTF-8#sbfbu=1&pi=%E4%BF%AE%E6%94%B9%E5%99%A8%20%E5%90%BE%E7%88%B1,修改器 吾爱 - Google Search
2026-07-29T08:43:35.336Z,https://www.google.com/search?q=%E4%BF%AE%E6%94%B9%E5%99%A8+%E5%90%BE%E7%88%B1&oq=%E4%BF%AE%E6%94%B9%E5%99%A8+%E5%90%BE%E7%88%B1&gs_lcrp=EghlZGdlX2lvcyoGCAAQRRg5MgYIABBFGDkyBwgBEOsHGEDSAQg4MTU4ajBqN6gCALACAeIDBBgCIF8&hl=en-US&sourceid=chrome-mobile&source=chrome.ob&ie=UTF-8,修改器 吾爱 - Google Search
2026-07-29T04:45:10.772Z,https://www.52pojie.cn/home.php?mod=task&do=draw&id=2&referer=https%3A%2F%2Fwww.52pojie.cn%2F.%2F%2Fthread-2119750-1-1.html,【新提醒】提示信息 - 吾爱破解 - 52pojie.cn
2026-07-29T04:44:41.475Z,https://www.52pojie.cn/thread-2119750-1-1.html,【新提醒】编程学习困惑 - 吾爱破解 - 52pojie.cn
2026-07-29T04:44:33.872Z,https://www.52pojie.cn/thread-2096316-1-1.html,https://www.52pojie.cn/thread-2096316-1-1.html
2026-07-29T04:44:20.533Z,https://www.google.com/search?q=%E5%90%BE%E7%88%B1%E7%A0%B4%E8%A7%A3+2026+%E5%AD%A6%E4%B9%A0%E8%AE%A1%E5%88%92site%3Awww.52pojie.cn&sca_esv=77821bc6db13ead3&hl=en-US&biw=402&bih=674&sxsrf=APpeQnuJ0h7ke-a11w_vPCh6InSEpHCfiw%3A1785300215117&ei=94RpasrfBq2-vr0Psd_R0A0&oq=%E5%90%BE%E7%88%B1%E7%A0%B4%E8%A7%A3+2026+%E5%AD%A6%E4%B9%A0%E8%AE%A1%E5%88%92site%3Awww.52pojie.cn&gs_lp=EhNtb2JpbGUtZ3dzLXdpei1zZXJwIjHlkL7niLHnoLTop6MgMjAyNiDlrabkuaDorqHliJJzaXRlOnd3dy41MnBvamllLmNuSOucAVCFXVi9nAFwAHgAkAECmAHTC6AB2SWqAQ8wLjEuMS4xLjAuMi4wLjK4AQPIAQD4AQGYAgCgAgCYAwCIBgGSBwCgB1SyBwC4BwDCBwDIBwCACAA&sclient=mobile-gws-wiz-serp,吾爱破解 2026 学习计划site:www.52pojie.cn - Google Search
2026-07-29T04:43:49.602Z,https://www.google.com/search?q=%E5%90%BE%E7%88%B1%E7%A0%B4%E8%A7%A3+%E6%AF%8F%E6%97%A5%E5%AD%A6%E4%B9%A0%E8%AE%B0%E5%BD%95site%3Awww.52pojie.cn&sca_esv=77821bc6db13ead3&hl=en-US&biw=402&bih=674&sxsrf=APpeQnsglFrj_kKbeXNbrcs5wpBw9L1tXQ%3A1785300186947&ei=2oRpav22Oc69vr0Pxoe52Q8&oq=%E5%90%BE%E7%88%B1%E7%A0%B4%E8%A7%A3+%E6%AF%8F%E6%97%A5%E5%AD%A6%E4%B9%A0%E8%AE%B0%E5%BD%95site%3Awww.52pojie.cn&gs_lp=EhNtb2JpbGUtZ3dzLXdpei1zZXJwIjLlkL7niLHnoLTop6Mg5q-P5pel5a2m5Lmg6K6w5b2Vc2l0ZTp3d3cuNTJwb2ppZS5jbkirO1DKFljbOHAAeACQAQCYAd8GoAHyGqoBCzAuMi4xLjUtMi4yuAEDyAEA-AEBmAIAoAIAmAMAiAYBkgcAoAdUsgcAuAcAwgcAyAcAgAgA&sclient=mobile-gws-wiz-serp#sbfbu=1&pi=%E5%90%BE%E7%88%B1%E7%A0%B4%E8%A7%A3%20%E6%AF%8F%E6%97%A5%E5%AD%A6%E4%B9%A0%E8%AE%B0%E5%BD%95site:www.52pojie.cn,吾爱破解 每日学习记录site:www.52pojie.cn - Google Search
2026-07-29T04:43:34.986Z,https://www.google.com/search?q=%E5%90%BE%E7%88%B1%E7%A0%B4%E8%A7%A3+%E6%AF%8F%E6%97%A5%E5%AD%A6%E4%B9%A0%E8%AE%B0%E5%BD%95site%3Awww.52pojie.cn&sca_esv=77821bc6db13ead3&hl=en-US&biw=402&bih=674&sxsrf=APpeQnsglFrj_kKbeXNbrcs5wpBw9L1tXQ%3A1785300186947&ei=2oRpav22Oc69vr0Pxoe52Q8&oq=%E5%90%BE%E7%88%B1%E7%A0%B4%E8%A7%A3+%E6%AF%8F%E6%97%A5%E5%AD%A6%E4%B9%A0%E8%AE%B0%E5%BD%95site%3Awww.52pojie.cn&gs_lp=EhNtb2JpbGUtZ3dzLXdpei1zZXJwIjLlkL7niLHnoLTop6Mg5q-P5pel5a2m5Lmg6K6w5b2Vc2l0ZTp3d3cuNTJwb2ppZS5jbkirO1DKFljbOHAAeACQAQCYAd8GoAHyGqoBCzAuMi4xLjUtMi4yuAEDyAEA-AEBmAIAoAIAmAMAiAYBkgcAoAdUsgcAuAcAwgcAyAcAgAgA&sclient=mobile-gws-wiz-serp,吾爱破解 每日学习记录site:www.52pojie.cn - Google Search
2026-07-29T04:43:22.348Z,https://www.google.com/search?q=%E5%90%BE%E7%88%B1%E7%A0%B4%E8%A7%A3+%E9%AB%98%E7%AD%89%E6%95%99%E8%82%B2+%E6%95%B0%E5%AD%A6+site%3Awww.52pojie.cn&sca_esv=77821bc6db13ead3&hl=en-US&biw=402&bih=674&sxsrf=APpeQns-x3lS_o-f_ZsL-q3xRu1HuBaW8Q%3A1785299996916&ei=HIRpaoSQN-DK2roP9OWIsAQ&oq=%E5%90%BE%E7%88%B1%E7%A0%B4%E8%A7%A3+%E9%AB%98%E7%AD%89%E6%95%99%E8%82%B2+%E6%95%B0%E5%AD%A6+site%3Awww.52pojie.cn&gs_lp=EhNtb2JpbGUtZ3dzLXdpei1zZXJwIjTlkL7niLHnoLTop6Mg6auY562J5pWZ6IKyIOaVsOWtpiBzaXRlOnd3dy41MnBvamllLmNuSMJjUKwVWP9icAd4AJABBZgBjA2gAf5QqgERMC42LjUuNC4yLjEuNC4wLjG4AQPIAQD4AQGYAgCgAgCYAwCIBgGSBwCgB5QCsgcAuAcAwgcAyAcAgAgA&sclient=mobile-gws-wiz-serp#ip=1&sbfbu=1&pi=%E5%90%BE%E7%88%B1%E7%A0%B4%E8%A7%A3%20%E9%AB%98%E7%AD%89%E6%95%99%E8%82%B2%20%E6%95%B0%E5%AD%A6%20site:www.52pojie.cn,吾爱破解 高等教育 数学 site:www.52pojie.cn - Google Search
2026-07-29T04:43:06.956Z,https://www.google.com/search?q=%E5%90%BE%E7%88%B1%E7%A0%B4%E8%A7%A3+%E9%AB%98%E7%AD%89%E6%95%99%E8%82%B2+%E6%95%B0%E5%AD%A6+site%3Awww.52pojie.cn&sca_esv=77821bc6db13ead3&hl=en-US&biw=402&bih=674&sxsrf=APpeQns-x3lS_o-f_ZsL-q3xRu1HuBaW8Q%3A1785299996916&ei=HIRpaoSQN-DK2roP9OWIsAQ&oq=%E5%90%BE%E7%88%B1%E7%A0%B4%E8%A7%A3+%E9%AB%98%E7%AD%89%E6%95%99%E8%82%B2+%E6%95%B0%E5%AD%A6+site%3Awww.52pojie.cn&gs_lp=EhNtb2JpbGUtZ3dzLXdpei1zZXJwIjTlkL7niLHnoLTop6Mg6auY562J5pWZ6IKyIOaVsOWtpiBzaXRlOnd3dy41MnBvamllLmNuSMJjUKwVWP9icAd4AJABBZgBjA2gAf5QqgERMC42LjUuNC4yLjEuNC4wLjG4AQPIAQD4AQGYAgCgAgCYAwCIBgGSBwCgB5QCsgcAuAcAwgcAyAcAgAgA&sclient=mobile-gws-wiz-serp#ip=1,吾爱破解 高等教育 数学 site:www.52pojie.cn - Google Search
2026-07-29T04:42:49.968Z,https://www.google.com/search?q=%E5%90%BE%E7%88%B1%E7%A0%B4%E8%A7%A3+%E6%95%B0%E5%AD%A6+site:www.52pojie.cn&sca_esv=77821bc6db13ead3&hl=en-US&prmd=vni&sxsrf=APpeQnsjlyoMxpEpIgk4e4tHcuM5D2lxlQ:1785299975116&sa=X&ved=2ahUKEwja79XWiPeVAxWLtVYBHbLWHHkQrQJ6BAghEAY&biw=402&bih=757&dpr=3#ip=1&sbfbu=1&pi=%E5%90%BE%E7%88%B1%E7%A0%B4%E8%A7%A3%20%E6%95%B0%E5%AD%A6%20site:www.52pojie.cn,吾爱破解 数学 site:www.52pojie.cn - Google Search
2026-07-29T04:42:32.905Z,https://www.52pojie.cn/thread-2104097-1-1.html,原创力文档数学卷下载 - 吾爱破解 - 52pojie.cn
2026-07-29T04:40:13.475Z,https://www.52pojie.cn/thread-2116058-1-1.html,【新提醒】求90年六年制数学电子课本 - 吾爱破解 - 52pojie.cn
2026-07-29T04:39:56.914Z,https://www.google.com/search?q=%E5%90%BE%E7%88%B1%E7%A0%B4%E8%A7%A3+%E6%95%B0%E5%AD%A6+site:www.52pojie.cn&sca_esv=77821bc6db13ead3&hl=en-US&prmd=vni&sxsrf=APpeQnsjlyoMxpEpIgk4e4tHcuM5D2lxlQ:1785299975116&sa=X&ved=2ahUKEwja79XWiPeVAxWLtVYBHbLWHHkQrQJ6BAghEAY&biw=402&bih=757&dpr=3#ip=1,吾爱破解 数学 site:www.52pojie.cn - Google Search
2026-07-29T04:39:46.039Z,https://www.52pojie.cn/thread-2054403-1-1.html,https://www.52pojie.cn/thread-2054403-1-1.html
2026-07-29T04:39:35.091Z,https://www.google.com/search?q=%E5%90%BE%E7%88%B1%E7%A0%B4%E8%A7%A3+%E6%95%B0%E5%AD%A6&oq=%E5%90%BE%E7%88%B1%E7%A0%B4%E8%A7%A3+%E6%95%B0%E5%AD%A6&gs_lcrp=EghlZGdlX2lvcyoGCAAQRRg5MgYIABBFGDkyBwgBEOsHGEDSAQg4MzE0ajBqOagCALACAeIDBBgCIF8&hl=en-US&sourceid=chrome-mobile&source=chrome.ob&ie=UTF-8,吾爱破解 数学 - Google Search
2026-07-29T04:39:24.232Z,https://www.google.com/search?q=%E7%A6%8F%E5%B8%88%E5%A4%A7+%E5%AF%86%E7%A0%81%E5%AD%A6%E5%A4%8F%E4%BB%A4%E8%90%A5+%E9%80%89%E6%8B%A9%E5%AF%BC%E5%B8%88&oq=%E7%A6%8F%E5%B8%88%E5%A4%A7+%E5%AF%86%E7%A0%81%E5%AD%A6%E5%A4%8F%E4%BB%A4%E8%90%A5+%E9%80%89%E6%8B%A9%E5%AF%BC%E5%B8%88&gs_lcrp=EghlZGdlX2lvcyoGCAAQRRg5MgYIABBFGDkyBwgBEOsHGEAyBwgCEAAY7wUyBwgDEAAY7wUyBwgEEAAY7wUyBwgFEAAY7wXSAQkyMDQyM2owajSoAgCwAgHiAwQYAiBf&hl=en-US&sourceid=chrome-mobile&source=chrome.ob&ie=UTF-8#lfId=ChxjMe,福师大 密码学夏令营 选择导师 - Google Search
2026-07-29T02:51:42.053Z,https://www.google.com/search?q=%E7%A6%8F%E5%B8%88%E5%A4%A7+%E5%AF%86%E7%A0%81%E5%AD%A6%E5%A4%8F%E4%BB%A4%E8%90%A5+%E9%80%89%E6%8B%A9%E5%AF%BC%E5%B8%88&oq=%E7%A6%8F%E5%B8%88%E5%A4%A7+%E5%AF%86%E7%A0%81%E5%AD%A6%E5%A4%8F%E4%BB%A4%E8%90%A5+%E9%80%89%E6%8B%A9%E5%AF%BC%E5%B8%88&gs_lcrp=EghlZGdlX2lvcyoGCAAQRRg5MgYIABBFGDkyBwgBEOsHGEAyBwgCEAAY7wUyBwgDEAAY7wUyBwgEEAAY7wUyBwgFEAAY7wXSAQkyMDQyM2owajSoAgCwAgHiAwQYAiBf&hl=en-US&sourceid=chrome-mobile&source=chrome.ob&ie=UTF-8#lfId=ChxjMe,福师大 密码学夏令营 选择导师 - Google Search
2026-07-29T02:51:27.102Z,https://www.google.com/search?q=%E7%A6%8F%E5%B8%88%E5%A4%A7+%E5%AF%86%E7%A0%81%E5%AD%A6%E5%A4%8F%E4%BB%A4%E8%90%A5+%E9%80%89%E6%8B%A9%E5%AF%BC%E5%B8%88&oq=%E7%A6%8F%E5%B8%88%E5%A4%A7+%E5%AF%86%E7%A0%81%E5%AD%A6%E5%A4%8F%E4%BB%A4%E8%90%A5+%E9%80%89%E6%8B%A9%E5%AF%BC%E5%B8%88&gs_lcrp=EghlZGdlX2lvcyoGCAAQRRg5MgYIABBFGDkyBwgBEOsHGEAyBwgCEAAY7wUyBwgDEAAY7wUyBwgEEAAY7wUyBwgFEAAY7wXSAQkyMDQyM2owajSoAgCwAgHiAwQYAiBf&hl=en-US&sourceid=chrome-mobile&source=chrome.ob&ie=UTF-8,福师大 密码学夏令营 选择导师 - Google Search
2026-07-29T02:49:40.295Z,https://www.google.com/search?sca_esv=7cbf5a9134d1e0d0&hl=en-US&sxsrf=APpeQnsJoRdvg0lLwOn2_0UVoCIwgkDTGg%3A1785293358147&udm=7&fbs=ABfTbFVyMZGZf1hfvX9uKjN_-G8c4u0nXx4bEIpwm1lnNH832SMIiTl3t-JZ4hGJOxPbHYS0UkvKdZAJprgUu75aBO7-5vrlVc7yEsfLdhPSHeGACxx9ShIS3ZpdiVVh3V2uRULmKscgHH4b5Qe0Wph6NyYRRGPCj5JUCRjsge6f30HfluNUHBcUj9oDtjLCLln8xH28qF9AHvF1zSIdDip9wdd1YKxaCC09O5_p8AQA6LzwIF_OIMc&q=%E6%A8%A1%E5%BD%A2%E5%BC%8F%20%E6%B8%85%E5%8D%8E%E5%A4%8F%E4%BB%A4%E8%90%A5&sa=X&ved=2ahUKEwjYjbqD8PaVAxVIqVYBHRwnBq4QtKgLegQIEBAB#sbfbu=1&pi=%E5%AF%86%E7%A0%81%E5%AD%A6xia%E2%80%86ling,模形式 清华夏令营 - Google Search
2026-07-29T02:49:31.179Z,https://www.google.com/search?sca_esv=7cbf5a9134d1e0d0&hl=en-US&sxsrf=APpeQnsJoRdvg0lLwOn2_0UVoCIwgkDTGg%3A1785293358147&udm=7&fbs=ABfTbFVyMZGZf1hfvX9uKjN_-G8c4u0nXx4bEIpwm1lnNH832SMIiTl3t-JZ4hGJOxPbHYS0UkvKdZAJprgUu75aBO7-5vrlVc7yEsfLdhPSHeGACxx9ShIS3ZpdiVVh3V2uRULmKscgHH4b5Qe0Wph6NyYRRGPCj5JUCRjsge6f30HfluNUHBcUj9oDtjLCLln8xH28qF9AHvF1zSIdDip9wdd1YKxaCC09O5_p8AQA6LzwIF_OIMc&q=%E6%A8%A1%E5%BD%A2%E5%BC%8F%20%E6%B8%85%E5%8D%8E%E5%A4%8F%E4%BB%A4%E8%90%A5&sa=X&ved=2ahUKEwjYjbqD8PaVAxVIqVYBHRwnBq4QtKgLegQIEBAB,模形式 清华夏令营 - Google Search
2026-07-29T02:49:18.545Z,https://www.google.com/search?q=%E6%A8%A1%E5%BD%A2%E5%BC%8F+%E6%B8%85%E5%8D%8E%E5%A4%8F%E4%BB%A4%E8%90%A5&oq=%E6%A8%A1%E5%BD%A2%E5%BC%8F+%E6%B8%85%E5%8D%8E%E5%A4%8F%E4%BB%A4%E8%90%A5&gs_lcrp=EghlZGdlX2lvcyoGCAAQRRg5MgYIABBFGDkyBwgBEOsHGEAyBwgCEAAY7wUyBwgDEAAY7wUyBwgEEAAY7wUyBwgFEAAY7wXSAQkxMjM3NWowajSoAgCwAgHiAwQYAiBf&hl=en-US&sourceid=chrome-mobile&source=chrome.ob&ie=UTF-8,模形式 清华夏令营 - Google Search
2026-07-29T02:48:59.142Z,http://cjc.ict.ac.cn/online/onlinepaper/wzz-20251222132017.pdf,cjc.ict.ac.cn/online/onlinepaper/wzz-20251222132017.pdf
2026-07-29T02:01:56.186Z,http://cjc.ict.ac.cn/online/onlinepaper/wzz-20251222132017.pdf,cjc.ict.ac.cn/online/onlinepaper/wzz-20251222132017.pdf
2026-07-29T02:00:54.454Z,http://cjc.ict.ac.cn/online/onlinepaper/wzz-20251222132017.pdf,cjc.ict.ac.cn/online/onlinepaper/wzz-20251222132017.pdf
2026-07-29T02:00:40.712Z,https://www.google.com/search?q=%E6%A4%AD%E5%9C%86%E6%9B%B2%E7%BA%BF&oq=%E6%A4%AD%E5%9C%86%E6%9B%B2%E7%BA%BF&gs_lcrp=EghlZGdlX2lvcyoGCAAQRRg5MgYIABBFGDkyBwgBEOsHGEAyCAgCEAAYDRgeMggIAxAAGA0YHjIICAQQABgNGB4yCAgFEAAYDRge0gEJMTA1MDNqMWo3qAIAsAIB4gMEGAIgXw&hl=en-US&sourceid=chrome-mobile&source=chrome.ob&ie=UTF-8,椭圆曲线 - Google Search
2026-07-28T14:23:41.620Z,https://www.google.com/search?q=roapmap&oq=roapmap&gs_lcrp=EghlZGdlX2lvcyoGCAAQRRg5MgYIABBFGDkyBwgBEOsHGEDSAQkxMTQ1MGowajSoAgCwAgHiAwQYAiBf&hl=en-US&sourceid=chrome-mobile&source=chrome.ob&ie=UTF-8,roapmap - Google Search
2026-07-28T00:20:39.053Z,https://www.google.com/search?q=roapmap&oq=roapmap&gs_lcrp=EghlZGdlX2lvcyoGCAAQRRg5MgYIABBFGDkyBwgBEOsHGEDSAQkxMTQ1MGowajSoAgCwAgHiAwQYAiBf&hl=en-US&sourceid=chrome-mobile&source=chrome.ob&ie=UTF-8,roapmap - Google Search
2026-07-27T22:11:04.418Z,https://zh.wikipedia.org/zh-cn/%E5%85%94%E5%B1%9E,zh.wikipedia.org
2026-07-27T22:10:35.274Z,https://zh.wikipedia.org/zh-cn/%E7%A9%B4%E5%85%94%E7%B1%BB,穴兔类 - 维基百科，自由的百科全书
2026-07-27T22:10:14.024Z,https://baike.baidu.com/item/%E6%97%B7%E5%85%94/7644723,旷兔_百度百科
2026-07-27T22:09:59.691Z,https://www.google.com/search?q=%E6%97%B7%E5%85%94&oq=%E6%97%B7%E5%85%94&gs_lcrp=EghlZGdlX2lvcyoGCAAQRRg5MgYIABBFGDkyBwgBEOsHGEAyBwgCEAAY7wUyBwgDEAAY7wUyBwgEEAAY7wUyBwgFEAAY7wXSAQg4MDMwajFqN6gCALACAeIDBBgCIF8&hl=en-US&sourceid=chrome-mobile&source=chrome.ob&ie=UTF-8,旷兔 - Google Search
2026-07-27T21:43:57.302Z,https://www.google.com/search?q=%E6%8B%89%E6%96%AF%E6%99%AE%E9%92%A6&sca_esv=af942003f9f66d10&hl=en-US&sxsrf=APpeQnvhO9SgkPdqxP5kYsGBac3eNMf2Uw%3A1785159700431&ei=FGBnau_RGaTl2roP0ebO2Ag&biw=402&bih=674&oq=%E6%8B%89%E6%96%AF%E6%99%AE%E9%92%A6&gs_lp=EhNtb2JpbGUtZ3dzLXdpei1zZXJwGgIYAiIM5ouJ5pav5pmu6ZKmMgQQABgeMgQQABgeMgYQABgFGB4yBhAAGAUYHjIGEAAYBRgeSMkxUJ0OWIkvcAN4AZABA5gBuAigAcsaqgELMC4xLjIuNi0yLjG4AQPIAQD4AQGYAgagAvcIwgIKEAAYsAMY1gQYR8ICFxAuGLADGLgGGNgCGMgDGNoGGNwG2AEBwgIEECMYJ8ICChAuGIAEGEMYigXCAg0QABiABBhDGIoFGIsDwgIIEAAYgAQYiwPCAggQABiABBiiBMICBRAAGO8FmAMAiAYBkAYQugYECAEYGZIHCTMuMS4xLjUtMaAHzBGyBwkwLjEuMS41LTG4B-MIwgcHMC4yLjMuMcgHHYAIAA&sclient=mobile-gws-wiz-serp,拉斯普钦 - Google Search
2026-07-27T13:41:56.943Z,https://www.google.com/search?q=%E6%8B%89%E6%96%AF%E6%99%AE%E9%92%A6&sca_esv=af942003f9f66d10&hl=en-US&sxsrf=APpeQnvhO9SgkPdqxP5kYsGBac3eNMf2Uw%3A1785159700431&ei=FGBnau_RGaTl2roP0ebO2Ag&biw=402&bih=674&oq=%E6%8B%89%E6%96%AF%E6%99%AE%E9%92%A6&gs_lp=EhNtb2JpbGUtZ3dzLXdpei1zZXJwGgIYAiIM5ouJ5pav5pmu6ZKmMgQQABgeMgQQABgeMgYQABgFGB4yBhAAGAUYHjIGEAAYBRgeSMkxUJ0OWIkvcAN4AZABA5gBuAigAcsaqgELMC4xLjIuNi0yLjG4AQPIAQD4AQGYAgagAvcIwgIKEAAYsAMY1gQYR8ICFxAuGLADGLgGGNgCGMgDGNoGGNwG2AEBwgIEECMYJ8ICChAuGIAEGEMYigXCAg0QABiABBhDGIoFGIsDwgIIEAAYgAQYiwPCAggQABiABBiiBMICBRAAGO8FmAMAiAYBkAYQugYECAEYGZIHCTMuMS4xLjUtMaAHzBGyBwkwLjEuMS41LTG4B-MIwgcHMC4yLjMuMcgHHYAIAA&sclient=mobile-gws-wiz-serp,拉斯普钦 - Google Search
2026-07-27T13:41:50.185Z,https://www.google.com/search?q=%E6%8B%89%E6%96%AF%E6%99%AE%E4%BA%B2&oq=%E6%8B%89%E6%96%AF%E6%99%AE%E4%BA%B2&gs_lcrp=EghlZGdlX2lvcyoGCAAQRRg5MgYIABBFGDkyBwgBEOsHGEAyBwgCECEYnwUyBwgDECEYnwUyBwgEECEYnwUyBwgFECEYnwXSAQg4ODcyajBqNKgCALACAeIDBBgCIF8&hl=en-US&sourceid=chrome-mobile&source=chrome.ob&ie=UTF-8#sbfbu=1&pi=%E6%8B%89%E6%96%AF%E6%99%AE%E4%BA%B2,拉斯普亲 - Google Search
2026-07-27T13:41:40.632Z,https://www.google.com/search?q=%E6%8B%89%E6%96%AF%E6%99%AE%E4%BA%B2&oq=%E6%8B%89%E6%96%AF%E6%99%AE%E4%BA%B2&gs_lcrp=EghlZGdlX2lvcyoGCAAQRRg5MgYIABBFGDkyBwgBEOsHGEAyBwgCECEYnwUyBwgDECEYnwUyBwgEECEYnwUyBwgFECEYnwXSAQg4ODcyajBqNKgCALACAeIDBBgCIF8&hl=en-US&sourceid=chrome-mobile&source=chrome.ob&ie=UTF-8,拉斯普亲 - Google Search
2026-07-27T13:41:27.677Z,https://m.163.com/dy/article/K1UQPDI505568186.html?spss=adap_pc,高考落幕张桂梅又引争议！网友吐槽她把孩子当奴隶，原因令人深思|入学|学校|张桂梅|教师|教育|班级群|高考_手机网易网
2026-07-27T12:51:09.303Z,https://m.163.com/dy/article/K1UQPDI505568186.html?spss=adap_pc,高考落幕张桂梅又引争议！网友吐槽她把孩子当奴隶，原因令人深思|入学|学校|张桂梅|教师|教育|班级群|高考_手机网易网
2026-07-27T12:50:36.806Z,https://www.google.com/search?q=%E5%BC%A0%E6%A1%82%E6%A2%85%E4%BA%89%E8%AE%AE&sca_esv=b7b025c5c44d44e1&hl=en-US&sxsrf=APpeQnuqvRq02IfB192sljxy6H4uI2Qomg%3A1785156458930&ei=alNnatuWOPXNkPIPm8rUkQ4&oq=%E5%BC%A0%E6%A1%82%E6%A2%85%C2%A0&gs_lp=EhNtb2JpbGUtZ3dzLXdpei1zZXJwGgIYAiIL5byg5qGC5qKFwqAqAggBMgoQABiABBhDGIoFMgoQABiABBhDGIoFMgoQABiABBhDGIoFMgoQLhiABBhDGIoFMgoQABiABBhDGIoFMgcQABiABBgMMgcQABiABBgMMgcQABiABBgMSOAvULYKWLcRcAB4AJABAJgB8hKgAd0mqgENMy0yLjEuMS4xLjktMbgBAcgBAPgBAZgCAqACpxbCAgoQIxjwBRgnGJ4GwgIFEAAYgATCAg0QABiABBhDGIoFGIsDwgIIEAAYgAQYiwOYAwCIBgGSBwc0LTEuOC0xoAecHbIHBzQtMS44LTG4B6cWwgcFMi0xLjHIBw2ACAA&sclient=mobile-gws-wiz-serp,张桂梅争议 - Google Search
2026-07-27T12:50:25.355Z,https://www.google.com/search?q=%E5%BC%A0%E6%A1%82%E6%A2%85%E4%BA%89%E8%AE%AE&sca_esv=b7b025c5c44d44e1&hl=en-US&sxsrf=APpeQnuqvRq02IfB192sljxy6H4uI2Qomg%3A1785156458930&ei=alNnatuWOPXNkPIPm8rUkQ4&oq=%E5%BC%A0%E6%A1%82%E6%A2%85%C2%A0&gs_lp=EhNtb2JpbGUtZ3dzLXdpei1zZXJwGgIYAiIL5byg5qGC5qKFwqAqAggBMgoQABiABBhDGIoFMgoQABiABBhDGIoFMgoQABiABBhDGIoFMgoQLhiABBhDGIoFMgoQABiABBhDGIoFMgcQABiABBgMMgcQABiABBgMMgcQABiABBgMSOAvULYKWLcRcAB4AJABAJgB8hKgAd0mqgENMy0yLjEuMS4xLjktMbgBAcgBAPgBAZgCAqACpxbCAgoQIxjwBRgnGJ4GwgIFEAAYgATCAg0QABiABBhDGIoFGIsDwgIIEAAYgAQYiwOYAwCIBgGSBwc0LTEuOC0xoAecHbIHBzQtMS44LTG4B6cWwgcFMi0xLjHIBw2ACAA&sclient=mobile-gws-wiz-serp,张桂梅争议 - Google Search
2026-07-27T12:50:19.418Z,https://www.google.com/search?q=%E5%BC%A0%E6%A1%82%E6%A2%85%E4%BA%89%E8%AE%AE&sca_esv=b7b025c5c44d44e1&hl=en-US&sxsrf=APpeQnuqvRq02IfB192sljxy6H4uI2Qomg%3A1785156458930&ei=alNnatuWOPXNkPIPm8rUkQ4&oq=%E5%BC%A0%E6%A1%82%E6%A2%85%C2%A0&gs_lp=EhNtb2JpbGUtZ3dzLXdpei1zZXJwGgIYAiIL5byg5qGC5qKFwqAqAggBMgoQABiABBhDGIoFMgoQABiABBhDGIoFMgoQABiABBhDGIoFMgoQLhiABBhDGIoFMgoQABiABBhDGIoFMgcQABiABBgMMgcQABiABBgMMgcQABiABBgMSOAvULYKWLcRcAB4AJABAJgB8hKgAd0mqgENMy0yLjEuMS4xLjktMbgBAcgBAPgBAZgCAqACpxbCAgoQIxjwBRgnGJ4GwgIFEAAYgATCAg0QABiABBhDGIoFGIsDwgIIEAAYgAQYiwOYAwCIBgGSBwc0LTEuOC0xoAecHbIHBzQtMS44LTG4B6cWwgcFMi0xLjHIBw2ACAA&sclient=mobile-gws-wiz-serp,张桂梅争议 - Google Search
2026-07-27T12:50:12.779Z,https://www.google.com/search?q=%E5%BC%A0%E6%A1%82%E6%A2%85%E9%BB%91%E5%8E%86%E5%8F%B2&oq=%E5%BC%A0%E6%A1%82%E6%A2%85%E9%BB%91%E5%8E%86%E5%8F%B2&gs_lcrp=EghlZGdlX2lvcyoGCAAQRRg5MgYIABBFGDkyBwgBEOsHGEAyBwgCEAAY7wUyBwgDEAAY7wUyBwgEEAAY7wUyCggFEAAYogQYiQXSAQkxMTgxMGoxajeoAgCwAgHiAwQYAiBf&hl=en-US&sourceid=chrome-mobile&source=chrome.ob&ie=UTF-8#sbfbu=1&pi=%E5%BC%A0%E6%A1%82%E6%A2%85%E9%BB%91%E5%8E%86%E5%8F%B2,张桂梅黑历史 - Google Search
2026-07-27T12:48:46.775Z,https://www.google.com/search?q=%E5%BC%A0%E6%A1%82%E6%A2%85%E9%BB%91%E5%8E%86%E5%8F%B2&sca_esv=b7b025c5c44d44e1&hl=en-US&sxsrf=APpeQnuqvRq02IfB192sljxy6H4uI2Qomg%3A1785156458930&source=chrome.ob&fbs=ABfTbFVQT6KYne3_7HzvYh-3OtGxmA6qToXQOWeUvgXQ5M6Rvtme8by44bKODdrCzbFzI7AWGvFpaAZOUDiVT9_g5VMfOzJ_MX3AEIc-C3bfr_Pa_klXAJk26ksjOsY-PKY_qoB_PixDkcEpjAEd07cHFUjN0nidUTv2bqVG-TfVc5iuX5k1PqudD7fL4Tk9wtlyzYwZVoNAbLr9ISQa73wPrCjeerPYR50MkM4a5ZjcP1vBZd-bTq8&aep=1&ntc=1&cs=0&sa=X&ved=2ahUKEwjb8-iE8vKVAxX1JkQIHRslNeIQ2J8OegQIDxAE&biw=402&bih=674&dpr=3&mstk=AUtExfCeyct5vxEsafq2uchWGDu8_5wGLTiSvBCKLNtypdSLL6K4NcqHHFmNUPhPtZ3uhMmo_8qknRb3_D1yRRQilDQOa_PfcZZMneODxegFpPdF3wwRqQ6HIGwdSTAoVFvQLOiGJjnoHry0-5FiiRVL0yoEqeR47hPu-BhDx543WPrVriMseB_Np5l4A2Ii9tYFHNhBH1v26DTKCJNp6Qu4kvKZXmVGtT-MuJ8reG9uB6RIL8tOWWQLUDgcDouzrmROGgRtDHGpJ5tb3v4FLKQwY0DJNDza6aDX7f8&csuir=1&mtid=r1NnatzXJqvekPIPqoXTkAU&udm=50,张桂梅黑历史 - Google Search
2026-07-27T12:48:38.002Z,https://www.google.com/search?q=%E5%BC%A0%E6%A1%82%E6%A2%85%E9%BB%91%E5%8E%86%E5%8F%B2&oq=%E5%BC%A0%E6%A1%82%E6%A2%85%E9%BB%91%E5%8E%86%E5%8F%B2&gs_lcrp=EghlZGdlX2lvcyoGCAAQRRg5MgYIABBFGDkyBwgBEOsHGEAyBwgCEAAY7wUyBwgDEAAY7wUyBwgEEAAY7wUyCggFEAAYogQYiQXSAQkxMTgxMGoxajeoAgCwAgHiAwQYAiBf&hl=en-US&sourceid=chrome-mobile&source=chrome.ob&ie=UTF-8,张桂梅黑历史 - Google Search
2026-07-27T12:48:01.070Z,https://www.google.com/search?q=%E5%BC%A0%E6%A1%82%E6%A2%85%E9%BB%91%E5%8E%86%E5%8F%B2&oq=%E5%BC%A0%E6%A1%82%E6%A2%85%E9%BB%91%E5%8E%86%E5%8F%B2&gs_lcrp=EghlZGdlX2lvcyoGCAAQRRg5MgYIABBFGDkyBwgBEOsHGEAyBwgCEAAY7wUyBwgDEAAY7wUyBwgEEAAY7wUyCggFEAAYogQYiQXSAQkxMTgxMGoxajeoAgCwAgHiAwQYAiBf&hl=en-US&sourceid=chrome-mobile&source=chrome.ob&ie=UTF-8,张桂梅黑历史 - Google Search
2026-07-27T12:47:39.212Z,https://www.google.com/search?q=%E5%BC%A0%E6%A1%82%E6%A2%85%E9%BB%91%E5%8E%86%E5%8F%B2&oq=%E5%BC%A0%E6%A1%82%E6%A2%85%E9%BB%91%E5%8E%86%E5%8F%B2&gs_lcrp=EghlZGdlX2lvcyoGCAAQRRg5MgYIABBFGDkyBwgBEOsHGEAyBwgCEAAY7wUyBwgDEAAY7wUyBwgEEAAY7wUyCggFEAAYogQYiQXSAQkxMTgxMGoxajeoAgCwAgHiAwQYAiBf&hl=en-US&sourceid=chrome-mobile&source=chrome.ob&ie=UTF-8,张桂梅黑历史 - Google Search
2026-07-26T15:49:24.620Z,https://render.alipay.com/p/s/i/?scheme=alipays%3A%2F%2Fplatformapi%2Fstartapp%3FappId%3D20001003%26actionSrc%3Dshare%26keyword%3D%25E7%25BE%258E%25E5%259B%25A2%26queryWord%3D%25E7%25BE%258E%25E5%259B%25A2%26v2%3Dtrue%26sugFeed%3Dtrue%26frontCode%3DglobalSearchFront%26sugCode%3DglobalSearchSug%26resultCode%3DglobalSearchScene%26appClearTop%3Dfalse%26startMultApp%3DYES%26searchType%3Dunified%26chInfo%3Dch_share__chsub_CopyLink%26fxzjshareChinfo%3Dch_share__chsub_CopyLink%26apshareid%3D630ABACB-891A-4732-AA48-155E1ADB4B8C%26shareBizType%3DztokenV0_mZHiEwfE%26shareTimestamp%3D1784361546475,Alipay
2026-07-26T11:10:09.246Z,https://render.alipay.com/p/s/i/?scheme=alipays%3A%2F%2Fplatformapi%2Fstartapp%3FappId%3D20001003%26actionSrc%3Dshare%26keyword%3D%25E7%25BE%258E%25E5%259B%25A2%26queryWord%3D%25E7%25BE%258E%25E5%259B%25A2%26v2%3Dtrue%26sugFeed%3Dtrue%26frontCode%3DglobalSearchFront%26sugCode%3DglobalSearchSug%26resultCode%3DglobalSearchScene%26appClearTop%3Dfalse%26startMultApp%3DYES%26searchType%3Dunified%26chInfo%3Dch_share__chsub_CopyLink%26fxzjshareChinfo%3Dch_share__chsub_CopyLink%26apshareid%3D630ABACB-891A-4732-AA48-155E1ADB4B8C%26shareBizType%3DztokenV0_mZHiEwfE%26shareTimestamp%3D1784361546475,Alipay
2026-07-26T11:10:08.704Z,https://www.mdhtoy.com/MNP/88.html,星甲魂将传-超可动拼装系列-东莞东秀文化传播有限公司
2026-07-26T08:10:53.716Z,https://patents.google.com/patent/CN204473141U/zh,CN204473141U - 仿生机械鸟 - Google Patents
2026-07-26T08:10:37.145Z,https://www.google.com/search?q=%E5%87%8F%E9%9C%87%E5%99%A8+%E9%AB%98%E8%BE%BE+%E8%AF%B4%E6%98%8E%E4%B9%A6&oq=%E5%87%8F%E9%9C%87%E5%99%A8+%E9%AB%98%E8%BE%BE+%E8%AF%B4%E6%98%8E%E4%B9%A6&gs_lcrp=EgxlZGdlX2FuZHJvaWQqBggAEEUYOTIGCAAQRRg5MgcIARDrBxhAMgcIAhAAGO8FMgcIAxAAGO8FMgcIBBAAGO8FMgcIBRAAGO8FMgcIBhAAGO8F0gEINDU1OGowajeoAgCwAgE&sourceid=chrome-mobile&source=chrome.ob&ie=UTF-8&sei=cbRlas74M9eJvr0PnIL-4AM,减震器 高达 说明书 - Google 搜索
2026-07-26T08:10:28.921Z,https://patents.google.com/patent/CN204473141U/zh,CN204473141U - 仿生机械鸟 - Google Patents
2026-07-26T08:10:28.904Z,https://patents.google.com/patent/CN204473141U/zh,CN204473141U - 仿生机械鸟 - Google Patents
2026-07-26T08:10:28.855Z,https://patents.google.com/patent/CN204473141U/zh,CN204473141U - 仿生机械鸟 - Google Patents
2026-07-26T08:10:28.839Z,https://patents.google.com/patent/CN204473141U/zh,CN204473141U - 仿生机械鸟 - Google Patents
2026-07-26T08:10:28.556Z,https://patents.google.com/patent/CN204473141U/zh,CN204473141U - 仿生机械鸟 - Google Patents
2026-07-26T08:10:28.539Z,https://patents.google.com/patent/CN204473141U/zh,CN204473141U - 仿生机械鸟 - Google Patents
2026-07-26T08:10:28.523Z,https://patents.google.com/patent/CN204473141U/zh,CN204473141U - 仿生机械鸟 - Google Patents
2026-07-26T08:10:28.505Z,https://patents.google.com/patent/CN204473141U/zh,CN204473141U - 仿生机械鸟 - Google Patents
2026-07-26T08:10:28.489Z,https://patents.google.com/patent/CN204473141U/zh,CN204473141U - 仿生机械鸟 - Google Patents
2026-07-26T08:10:28.472Z,https://patents.google.com/patent/CN204473141U/zh,CN204473141U - 仿生机械鸟 - Google Patents
2026-07-26T08:10:28.456Z,https://patents.google.com/patent/CN204473141U/zh,CN204473141U - 仿生机械鸟 - Google Patents
2026-07-26T08:10:28.448Z,https://patents.google.com/patent/CN204473141U/zh,CN204473141U - 仿生机械鸟 - Google Patents
2026-07-26T08:10:28.391Z,https://patents.google.com/patent/CN204473141U/zh,CN204473141U - 仿生机械鸟 - Google Patents
2026-07-26T08:10:28.372Z,https://patents.google.com/patent/CN204473141U/zh,CN204473141U - 仿生机械鸟 - Google Patents
2026-07-26T08:10:28.356Z,https://patents.google.com/patent/CN204473141U/zh,CN204473141U - 仿生机械鸟 - Google Patents
2026-07-26T08:10:28.339Z,https://patents.google.com/patent/CN204473141U/zh,CN204473141U - 仿生机械鸟 - Google Patents
2026-07-26T08:10:28.322Z,https://patents.google.com/patent/CN204473141U/zh,CN204473141U - 仿生机械鸟 - Google Patents
2026-07-26T08:10:28.306Z,https://patents.google.com/patent/CN204473141U/zh,CN204473141U - 仿生机械鸟 - Google Patents
2026-07-26T08:10:28.289Z,https://patents.google.com/patent/CN204473141U/zh,CN204473141U - 仿生机械鸟 - Google Patents
2026-07-26T08:10:28.277Z,https://patents.google.com/patent/CN204473141U/zh,CN204473141U - 仿生机械鸟 - Google Patents
2026-07-26T08:10:28.256Z,https://patents.google.com/patent/CN204473141U/zh,CN204473141U - 仿生机械鸟 - Google Patents
2026-07-26T08:10:28.240Z,https://patents.google.com/patent/CN204473141U/zh,CN204473141U - 仿生机械鸟 - Google Patents
2026-07-26T08:10:28.223Z,https://patents.google.com/patent/CN204473141U/zh,CN204473141U - 仿生机械鸟 - Google Patents
2026-07-26T08:10:28.207Z,https://patents.google.com/patent/CN204473141U/zh,CN204473141U - 仿生机械鸟 - Google Patents
2026-07-26T08:10:28.189Z,https://patents.google.com/patent/CN204473141U/zh,CN204473141U - 仿生机械鸟 - Google Patents
2026-07-26T08:10:28.182Z,https://patents.google.com/patent/CN204473141U/zh,CN204473141U - 仿生机械鸟 - Google Patents
2026-07-26T08:10:28.166Z,https://patents.google.com/patent/CN204473141U/zh,CN204473141U - 仿生机械鸟 - Google Patents
2026-07-26T08:10:27.525Z,https://patents.google.com/patent/CN204473141U/zh,CN204473141U - 仿生机械鸟 - Google Patents
2026-07-26T08:10:27.507Z,https://patents.google.com/patent/CN204473141U/zh,CN204473141U - 仿生机械鸟 - Google Patents
2026-07-26T08:10:27.492Z,https://patents.google.com/patent/CN204473141U/zh,CN204473141U - 仿生机械鸟 - Google Patents
2026-07-26T08:10:27.474Z,https://patents.google.com/patent/CN204473141U/zh,CN204473141U - 仿生机械鸟 - Google Patents
2026-07-26T08:10:27.458Z,https://patents.google.com/patent/CN204473141U/zh,CN204473141U - 仿生机械鸟 - Google Patents
2026-07-26T08:10:27.441Z,https://patents.google.com/patent/CN204473141U/zh,CN204473141U - 仿生机械鸟 - Google Patents
2026-07-26T08:10:27.424Z,https://patents.google.com/patent/CN204473141U/zh,CN204473141U - 仿生机械鸟 - Google Patents
2026-07-26T08:10:27.408Z,https://patents.google.com/patent/CN204473141U/zh,CN204473141U - 仿生机械鸟 - Google Patents
2026-07-26T08:10:27.341Z,https://patents.google.com/patent/CN204473141U/zh,CN204473141U - 仿生机械鸟 - Google Patents
2026-07-26T08:10:27.325Z,https://patents.google.com/patent/CN204473141U/zh,CN204473141U - 仿生机械鸟 - Google Patents
2026-07-26T08:10:27.308Z,https://patents.google.com/patent/CN204473141U/zh,CN204473141U - 仿生机械鸟 - Google Patents
2026-07-26T08:10:27.292Z,https://patents.google.com/patent/CN204473141U/zh,CN204473141U - 仿生机械鸟 - Google Patents
2026-07-26T08:10:27.275Z,https://patents.google.com/patent/CN204473141U/zh,CN204473141U - 仿生机械鸟 - Google Patents
2026-07-26T08:10:27.258Z,https://patents.google.com/patent/CN204473141U/zh,CN204473141U - 仿生机械鸟 - Google Patents
2026-07-26T08:10:27.242Z,https://patents.google.com/patent/CN204473141U/zh,CN204473141U - 仿生机械鸟 - Google Patents
2026-07-26T08:10:27.225Z,https://patents.google.com/patent/CN204473141U/zh,CN204473141U - 仿生机械鸟 - Google Patents
2026-07-26T08:10:27.208Z,https://patents.google.com/patent/CN204473141U/zh,CN204473141U - 仿生机械鸟 - Google Patents
2026-07-26T08:10:27.191Z,https://patents.google.com/patent/CN204473141U/zh,CN204473141U - 仿生机械鸟 - Google Patents
2026-07-26T08:10:27.176Z,https://patents.google.com/patent/CN204473141U/zh,CN204473141U - 仿生机械鸟 - Google Patents
2026-07-26T08:10:27.159Z,https://patents.google.com/patent/CN204473141U/zh,CN204473141U - 仿生机械鸟 - Google Patents
2026-07-26T08:10:27.142Z,https://patents.google.com/patent/CN204473141U/zh,CN204473141U - 仿生机械鸟 - Google Patents
2026-07-26T08:10:27.129Z,https://patents.google.com/patent/CN204473141U/zh,CN204473141U - 仿生机械鸟 - Google Patents
2026-07-26T08:10:27.111Z,https://patents.google.com/patent/CN204473141U/zh,CN204473141U - 仿生机械鸟 - Google Patents
2026-07-26T08:10:27.093Z,https://patents.google.com/patent/CN204473141U/zh,CN204473141U - 仿生机械鸟 - Google Patents
2026-07-26T08:10:24.523Z,https://patents.google.com/patent/CN204473141U/zh,CN204473141U - 仿生机械鸟 - Google Patents
2026-07-26T08:10:24.507Z,https://patents.google.com/patent/CN204473141U/zh,CN204473141U - 仿生机械鸟 - Google Patents
2026-07-26T08:10:24.490Z,https://patents.google.com/patent/CN204473141U/zh,CN204473141U - 仿生机械鸟 - Google Patents
2026-07-26T08:10:24.475Z,https://patents.google.com/patent/CN204473141U/zh,CN204473141U - 仿生机械鸟 - Google Patents
2026-07-26T08:10:24.457Z,https://patents.google.com/patent/CN204473141U/zh,CN204473141U - 仿生机械鸟 - Google Patents
2026-07-26T08:10:24.440Z,https://patents.google.com/patent/CN204473141U/zh,CN204473141U - 仿生机械鸟 - Google Patents
2026-07-26T08:10:24.424Z,https://patents.google.com/patent/CN204473141U/zh,CN204473141U - 仿生机械鸟 - Google Patents
2026-07-26T08:10:24.407Z,https://patents.google.com/patent/CN204473141U/zh,CN204473141U - 仿生机械鸟 - Google Patents
2026-07-26T08:10:24.391Z,https://patents.google.com/patent/CN204473141U/zh,CN204473141U - 仿生机械鸟 - Google Patents
2026-07-26T08:10:24.375Z,https://patents.google.com/patent/CN204473141U/zh,CN204473141U - 仿生机械鸟 - Google Patents
2026-07-26T08:10:24.362Z,https://patents.google.com/patent/CN204473141U/zh,CN204473141U - 仿生机械鸟 - Google Patents
2026-07-26T08:10:24.349Z,https://patents.google.com/patent/CN204473141U/zh,CN204473141U - 仿生机械鸟 - Google Patents
2026-07-26T08:10:24.117Z,https://patents.google.com/patent/CN204473141U/zh,CN204473141U - 仿生机械鸟 - Google Patents
2026-07-26T08:10:24.099Z,https://patents.google.com/patent/CN204473141U/zh,CN204473141U - 仿生机械鸟 - Google Patents
2026-07-26T08:10:24.083Z,https://patents.google.com/patent/CN204473141U/zh,CN204473141U - 仿生机械鸟 - Google Patents
2026-07-26T08:10:24.066Z,https://patents.google.com/patent/CN204473141U/zh,CN204473141U - 仿生机械鸟 - Google Patents
2026-07-26T08:10:24.051Z,https://patents.google.com/patent/CN204473141U/zh,CN204473141U - 仿生机械鸟 - Google Patents
2026-07-26T08:10:24.033Z,https://patents.google.com/patent/CN204473141U/zh,CN204473141U - 仿生机械鸟 - Google Patents
2026-07-26T08:10:24.018Z,https://patents.google.com/patent/CN204473141U/zh,CN204473141U - 仿生机械鸟 - Google Patents
2026-07-26T08:10:24.001Z,https://patents.google.com/patent/CN204473141U/zh,CN204473141U - 仿生机械鸟 - Google Patents
2026-07-26T08:10:23.984Z,https://patents.google.com/patent/CN204473141U/zh,CN204473141U - 仿生机械鸟 - Google Patents
2026-07-26T08:10:23.967Z,https://patents.google.com/patent/CN204473141U/zh,CN204473141U - 仿生机械鸟 - Google Patents
2026-07-26T08:10:23.950Z,https://patents.google.com/patent/CN204473141U/zh,CN204473141U - 仿生机械鸟 - Google Patents
2026-07-26T08:10:23.925Z,https://patents.google.com/patent/CN204473141U/zh,CN204473141U - 仿生机械鸟 - Google Patents
2026-07-26T08:10:23.709Z,https://patents.google.com/patent/CN204473141U/zh,CN204473141U - 仿生机械鸟 - Google Patents
2026-07-26T08:10:23.691Z,https://patents.google.com/patent/CN204473141U/zh,CN204473141U - 仿生机械鸟 - Google Patents
2026-07-26T08:10:23.675Z,https://patents.google.com/patent/CN204473141U/zh,CN204473141U - 仿生机械鸟 - Google Patents
2026-07-26T08:10:23.658Z,https://patents.google.com/patent/CN204473141U/zh,CN204473141U - 仿生机械鸟 - Google Patents
2026-07-26T08:10:23.642Z,https://patents.google.com/patent/CN204473141U/zh,CN204473141U - 仿生机械鸟 - Google Patents
2026-07-26T08:10:23.627Z,https://patents.google.com/patent/CN204473141U/zh,CN204473141U - 仿生机械鸟 - Google Patents
2026-07-26T08:10:23.610Z,https://patents.google.com/patent/CN204473141U/zh,CN204473141U - 仿生机械鸟 - Google Patents
2026-07-26T08:10:23.592Z,https://patents.google.com/patent/CN204473141U/zh,CN204473141U - 仿生机械鸟 - Google Patents
2026-07-26T08:10:23.577Z,https://patents.google.com/patent/CN204473141U/zh,CN204473141U - 仿生机械鸟 - Google Patents
2026-07-26T08:10:23.559Z,https://patents.google.com/patent/CN204473141U/zh,CN204473141U - 仿生机械鸟 - Google Patents
2026-07-26T08:10:23.544Z,https://patents.google.com/patent/CN204473141U/zh,CN204473141U - 仿生机械鸟 - Google Patents
2026-07-26T08:10:23.526Z,https://patents.google.com/patent/CN204473141U/zh,CN204473141U - 仿生机械鸟 - Google Patents
2026-07-26T08:10:23.509Z,https://patents.google.com/patent/CN204473141U/zh,CN204473141U - 仿生机械鸟 - Google Patents
2026-07-26T08:10:23.492Z,https://patents.google.com/patent/CN204473141U/zh,CN204473141U - 仿生机械鸟 - Google Patents
2026-07-26T08:10:23.477Z,https://patents.google.com/patent/CN204473141U/zh,CN204473141U - 仿生机械鸟 - Google Patents
2026-07-26T08:10:23.469Z,https://patents.google.com/patent/CN204473141U/zh,CN204473141U - 仿生机械鸟 - Google Patents
2026-07-26T08:10:23.168Z,https://patents.google.com/patent/CN204473141U/zh,CN204473141U - 仿生机械鸟 - Google Patents
2026-07-26T08:10:23.119Z,https://patents.google.com/patent/CN204473141U/zh,CN204473141U - 仿生机械鸟 - Google Patents
2026-07-26T08:10:23.102Z,https://patents.google.com/patent/CN204473141U/zh,CN204473141U - 仿生机械鸟 - Google Patents
2026-07-26T08:10:23.085Z,https://patents.google.com/patent/CN204473141U/zh,CN204473141U - 仿生机械鸟 - Google Patents
2026-07-26T08:10:23.069Z,https://patents.google.com/patent/CN204473141U/zh,CN204473141U - 仿生机械鸟 - Google Patents
2026-07-26T08:10:23.052Z,https://patents.google.com/patent/CN204473141U/zh,CN204473141U - 仿生机械鸟 - Google Patents
2026-07-26T08:10:23.035Z,https://patents.google.com/patent/CN204473141U/zh,CN204473141U - 仿生机械鸟 - Google Patents
2026-07-26T08:10:23.019Z,https://patents.google.com/patent/CN204473141U/zh,CN204473141U - 仿生机械鸟 - Google Patents
2026-07-26T08:10:23.002Z,https://patents.google.com/patent/CN204473141U/zh,CN204473141U - 仿生机械鸟 - Google Patents
2026-07-26T08:10:22.985Z,https://patents.google.com/patent/CN204473141U/zh,CN204473141U - 仿生机械鸟 - Google Patents
2026-07-26T08:10:22.969Z,https://patents.google.com/patent/CN204473141U/zh,CN204473141U - 仿生机械鸟 - Google Patents
2026-07-26T08:10:22.952Z,https://patents.google.com/patent/CN204473141U/zh,CN204473141U - 仿生机械鸟 - Google Patents
2026-07-26T08:10:22.936Z,https://patents.google.com/patent/CN204473141U/zh,CN204473141U - 仿生机械鸟 - Google Patents
2026-07-26T08:10:22.922Z,https://patents.google.com/patent/CN204473141U/zh,CN204473141U - 仿生机械鸟 - Google Patents
2026-07-26T08:10:22.913Z,https://patents.google.com/patent/CN204473141U/zh,CN204473141U - 仿生机械鸟 - Google Patents
2026-07-26T08:10:21.972Z,https://patents.google.com/patent/CN204473141U/zh,CN204473141U - 仿生机械鸟 - Google Patents
2026-07-26T08:10:21.955Z,https://patents.google.com/patent/CN204473141U/zh,CN204473141U - 仿生机械鸟 - Google Patents
2026-07-26T08:10:21.938Z,https://patents.google.com/patent/CN204473141U/zh,CN204473141U - 仿生机械鸟 - Google Patents
2026-07-26T08:10:21.921Z,https://patents.google.com/patent/CN204473141U/zh,CN204473141U - 仿生机械鸟 - Google Patents
2026-07-26T08:10:21.905Z,https://patents.google.com/patent/CN204473141U/zh,CN204473141U - 仿生机械鸟 - Google Patents
2026-07-26T08:10:21.889Z,https://patents.google.com/patent/CN204473141U/zh,CN204473141U - 仿生机械鸟 - Google Patents
2026-07-26T08:10:21.871Z,https://patents.google.com/patent/CN204473141U/zh,CN204473141U - 仿生机械鸟 - Google Patents
2026-07-26T08:10:21.856Z,https://patents.google.com/patent/CN204473141U/zh,CN204473141U - 仿生机械鸟 - Google Patents
2026-07-26T08:10:21.838Z,https://patents.google.com/patent/CN204473141U/zh,CN204473141U - 仿生机械鸟 - Google Patents
2026-07-26T08:10:21.823Z,https://patents.google.com/patent/CN204473141U/zh,CN204473141U - 仿生机械鸟 - Google Patents
2026-07-26T08:10:21.815Z,https://patents.google.com/patent/CN204473141U/zh,CN204473141U - 仿生机械鸟 - Google Patents
2026-07-26T08:10:21.748Z,https://patents.google.com/patent/CN204473141U/zh,CN204473141U - 仿生机械鸟 - Google Patents
2026-07-26T08:10:21.731Z,https://patents.google.com/patent/CN204473141U/zh,CN204473141U - 仿生机械鸟 - Google Patents
2026-07-26T08:10:21.714Z,https://patents.google.com/patent/CN204473141U/zh,CN204473141U - 仿生机械鸟 - Google Patents
2026-07-26T08:10:21.697Z,https://patents.google.com/patent/CN204473141U/zh,CN204473141U - 仿生机械鸟 - Google Patents
2026-07-26T08:10:21.680Z,https://patents.google.com/patent/CN204473141U/zh,CN204473141U - 仿生机械鸟 - Google Patents
2026-07-26T08:10:21.664Z,https://patents.google.com/patent/CN204473141U/zh,CN204473141U - 仿生机械鸟 - Google Patents
2026-07-26T08:10:21.647Z,https://patents.google.com/patent/CN204473141U/zh,CN204473141U - 仿生机械鸟 - Google Patents
2026-07-26T08:10:21.634Z,https://patents.google.com/patent/CN204473141U/zh,CN204473141U - 仿生机械鸟 - Google Patents
2026-07-26T08:10:21.615Z,https://patents.google.com/patent/CN204473141U/zh,CN204473141U - 仿生机械鸟 - Google Patents
2026-07-26T08:10:21.598Z,https://patents.google.com/patent/CN204473141U/zh,CN204473141U - 仿生机械鸟 - Google Patents
2026-07-26T08:10:21.581Z,https://patents.google.com/patent/CN204473141U/zh,CN204473141U - 仿生机械鸟 - Google Patents
2026-07-26T08:10:21.565Z,https://patents.google.com/patent/CN204473141U/zh,CN204473141U - 仿生机械鸟 - Google Patents
2026-07-26T08:10:21.547Z,https://patents.google.com/patent/CN204473141U/zh,CN204473141U - 仿生机械鸟 - Google Patents
2026-07-26T08:10:21.528Z,https://patents.google.com/patent/CN204473141U/zh,CN204473141U - 仿生机械鸟 - Google Patents
2026-07-26T08:10:21.512Z,https://patents.google.com/patent/CN204473141U/zh,CN204473141U - 仿生机械鸟 - Google Patents
2026-07-26T08:10:13.253Z,https://patents.google.com/patent/CN204473141U/zh,CN204473141U - 仿生机械鸟 - Google Patents
2026-07-26T08:10:13.219Z,https://patents.google.com/patent/CN204473141U/zh,CN204473141U - 仿生机械鸟 - Google Patents
2026-07-26T08:10:13.203Z,https://patents.google.com/patent/CN204473141U/zh,CN204473141U - 仿生机械鸟 - Google Patents
2026-07-26T08:10:13.186Z,https://patents.google.com/patent/CN204473141U/zh,CN204473141U - 仿生机械鸟 - Google Patents
2026-07-26T08:10:13.168Z,https://patents.google.com/patent/CN204473141U/zh,CN204473141U - 仿生机械鸟 - Google Patents
2026-07-26T08:10:13.153Z,https://patents.google.com/patent/CN204473141U/zh,CN204473141U - 仿生机械鸟 - Google Patents
2026-07-26T08:10:13.135Z,https://patents.google.com/patent/CN204473141U/zh,CN204473141U - 仿生机械鸟 - Google Patents
2026-07-26T08:10:13.119Z,https://patents.google.com/patent/CN204473141U/zh,CN204473141U - 仿生机械鸟 - Google Patents
2026-07-26T08:10:13.104Z,https://patents.google.com/patent/CN204473141U/zh,CN204473141U - 仿生机械鸟 - Google Patents
2026-07-26T08:10:13.086Z,https://patents.google.com/patent/CN204473141U/zh,CN204473141U - 仿生机械鸟 - Google Patents
2026-07-26T08:10:13.070Z,https://patents.google.com/patent/CN204473141U/zh,CN204473141U - 仿生机械鸟 - Google Patents
2026-07-26T08:10:13.062Z,https://patents.google.com/patent/CN204473141U/zh,CN204473141U - 仿生机械鸟 - Google Patents
2026-07-26T08:10:13.044Z,https://patents.google.com/patent/CN204473141U/zh,CN204473141U - 仿生机械鸟 - Google Patents
2026-07-26T08:10:13.032Z,https://patents.google.com/patent/CN204473141U/zh,CN204473141U - 仿生机械鸟 - Google Patents
2026-07-26T08:10:12.744Z,https://patents.google.com/patent/CN204473141U/zh,CN204473141U - 仿生机械鸟 - Google Patents
2026-07-26T08:10:12.728Z,https://patents.google.com/patent/CN204473141U/zh,CN204473141U - 仿生机械鸟 - Google Patents
2026-07-26T08:10:12.711Z,https://patents.google.com/patent/CN204473141U/zh,CN204473141U - 仿生机械鸟 - Google Patents
2026-07-26T08:10:12.695Z,https://patents.google.com/patent/CN204473141U/zh,CN204473141U - 仿生机械鸟 - Google Patents
2026-07-26T08:10:12.678Z,https://patents.google.com/patent/CN204473141U/zh,CN204473141U - 仿生机械鸟 - Google Patents
2026-07-26T08:10:12.662Z,https://patents.google.com/patent/CN204473141U/zh,CN204473141U - 仿生机械鸟 - Google Patents
2026-07-26T08:10:12.645Z,https://patents.google.com/patent/CN204473141U/zh,CN204473141U - 仿生机械鸟 - Google Patents
2026-07-26T08:10:12.628Z,https://patents.google.com/patent/CN204473141U/zh,CN204473141U - 仿生机械鸟 - Google Patents
2026-07-26T08:10:12.612Z,https://patents.google.com/patent/CN204473141U/zh,CN204473141U - 仿生机械鸟 - Google Patents
2026-07-26T08:10:12.595Z,https://patents.google.com/patent/CN204473141U/zh,CN204473141U - 仿生机械鸟 - Google Patents
2026-07-26T08:10:12.579Z,https://patents.google.com/patent/CN204473141U/zh,CN204473141U - 仿生机械鸟 - Google Patents
2026-07-26T08:10:12.571Z,https://patents.google.com/patent/CN204473141U/zh,CN204473141U - 仿生机械鸟 - Google Patents
2026-07-26T08:10:12.503Z,https://patents.google.com/patent/CN204473141U/zh,CN204473141U - 仿生机械鸟 - Google Patents
2026-07-26T08:10:12.487Z,https://patents.google.com/patent/CN204473141U/zh,CN204473141U - 仿生机械鸟 - Google Patents
2026-07-26T08:10:12.471Z,https://patents.google.com/patent/CN204473141U/zh,CN204473141U - 仿生机械鸟 - Google Patents
2026-07-26T08:10:12.454Z,https://patents.google.com/patent/CN204473141U/zh,CN204473141U - 仿生机械鸟 - Google Patents
2026-07-26T08:10:12.437Z,https://patents.google.com/patent/CN204473141U/zh,CN204473141U - 仿生机械鸟 - Google Patents
2026-07-26T08:10:12.420Z,https://patents.google.com/patent/CN204473141U/zh,CN204473141U - 仿生机械鸟 - Google Patents
2026-07-26T08:10:12.404Z,https://patents.google.com/patent/CN204473141U/zh,CN204473141U - 仿生机械鸟 - Google Patents
2026-07-26T08:10:12.387Z,https://patents.google.com/patent/CN204473141U/zh,CN204473141U - 仿生机械鸟 - Google Patents
2026-07-26T08:10:12.371Z,https://patents.google.com/patent/CN204473141U/zh,CN204473141U - 仿生机械鸟 - Google Patents
2026-07-26T08:10:12.354Z,https://patents.google.com/patent/CN204473141U/zh,CN204473141U - 仿生机械鸟 - Google Patents
2026-07-26T08:10:12.339Z,https://patents.google.com/patent/CN204473141U/zh,CN204473141U - 仿生机械鸟 - Google Patents
2026-07-26T08:10:11.019Z,https://patents.google.com/patent/CN204473141U/zh,CN204473141U - 仿生机械鸟 - Google Patents
2026-07-26T08:10:09.022Z,https://patents.google.com/patent/CN204473141U/zh,CN204473141U - 仿生机械鸟 - Google Patents
2026-07-26T08:10:03.941Z,https://patents.google.com/patent/CN204473141U/zh,CN204473141U - 仿生机械鸟 - Google Patents
2026-07-26T08:10:03.918Z,https://patents.google.com/patent/CN204473141U/zh,CN204473141U - 仿生机械鸟 - Google Patents
2026-07-26T08:10:03.900Z,https://patents.google.com/patent/CN204473141U/zh,CN204473141U - 仿生机械鸟 - Google Patents
2026-07-26T08:10:03.884Z,https://patents.google.com/patent/CN204473141U/zh,CN204473141U - 仿生机械鸟 - Google Patents
2026-07-26T08:10:03.867Z,https://patents.google.com/patent/CN204473141U/zh,CN204473141U - 仿生机械鸟 - Google Patents
2026-07-26T08:10:03.850Z,https://patents.google.com/patent/CN204473141U/zh,CN204473141U - 仿生机械鸟 - Google Patents
2026-07-26T08:10:03.834Z,https://patents.google.com/patent/CN204473141U/zh,CN204473141U - 仿生机械鸟 - Google Patents
2026-07-26T08:10:03.817Z,https://patents.google.com/patent/CN204473141U/zh,CN204473141U - 仿生机械鸟 - Google Patents
2026-07-26T08:10:03.800Z,https://patents.google.com/patent/CN204473141U/zh,CN204473141U - 仿生机械鸟 - Google Patents
2026-07-26T08:10:03.784Z,https://patents.google.com/patent/CN204473141U/zh,CN204473141U - 仿生机械鸟 - Google Patents
2026-07-26T08:10:03.767Z,https://patents.google.com/patent/CN204473141U/zh,CN204473141U - 仿生机械鸟 - Google Patents
2026-07-26T08:10:03.751Z,https://patents.google.com/patent/CN204473141U/zh,CN204473141U - 仿生机械鸟 - Google Patents
2026-07-26T08:10:03.734Z,https://patents.google.com/patent/CN204473141U/zh,CN204473141U - 仿生机械鸟 - Google Patents
2026-07-26T08:10:03.716Z,https://patents.google.com/patent/CN204473141U/zh,CN204473141U - 仿生机械鸟 - Google Patents
2026-07-26T08:10:03.701Z,https://patents.google.com/patent/CN204473141U/zh,CN204473141U - 仿生机械鸟 - Google Patents
2026-07-26T08:10:03.684Z,https://patents.google.com/patent/CN204473141U/zh,CN204473141U - 仿生机械鸟 - Google Patents
2026-07-26T08:10:03.667Z,https://patents.google.com/patent/CN204473141U/zh,CN204473141U - 仿生机械鸟 - Google Patents
2026-07-26T08:10:03.651Z,https://patents.google.com/patent/CN204473141U/zh,CN204473141U - 仿生机械鸟 - Google Patents
2026-07-26T08:10:03.634Z,https://patents.google.com/patent/CN204473141U/zh,CN204473141U - 仿生机械鸟 - Google Patents
2026-07-26T08:10:03.618Z,https://patents.google.com/patent/CN204473141U/zh,CN204473141U - 仿生机械鸟 - Google Patents
2026-07-26T08:10:03.591Z,https://patents.google.com/patent/CN204473141U/zh,CN204473141U - 仿生机械鸟 - Google Patents
2026-07-26T08:10:02.450Z,https://patents.google.com/patent/CN204473141U/zh,CN204473141U - 仿生机械鸟 - Google Patents
2026-07-26T08:10:02.429Z,https://patents.google.com/patent/CN204473141U/zh,CN204473141U - 仿生机械鸟 - Google Patents
2026-07-26T08:10:02.379Z,https://patents.google.com/patent/CN204473141U/zh,CN204473141U - 仿生机械鸟 - Google Patents
2026-07-26T08:10:00.351Z,https://patents.google.com/patent/CN205707351U/zh,CN205707351U - 微型仿生扑翼机器人 - Google Patents
2026-07-26T08:10:00.339Z,https://patents.google.com/patent/CN205707351U/zh,CN205707351U - 微型仿生扑翼机器人 - Google Patents
2026-07-26T08:10:00.327Z,https://patents.google.com/patent/CN205707351U/zh,CN205707351U - 微型仿生扑翼机器人 - Google Patents
2026-07-26T08:10:00.310Z,https://patents.google.com/patent/CN205707351U/zh,CN205707351U - 微型仿生扑翼机器人 - Google Patents
2026-07-26T08:10:00.293Z,https://patents.google.com/patent/CN205707351U/zh,CN205707351U - 微型仿生扑翼机器人 - Google Patents
2026-07-26T08:10:00.277Z,https://patents.google.com/patent/CN205707351U/zh,CN205707351U - 微型仿生扑翼机器人 - Google Patents
2026-07-26T08:10:00.260Z,https://patents.google.com/patent/CN205707351U/zh,CN205707351U - 微型仿生扑翼机器人 - Google Patents
2026-07-26T08:10:00.244Z,https://patents.google.com/patent/CN205707351U/zh,CN205707351U - 微型仿生扑翼机器人 - Google Patents
2026-07-26T08:10:00.228Z,https://patents.google.com/patent/CN205707351U/zh,CN205707351U - 微型仿生扑翼机器人 - Google Patents
2026-07-26T08:10:00.210Z,https://patents.google.com/patent/CN205707351U/zh,CN205707351U - 微型仿生扑翼机器人 - Google Patents
2026-07-26T08:10:00.194Z,https://patents.google.com/patent/CN205707351U/zh,CN205707351U - 微型仿生扑翼机器人 - Google Patents
2026-07-26T08:10:00.177Z,https://patents.google.com/patent/CN205707351U/zh,CN205707351U - 微型仿生扑翼机器人 - Google Patents
2026-07-26T08:10:00.160Z,https://patents.google.com/patent/CN205707351U/zh,CN205707351U - 微型仿生扑翼机器人 - Google Patents
2026-07-26T08:10:00.144Z,https://patents.google.com/patent/CN205707351U/zh,CN205707351U - 微型仿生扑翼机器人 - Google Patents
2026-07-26T08:10:00.130Z,https://patents.google.com/patent/CN205707351U/zh,CN205707351U - 微型仿生扑翼机器人 - Google Patents
2026-07-26T08:10:00.120Z,https://patents.google.com/patent/CN205707351U/zh,CN205707351U - 微型仿生扑翼机器人 - Google Patents
2026-07-26T08:10:00.035Z,https://patents.google.com/patent/CN205707351U/zh,CN205707351U - 微型仿生扑翼机器人 - Google Patents
2026-07-26T08:10:00.020Z,https://patents.google.com/patent/CN205707351U/zh,CN205707351U - 微型仿生扑翼机器人 - Google Patents
2026-07-26T08:10:00.001Z,https://patents.google.com/patent/CN205707351U/zh,CN205707351U - 微型仿生扑翼机器人 - Google Patents
2026-07-26T08:09:59.985Z,https://patents.google.com/patent/CN205707351U/zh,CN205707351U - 微型仿生扑翼机器人 - Google Patents
2026-07-26T08:09:59.969Z,https://patents.google.com/patent/CN205707351U/zh,CN205707351U - 微型仿生扑翼机器人 - Google Patents
2026-07-26T08:09:59.952Z,https://patents.google.com/patent/CN205707351U/zh,CN205707351U - 微型仿生扑翼机器人 - Google Patents
2026-07-26T08:09:59.935Z,https://patents.google.com/patent/CN205707351U/zh,CN205707351U - 微型仿生扑翼机器人 - Google Patents
2026-07-26T08:09:59.919Z,https://patents.google.com/patent/CN205707351U/zh,CN205707351U - 微型仿生扑翼机器人 - Google Patents
2026-07-26T08:09:59.902Z,https://patents.google.com/patent/CN205707351U/zh,CN205707351U - 微型仿生扑翼机器人 - Google Patents
2026-07-26T08:09:59.885Z,https://patents.google.com/patent/CN205707351U/zh,CN205707351U - 微型仿生扑翼机器人 - Google Patents
2026-07-26T08:09:59.868Z,https://patents.google.com/patent/CN205707351U/zh,CN205707351U - 微型仿生扑翼机器人 - Google Patents
2026-07-26T08:09:59.852Z,https://patents.google.com/patent/CN205707351U/zh,CN205707351U - 微型仿生扑翼机器人 - Google Patents
2026-07-26T08:09:59.835Z,https://patents.google.com/patent/CN205707351U/zh,CN205707351U - 微型仿生扑翼机器人 - Google Patents
2026-07-26T08:09:59.819Z,https://patents.google.com/patent/CN205707351U/zh,CN205707351U - 微型仿生扑翼机器人 - Google Patents
2026-07-26T08:09:59.802Z,https://patents.google.com/patent/CN205707351U/zh,CN205707351U - 微型仿生扑翼机器人 - Google Patents
2026-07-26T08:09:59.785Z,https://patents.google.com/patent/CN205707351U/zh,CN205707351U - 微型仿生扑翼机器人 - Google Patents
2026-07-26T08:09:59.769Z,https://patents.google.com/patent/CN205707351U/zh,CN205707351U - 微型仿生扑翼机器人 - Google Patents
2026-07-26T08:09:59.753Z,https://patents.google.com/patent/CN205707351U/zh,CN205707351U - 微型仿生扑翼机器人 - Google Patents
2026-07-26T08:09:59.736Z,https://patents.google.com/patent/CN205707351U/zh,CN205707351U - 微型仿生扑翼机器人 - Google Patents
2026-07-26T08:09:59.719Z,https://patents.google.com/patent/CN205707351U/zh,CN205707351U - 微型仿生扑翼机器人 - Google Patents
2026-07-26T08:09:59.702Z,https://patents.google.com/patent/CN205707351U/zh,CN205707351U - 微型仿生扑翼机器人 - Google Patents
2026-07-26T08:09:59.686Z,https://patents.google.com/patent/CN205707351U/zh,CN205707351U - 微型仿生扑翼机器人 - Google Patents
2026-07-26T08:09:59.669Z,https://patents.google.com/patent/CN205707351U/zh,CN205707351U - 微型仿生扑翼机器人 - Google Patents
2026-07-26T08:09:59.653Z,https://patents.google.com/patent/CN205707351U/zh,CN205707351U - 微型仿生扑翼机器人 - Google Patents
2026-07-26T08:09:59.636Z,https://patents.google.com/patent/CN205707351U/zh,CN205707351U - 微型仿生扑翼机器人 - Google Patents
2026-07-26T08:09:59.619Z,https://patents.google.com/patent/CN205707351U/zh,CN205707351U - 微型仿生扑翼机器人 - Google Patents
2026-07-26T08:09:59.603Z,https://patents.google.com/patent/CN205707351U/zh,CN205707351U - 微型仿生扑翼机器人 - Google Patents
2026-07-26T08:09:59.586Z,https://patents.google.com/patent/CN205707351U/zh,CN205707351U - 微型仿生扑翼机器人 - Google Patents
2026-07-26T08:09:59.569Z,https://patents.google.com/patent/CN205707351U/zh,CN205707351U - 微型仿生扑翼机器人 - Google Patents
2026-07-26T08:09:59.553Z,https://patents.google.com/patent/CN205707351U/zh,CN205707351U - 微型仿生扑翼机器人 - Google Patents
2026-07-26T08:09:59.536Z,https://patents.google.com/patent/CN205707351U/zh,CN205707351U - 微型仿生扑翼机器人 - Google Patents
2026-07-26T08:09:59.520Z,https://patents.google.com/patent/CN205707351U/zh,CN205707351U - 微型仿生扑翼机器人 - Google Patents
2026-07-26T08:09:59.503Z,https://patents.google.com/patent/CN205707351U/zh,CN205707351U - 微型仿生扑翼机器人 - Google Patents
2026-07-26T08:09:59.487Z,https://patents.google.com/patent/CN205707351U/zh,CN205707351U - 微型仿生扑翼机器人 - Google Patents
2026-07-26T08:09:59.470Z,https://patents.google.com/patent/CN205707351U/zh,CN205707351U - 微型仿生扑翼机器人 - Google Patents
2026-07-26T08:09:59.452Z,https://patents.google.com/patent/CN205707351U/zh,CN205707351U - 微型仿生扑翼机器人 - Google Patents
2026-07-26T08:09:59.436Z,https://patents.google.com/patent/CN205707351U/zh,CN205707351U - 微型仿生扑翼机器人 - Google Patents
2026-07-26T08:09:59.419Z,https://patents.google.com/patent/CN205707351U/zh,CN205707351U - 微型仿生扑翼机器人 - Google Patents
2026-07-26T08:09:59.403Z,https://patents.google.com/patent/CN205707351U/zh,CN205707351U - 微型仿生扑翼机器人 - Google Patents
2026-07-26T08:09:59.386Z,https://patents.google.com/patent/CN205707351U/zh,CN205707351U - 微型仿生扑翼机器人 - Google Patents
2026-07-26T08:09:59.373Z,https://patents.google.com/patent/CN205707351U/zh,CN205707351U - 微型仿生扑翼机器人 - Google Patents
2026-07-26T08:09:53.703Z,https://patents.google.com/patent/CN205707351U/zh,CN205707351U - 微型仿生扑翼机器人 - Google Patents
2026-07-26T08:09:46.020Z,https://patents.google.com/patent/CN205707351U/zh,CN205707351U - 微型仿生扑翼机器人 - Google Patents
2026-07-26T08:09:46.004Z,https://patents.google.com/patent/CN205707351U/zh,CN205707351U - 微型仿生扑翼机器人 - Google Patents
2026-07-26T08:09:45.987Z,https://patents.google.com/patent/CN205707351U/zh,CN205707351U - 微型仿生扑翼机器人 - Google Patents
2026-07-26T08:09:45.970Z,https://patents.google.com/patent/CN205707351U/zh,CN205707351U - 微型仿生扑翼机器人 - Google Patents
2026-07-26T08:09:45.953Z,https://patents.google.com/patent/CN205707351U/zh,CN205707351U - 微型仿生扑翼机器人 - Google Patents
2026-07-26T08:09:45.938Z,https://patents.google.com/patent/CN205707351U/zh,CN205707351U - 微型仿生扑翼机器人 - Google Patents
2026-07-26T08:09:45.929Z,https://patents.google.com/patent/CN205707351U/zh,CN205707351U - 微型仿生扑翼机器人 - Google Patents
2026-07-26T08:09:45.854Z,https://patents.google.com/patent/CN205707351U/zh,CN205707351U - 微型仿生扑翼机器人 - Google Patents
2026-07-26T08:09:45.837Z,https://patents.google.com/patent/CN205707351U/zh,CN205707351U - 微型仿生扑翼机器人 - Google Patents
2026-07-26T08:09:45.821Z,https://patents.google.com/patent/CN205707351U/zh,CN205707351U - 微型仿生扑翼机器人 - Google Patents
2026-07-26T08:09:45.804Z,https://patents.google.com/patent/CN205707351U/zh,CN205707351U - 微型仿生扑翼机器人 - Google Patents
2026-07-26T08:09:45.788Z,https://patents.google.com/patent/CN205707351U/zh,CN205707351U - 微型仿生扑翼机器人 - Google Patents
2026-07-26T08:09:45.771Z,https://patents.google.com/patent/CN205707351U/zh,CN205707351U - 微型仿生扑翼机器人 - Google Patents
2026-07-26T08:09:45.754Z,https://patents.google.com/patent/CN205707351U/zh,CN205707351U - 微型仿生扑翼机器人 - Google Patents
2026-07-26T08:09:45.737Z,https://patents.google.com/patent/CN205707351U/zh,CN205707351U - 微型仿生扑翼机器人 - Google Patents
2026-07-26T08:09:45.721Z,https://patents.google.com/patent/CN205707351U/zh,CN205707351U - 微型仿生扑翼机器人 - Google Patents
2026-07-26T08:09:45.704Z,https://patents.google.com/patent/CN205707351U/zh,CN205707351U - 微型仿生扑翼机器人 - Google Patents
2026-07-26T08:09:45.687Z,https://patents.google.com/patent/CN205707351U/zh,CN205707351U - 微型仿生扑翼机器人 - Google Patents
2026-07-26T08:09:45.672Z,https://patents.google.com/patent/CN205707351U/zh,CN205707351U - 微型仿生扑翼机器人 - Google Patents
2026-07-26T08:09:45.655Z,https://patents.google.com/patent/CN205707351U/zh,CN205707351U - 微型仿生扑翼机器人 - Google Patents
2026-07-26T08:09:45.488Z,https://patents.google.com/patent/CN205707351U/zh,CN205707351U - 微型仿生扑翼机器人 - Google Patents
2026-07-26T08:09:45.472Z,https://patents.google.com/patent/CN205707351U/zh,CN205707351U - 微型仿生扑翼机器人 - Google Patents
2026-07-26T08:09:45.455Z,https://patents.google.com/patent/CN205707351U/zh,CN205707351U - 微型仿生扑翼机器人 - Google Patents
2026-07-26T08:09:45.438Z,https://patents.google.com/patent/CN205707351U/zh,CN205707351U - 微型仿生扑翼机器人 - Google Patents
2026-07-26T08:09:45.422Z,https://patents.google.com/patent/CN205707351U/zh,CN205707351U - 微型仿生扑翼机器人 - Google Patents
2026-07-26T08:09:45.404Z,https://patents.google.com/patent/CN205707351U/zh,CN205707351U - 微型仿生扑翼机器人 - Google Patents
2026-07-26T08:09:45.388Z,https://patents.google.com/patent/CN205707351U/zh,CN205707351U - 微型仿生扑翼机器人 - Google Patents
2026-07-26T08:09:45.371Z,https://patents.google.com/patent/CN205707351U/zh,CN205707351U - 微型仿生扑翼机器人 - Google Patents
2026-07-26T08:09:45.355Z,https://patents.google.com/patent/CN205707351U/zh,CN205707351U - 微型仿生扑翼机器人 - Google Patents
2026-07-26T08:09:45.339Z,https://patents.google.com/patent/CN205707351U/zh,CN205707351U - 微型仿生扑翼机器人 - Google Patents
2026-07-26T08:09:45.332Z,https://patents.google.com/patent/CN205707351U/zh,CN205707351U - 微型仿生扑翼机器人 - Google Patents
2026-07-26T08:09:45.241Z,https://patents.google.com/patent/CN205707351U/zh,CN205707351U - 微型仿生扑翼机器人 - Google Patents
2026-07-26T08:09:45.234Z,https://patents.google.com/patent/CN205707351U/zh,CN205707351U - 微型仿生扑翼机器人 - Google Patents
2026-07-26T08:09:45.214Z,https://patents.google.com/patent/CN205707351U/zh,CN205707351U - 微型仿生扑翼机器人 - Google Patents
2026-07-26T08:09:45.197Z,https://patents.google.com/patent/CN205707351U/zh,CN205707351U - 微型仿生扑翼机器人 - Google Patents
2026-07-26T08:09:45.181Z,https://patents.google.com/patent/CN205707351U/zh,CN205707351U - 微型仿生扑翼机器人 - Google Patents
2026-07-26T08:09:45.165Z,https://patents.google.com/patent/CN205707351U/zh,CN205707351U - 微型仿生扑翼机器人 - Google Patents
2026-07-26T08:09:45.147Z,https://patents.google.com/patent/CN205707351U/zh,CN205707351U - 微型仿生扑翼机器人 - Google Patents
2026-07-26T08:09:45.130Z,https://patents.google.com/patent/CN205707351U/zh,CN205707351U - 微型仿生扑翼机器人 - Google Patents
2026-07-26T08:09:45.115Z,https://patents.google.com/patent/CN205707351U/zh,CN205707351U - 微型仿生扑翼机器人 - Google Patents
2026-07-26T08:09:45.097Z,https://patents.google.com/patent/CN205707351U/zh,CN205707351U - 微型仿生扑翼机器人 - Google Patents
2026-07-26T08:09:45.080Z,https://patents.google.com/patent/CN205707351U/zh,CN205707351U - 微型仿生扑翼机器人 - Google Patents
2026-07-26T08:09:45.064Z,https://patents.google.com/patent/CN205707351U/zh,CN205707351U - 微型仿生扑翼机器人 - Google Patents
2026-07-26T08:09:45.049Z,https://patents.google.com/patent/CN205707351U/zh,CN205707351U - 微型仿生扑翼机器人 - Google Patents
2026-07-26T08:09:45.031Z,https://patents.google.com/patent/CN205707351U/zh,CN205707351U - 微型仿生扑翼机器人 - Google Patents
2026-07-26T08:09:45.014Z,https://patents.google.com/patent/CN205707351U/zh,CN205707351U - 微型仿生扑翼机器人 - Google Patents
2026-07-26T08:09:44.999Z,https://patents.google.com/patent/CN205707351U/zh,CN205707351U - 微型仿生扑翼机器人 - Google Patents
2026-07-26T08:09:44.989Z,https://patents.google.com/patent/CN205707351U/zh,CN205707351U - 微型仿生扑翼机器人 - Google Patents
2026-07-26T08:09:44.972Z,https://patents.google.com/patent/CN205707351U/zh,CN205707351U - 微型仿生扑翼机器人 - Google Patents
2026-07-26T08:09:44.959Z,https://patents.google.com/patent/CN205707351U/zh,CN205707351U - 微型仿生扑翼机器人 - Google Patents
2026-07-26T08:09:44.257Z,https://patents.google.com/patent/CN205707351U/zh,CN205707351U - 微型仿生扑翼机器人 - Google Patents
2026-07-26T08:09:44.225Z,https://patents.google.com/patent/CN205707351U/zh,CN205707351U - 微型仿生扑翼机器人 - Google Patents
2026-07-26T08:09:44.207Z,https://patents.google.com/patent/CN205707351U/zh,CN205707351U - 微型仿生扑翼机器人 - Google Patents
2026-07-26T08:09:44.192Z,https://patents.google.com/patent/CN205707351U/zh,CN205707351U - 微型仿生扑翼机器人 - Google Patents
2026-07-26T08:09:44.183Z,https://patents.google.com/patent/CN205707351U/zh,CN205707351U - 微型仿生扑翼机器人 - Google Patents
2026-07-26T08:09:44.167Z,https://patents.google.com/patent/CN205707351U/zh,CN205707351U - 微型仿生扑翼机器人 - Google Patents
2026-07-26T08:09:44.075Z,https://patents.google.com/patent/CN205707351U/zh,CN205707351U - 微型仿生扑翼机器人 - Google Patents
2026-07-26T08:09:44.058Z,https://patents.google.com/patent/CN205707351U/zh,CN205707351U - 微型仿生扑翼机器人 - Google Patents
2026-07-26T08:09:44.041Z,https://patents.google.com/patent/CN205707351U/zh,CN205707351U - 微型仿生扑翼机器人 - Google Patents
2026-07-26T08:09:44.025Z,https://patents.google.com/patent/CN205707351U/zh,CN205707351U - 微型仿生扑翼机器人 - Google Patents
2026-07-26T08:09:44.008Z,https://patents.google.com/patent/CN205707351U/zh,CN205707351U - 微型仿生扑翼机器人 - Google Patents
2026-07-26T08:09:43.992Z,https://patents.google.com/patent/CN205707351U/zh,CN205707351U - 微型仿生扑翼机器人 - Google Patents
2026-07-26T08:09:43.984Z,https://patents.google.com/patent/CN205707351U/zh,CN205707351U - 微型仿生扑翼机器人 - Google Patents
2026-07-26T08:09:43.976Z,https://patents.google.com/patent/CN205707351U/zh,CN205707351U - 微型仿生扑翼机器人 - Google Patents
2026-07-26T08:09:43.967Z,https://patents.google.com/patent/CN205707351U/zh,CN205707351U - 微型仿生扑翼机器人 - Google Patents
2026-07-26T08:09:43.959Z,https://patents.google.com/patent/CN205707351U/zh,CN205707351U - 微型仿生扑翼机器人 - Google Patents
2026-07-26T08:09:43.941Z,https://patents.google.com/patent/CN205707351U/zh,CN205707351U - 微型仿生扑翼机器人 - Google Patents
2026-07-26T08:09:43.934Z,https://patents.google.com/patent/CN205707351U/zh,CN205707351U - 微型仿生扑翼机器人 - Google Patents
2026-07-26T08:09:43.926Z,https://patents.google.com/patent/CN205707351U/zh,CN205707351U - 微型仿生扑翼机器人 - Google Patents
2026-07-26T08:09:43.917Z,https://patents.google.com/patent/CN205707351U/zh,CN205707351U - 微型仿生扑翼机器人 - Google Patents
2026-07-26T08:09:43.909Z,https://patents.google.com/patent/CN205707351U/zh,CN205707351U - 微型仿生扑翼机器人 - Google Patents
2026-07-26T08:09:43.893Z,https://patents.google.com/patent/CN205707351U/zh,CN205707351U - 微型仿生扑翼机器人 - Google Patents
2026-07-26T08:09:43.887Z,https://patents.google.com/patent/CN205707351U/zh,CN205707351U - 微型仿生扑翼机器人 - Google Patents
2026-07-26T08:09:43.877Z,https://patents.google.com/patent/CN205707351U/zh,CN205707351U - 微型仿生扑翼机器人 - Google Patents
2026-07-26T08:09:43.868Z,https://patents.google.com/patent/CN205707351U/zh,CN205707351U - 微型仿生扑翼机器人 - Google Patents
2026-07-26T08:09:43.859Z,https://patents.google.com/patent/CN205707351U/zh,CN205707351U - 微型仿生扑翼机器人 - Google Patents
2026-07-26T08:09:43.843Z,https://patents.google.com/patent/CN205707351U/zh,CN205707351U - 微型仿生扑翼机器人 - Google Patents
2026-07-26T08:09:43.825Z,https://patents.google.com/patent/CN205707351U/zh,CN205707351U - 微型仿生扑翼机器人 - Google Patents
2026-07-26T08:09:43.809Z,https://patents.google.com/patent/CN205707351U/zh,CN205707351U - 微型仿生扑翼机器人 - Google Patents
2026-07-26T08:09:43.794Z,https://patents.google.com/patent/CN205707351U/zh,CN205707351U - 微型仿生扑翼机器人 - Google Patents
2026-07-26T08:09:38.881Z,https://patents.google.com/patent/CN205707351U/zh,CN205707351U - 微型仿生扑翼机器人 - Google Patents
2026-07-26T08:09:38.864Z,https://patents.google.com/patent/CN205707351U/zh,CN205707351U - 微型仿生扑翼机器人 - Google Patents
2026-07-26T08:09:38.846Z,https://patents.google.com/patent/CN205707351U/zh,CN205707351U - 微型仿生扑翼机器人 - Google Patents
2026-07-26T08:09:38.830Z,https://patents.google.com/patent/CN205707351U/zh,CN205707351U - 微型仿生扑翼机器人 - Google Patents
2026-07-26T08:09:38.813Z,https://patents.google.com/patent/CN205707351U/zh,CN205707351U - 微型仿生扑翼机器人 - Google Patents
2026-07-26T08:09:38.797Z,https://patents.google.com/patent/CN205707351U/zh,CN205707351U - 微型仿生扑翼机器人 - Google Patents
2026-07-26T08:09:38.780Z,https://patents.google.com/patent/CN205707351U/zh,CN205707351U - 微型仿生扑翼机器人 - Google Patents
2026-07-26T08:09:38.767Z,https://patents.google.com/patent/CN205707351U/zh,CN205707351U - 微型仿生扑翼机器人 - Google Patents
2026-07-26T08:09:38.757Z,https://patents.google.com/patent/CN205707351U/zh,CN205707351U - 微型仿生扑翼机器人 - Google Patents
2026-07-26T08:09:38.748Z,https://patents.google.com/patent/CN205707351U/zh,CN205707351U - 微型仿生扑翼机器人 - Google Patents
2026-07-26T08:09:38.664Z,https://patents.google.com/patent/CN205707351U/zh,CN205707351U - 微型仿生扑翼机器人 - Google Patents
2026-07-26T08:09:38.646Z,https://patents.google.com/patent/CN205707351U/zh,CN205707351U - 微型仿生扑翼机器人 - Google Patents
2026-07-26T08:09:38.630Z,https://patents.google.com/patent/CN205707351U/zh,CN205707351U - 微型仿生扑翼机器人 - Google Patents
2026-07-26T08:09:38.613Z,https://patents.google.com/patent/CN205707351U/zh,CN205707351U - 微型仿生扑翼机器人 - Google Patents
2026-07-26T08:09:38.598Z,https://patents.google.com/patent/CN205707351U/zh,CN205707351U - 微型仿生扑翼机器人 - Google Patents
2026-07-26T08:09:38.580Z,https://patents.google.com/patent/CN205707351U/zh,CN205707351U - 微型仿生扑翼机器人 - Google Patents
2026-07-26T08:09:38.563Z,https://patents.google.com/patent/CN205707351U/zh,CN205707351U - 微型仿生扑翼机器人 - Google Patents
2026-07-26T08:09:38.547Z,https://patents.google.com/patent/CN205707351U/zh,CN205707351U - 微型仿生扑翼机器人 - Google Patents
2026-07-26T08:09:38.530Z,https://patents.google.com/patent/CN205707351U/zh,CN205707351U - 微型仿生扑翼机器人 - Google Patents
2026-07-26T08:09:38.514Z,https://patents.google.com/patent/CN205707351U/zh,CN205707351U - 微型仿生扑翼机器人 - Google Patents
2026-07-26T08:09:38.497Z,https://patents.google.com/patent/CN205707351U/zh,CN205707351U - 微型仿生扑翼机器人 - Google Patents
2026-07-26T08:09:38.480Z,https://patents.google.com/patent/CN205707351U/zh,CN205707351U - 微型仿生扑翼机器人 - Google Patents
2026-07-26T08:09:38.465Z,https://patents.google.com/patent/CN205707351U/zh,CN205707351U - 微型仿生扑翼机器人 - Google Patents
2026-07-26T08:09:38.450Z,https://patents.google.com/patent/CN205707351U/zh,CN205707351U - 微型仿生扑翼机器人 - Google Patents
2026-07-26T08:09:38.441Z,https://patents.google.com/patent/CN205707351U/zh,CN205707351U - 微型仿生扑翼机器人 - Google Patents
2026-07-26T08:09:38.272Z,https://patents.google.com/patent/CN205707351U/zh,CN205707351U - 微型仿生扑翼机器人 - Google Patents
2026-07-26T08:09:38.257Z,https://patents.google.com/patent/CN205707351U/zh,CN205707351U - 微型仿生扑翼机器人 - Google Patents
2026-07-26T08:09:38.239Z,https://patents.google.com/patent/CN205707351U/zh,CN205707351U - 微型仿生扑翼机器人 - Google Patents
2026-07-26T08:09:38.223Z,https://patents.google.com/patent/CN205707351U/zh,CN205707351U - 微型仿生扑翼机器人 - Google Patents
2026-07-26T08:09:38.206Z,https://patents.google.com/patent/CN205707351U/zh,CN205707351U - 微型仿生扑翼机器人 - Google Patents
2026-07-26T08:09:38.189Z,https://patents.google.com/patent/CN205707351U/zh,CN205707351U - 微型仿生扑翼机器人 - Google Patents
2026-07-26T08:09:38.173Z,https://patents.google.com/patent/CN205707351U/zh,CN205707351U - 微型仿生扑翼机器人 - Google Patents
2026-07-26T08:09:38.156Z,https://patents.google.com/patent/CN205707351U/zh,CN205707351U - 微型仿生扑翼机器人 - Google Patents
2026-07-26T08:09:38.140Z,https://patents.google.com/patent/CN205707351U/zh,CN205707351U - 微型仿生扑翼机器人 - Google Patents
2026-07-26T08:09:38.123Z,https://patents.google.com/patent/CN205707351U/zh,CN205707351U - 微型仿生扑翼机器人 - Google Patents
2026-07-26T08:09:38.106Z,https://patents.google.com/patent/CN205707351U/zh,CN205707351U - 微型仿生扑翼机器人 - Google Patents
2026-07-26T08:09:38.091Z,https://patents.google.com/patent/CN205707351U/zh,CN205707351U - 微型仿生扑翼机器人 - Google Patents
2026-07-26T08:09:38.075Z,https://patents.google.com/patent/CN205707351U/zh,CN205707351U - 微型仿生扑翼机器人 - Google Patents
2026-07-26T08:09:38.058Z,https://patents.google.com/patent/CN205707351U/zh,CN205707351U - 微型仿生扑翼机器人 - Google Patents
2026-07-26T08:09:38.047Z,https://patents.google.com/patent/CN205707351U/zh,CN205707351U - 微型仿生扑翼机器人 - Google Patents
2026-07-26T08:09:37.890Z,https://patents.google.com/patent/CN205707351U/zh,CN205707351U - 微型仿生扑翼机器人 - Google Patents
2026-07-26T08:09:37.865Z,https://patents.google.com/patent/CN205707351U/zh,CN205707351U - 微型仿生扑翼机器人 - Google Patents
2026-07-26T08:09:37.851Z,https://patents.google.com/patent/CN205707351U/zh,CN205707351U - 微型仿生扑翼机器人 - Google Patents
2026-07-26T08:09:37.833Z,https://patents.google.com/patent/CN205707351U/zh,CN205707351U - 微型仿生扑翼机器人 - Google Patents
2026-07-26T08:09:37.816Z,https://patents.google.com/patent/CN205707351U/zh,CN205707351U - 微型仿生扑翼机器人 - Google Patents
2026-07-26T08:09:37.800Z,https://patents.google.com/patent/CN205707351U/zh,CN205707351U - 微型仿生扑翼机器人 - Google Patents
2026-07-26T08:09:37.783Z,https://patents.google.com/patent/CN205707351U/zh,CN205707351U - 微型仿生扑翼机器人 - Google Patents
2026-07-26T08:09:37.767Z,https://patents.google.com/patent/CN205707351U/zh,CN205707351U - 微型仿生扑翼机器人 - Google Patents
2026-07-26T08:09:37.750Z,https://patents.google.com/patent/CN205707351U/zh,CN205707351U - 微型仿生扑翼机器人 - Google Patents
2026-07-26T08:09:37.733Z,https://patents.google.com/patent/CN205707351U/zh,CN205707351U - 微型仿生扑翼机器人 - Google Patents
2026-07-26T08:09:37.716Z,https://patents.google.com/patent/CN205707351U/zh,CN205707351U - 微型仿生扑翼机器人 - Google Patents
2026-07-26T08:09:37.700Z,https://patents.google.com/patent/CN205707351U/zh,CN205707351U - 微型仿生扑翼机器人 - Google Patents
2026-07-26T08:09:37.683Z,https://patents.google.com/patent/CN205707351U/zh,CN205707351U - 微型仿生扑翼机器人 - Google Patents
2026-07-26T08:09:37.666Z,https://patents.google.com/patent/CN205707351U/zh,CN205707351U - 微型仿生扑翼机器人 - Google Patents
2026-07-26T08:09:37.649Z,https://patents.google.com/patent/CN205707351U/zh,CN205707351U - 微型仿生扑翼机器人 - Google Patents
2026-07-26T08:09:37.633Z,https://patents.google.com/patent/CN205707351U/zh,CN205707351U - 微型仿生扑翼机器人 - Google Patents
2026-07-26T08:09:37.619Z,https://patents.google.com/patent/CN205707351U/zh,CN205707351U - 微型仿生扑翼机器人 - Google Patents
2026-07-26T08:09:37.609Z,https://patents.google.com/patent/CN205707351U/zh,CN205707351U - 微型仿生扑翼机器人 - Google Patents
2026-07-26T08:09:37.596Z,https://patents.google.com/patent/CN205707351U/zh,CN205707351U - 微型仿生扑翼机器人 - Google Patents
2026-07-26T08:09:36.612Z,https://patents.google.com/patent/CN205707351U/zh,CN205707351U - 微型仿生扑翼机器人 - Google Patents
2026-07-26T08:09:36.594Z,https://patents.google.com/patent/CN205707351U/zh,CN205707351U - 微型仿生扑翼机器人 - Google Patents
2026-07-26T08:09:36.577Z,https://patents.google.com/patent/CN205707351U/zh,CN205707351U - 微型仿生扑翼机器人 - Google Patents
2026-07-26T08:09:36.561Z,https://patents.google.com/patent/CN205707351U/zh,CN205707351U - 微型仿生扑翼机器人 - Google Patents
2026-07-26T08:09:36.544Z,https://patents.google.com/patent/CN205707351U/zh,CN205707351U - 微型仿生扑翼机器人 - Google Patents
2026-07-26T08:09:36.528Z,https://patents.google.com/patent/CN205707351U/zh,CN205707351U - 微型仿生扑翼机器人 - Google Patents
2026-07-26T08:09:36.510Z,https://patents.google.com/patent/CN205707351U/zh,CN205707351U - 微型仿生扑翼机器人 - Google Patents
2026-07-26T08:09:36.494Z,https://patents.google.com/patent/CN205707351U/zh,CN205707351U - 微型仿生扑翼机器人 - Google Patents
2026-07-26T08:09:36.480Z,https://patents.google.com/patent/CN205707351U/zh,CN205707351U - 微型仿生扑翼机器人 - Google Patents
2026-07-26T08:09:36.469Z,https://patents.google.com/patent/CN205707351U/zh,CN205707351U - 微型仿生扑翼机器人 - Google Patents
2026-07-26T08:09:36.456Z,https://patents.google.com/patent/CN205707351U/zh,CN205707351U - 微型仿生扑翼机器人 - Google Patents
2026-07-26T08:09:36.353Z,https://patents.google.com/patent/CN205707351U/zh,CN205707351U - 微型仿生扑翼机器人 - Google Patents
2026-07-26T08:09:36.336Z,https://patents.google.com/patent/CN205707351U/zh,CN205707351U - 微型仿生扑翼机器人 - Google Patents
2026-07-26T08:09:36.320Z,https://patents.google.com/patent/CN205707351U/zh,CN205707351U - 微型仿生扑翼机器人 - Google Patents
2026-07-26T08:09:36.306Z,https://patents.google.com/patent/CN205707351U/zh,CN205707351U - 微型仿生扑翼机器人 - Google Patents
2026-07-26T08:09:17.799Z,https://patents.google.com/patent/CN205707351U/zh,CN205707351U - 微型仿生扑翼机器人 - Google Patents
2026-07-26T08:09:17.785Z,https://patents.google.com/patent/CN205707351U/zh,CN205707351U - 微型仿生扑翼机器人 - Google Patents
2026-07-26T08:09:17.768Z,https://patents.google.com/patent/CN205707351U/zh,CN205707351U - 微型仿生扑翼机器人 - Google Patents
2026-07-26T08:09:17.035Z,https://patents.google.com/patent/CN205707351U/zh,CN205707351U - 微型仿生扑翼机器人 - Google Patents
2026-07-26T08:09:17.022Z,https://patents.google.com/patent/CN205707351U/zh,CN205707351U - 微型仿生扑翼机器人 - Google Patents
2026-07-26T08:09:17.003Z,https://patents.google.com/patent/CN205707351U/zh,CN205707351U - 微型仿生扑翼机器人 - Google Patents
2026-07-26T08:09:16.504Z,https://patents.google.com/patent/CN205707351U/zh,CN205707351U - 微型仿生扑翼机器人 - Google Patents
2026-07-26T08:09:15.591Z,https://patents.google.com/patent/CN205707351U/zh,CN205707351U - 微型仿生扑翼机器人 - Google Patents
2026-07-26T08:09:15.578Z,https://patents.google.com/patent/CN205707351U/zh,CN205707351U - 微型仿生扑翼机器人 - Google Patents
2026-07-26T08:09:12.138Z,https://patents.google.com/patent/CN204473141U/zh,CN204473141U - 仿生机械鸟 - Google Patents
2026-07-26T08:09:12.121Z,https://patents.google.com/patent/CN204473141U/zh,CN204473141U - 仿生机械鸟 - Google Patents
2026-07-26T08:09:12.106Z,https://patents.google.com/patent/CN204473141U/zh,CN204473141U - 仿生机械鸟 - Google Patents
2026-07-26T08:09:12.089Z,https://patents.google.com/patent/CN204473141U/zh,CN204473141U - 仿生机械鸟 - Google Patents
2026-07-26T08:09:12.083Z,https://patents.google.com/patent/CN204473141U/zh,CN204473141U - 仿生机械鸟 - Google Patents
2026-07-26T08:09:12.072Z,https://patents.google.com/patent/CN204473141U/zh,CN204473141U - 仿生机械鸟 - Google Patents
2026-07-26T08:09:12.063Z,https://patents.google.com/patent/CN204473141U/zh,CN204473141U - 仿生机械鸟 - Google Patents
2026-07-26T08:09:12.048Z,https://patents.google.com/patent/CN204473141U/zh,CN204473141U - 仿生机械鸟 - Google Patents
2026-07-26T08:09:12.042Z,https://patents.google.com/patent/CN204473141U/zh,CN204473141U - 仿生机械鸟 - Google Patents
2026-07-26T08:09:12.032Z,https://patents.google.com/patent/CN204473141U/zh,CN204473141U - 仿生机械鸟 - Google Patents
2026-07-26T08:09:12.023Z,https://patents.google.com/patent/CN204473141U/zh,CN204473141U - 仿生机械鸟 - Google Patents
2026-07-26T08:09:12.013Z,https://patents.google.com/patent/CN204473141U/zh,CN204473141U - 仿生机械鸟 - Google Patents
2026-07-26T08:09:11.997Z,https://patents.google.com/patent/CN204473141U/zh,CN204473141U - 仿生机械鸟 - Google Patents
2026-07-26T08:09:11.980Z,https://patents.google.com/patent/CN204473141U/zh,CN204473141U - 仿生机械鸟 - Google Patents
2026-07-26T08:09:11.964Z,https://patents.google.com/patent/CN204473141U/zh,CN204473141U - 仿生机械鸟 - Google Patents
2026-07-26T08:09:11.948Z,https://patents.google.com/patent/CN204473141U/zh,CN204473141U - 仿生机械鸟 - Google Patents
2026-07-26T08:09:11.932Z,https://patents.google.com/patent/CN204473141U/zh,CN204473141U - 仿生机械鸟 - Google Patents
2026-07-26T08:09:11.924Z,https://patents.google.com/patent/CN204473141U/zh,CN204473141U - 仿生机械鸟 - Google Patents
2026-07-26T08:09:11.848Z,https://patents.google.com/patent/CN204473141U/zh,CN204473141U - 仿生机械鸟 - Google Patents
2026-07-26T08:09:11.842Z,https://patents.google.com/patent/CN204473141U/zh,CN204473141U - 仿生机械鸟 - Google Patents
2026-07-26T08:09:11.831Z,https://patents.google.com/patent/CN204473141U/zh,CN204473141U - 仿生机械鸟 - Google Patents
2026-07-26T08:09:11.814Z,https://patents.google.com/patent/CN204473141U/zh,CN204473141U - 仿生机械鸟 - Google Patents
2026-07-26T08:09:11.797Z,https://patents.google.com/patent/CN204473141U/zh,CN204473141U - 仿生机械鸟 - Google Patents
2026-07-26T08:09:11.781Z,https://patents.google.com/patent/CN204473141U/zh,CN204473141U - 仿生机械鸟 - Google Patents
2026-07-26T08:09:11.764Z,https://patents.google.com/patent/CN204473141U/zh,CN204473141U - 仿生机械鸟 - Google Patents
2026-07-26T08:09:11.747Z,https://patents.google.com/patent/CN204473141U/zh,CN204473141U - 仿生机械鸟 - Google Patents
2026-07-26T08:09:11.730Z,https://patents.google.com/patent/CN204473141U/zh,CN204473141U - 仿生机械鸟 - Google Patents
2026-07-26T08:09:11.715Z,https://patents.google.com/patent/CN204473141U/zh,CN204473141U - 仿生机械鸟 - Google Patents
2026-07-26T08:09:11.699Z,https://patents.google.com/patent/CN204473141U/zh,CN204473141U - 仿生机械鸟 - Google Patents
2026-07-26T08:09:10.950Z,https://patents.google.com/patent/CN204473141U/zh,CN204473141U - 仿生机械鸟 - Google Patents
2026-07-26T08:09:10.933Z,https://patents.google.com/patent/CN204473141U/zh,CN204473141U - 仿生机械鸟 - Google Patents
2026-07-26T08:09:10.916Z,https://patents.google.com/patent/CN204473141U/zh,CN204473141U - 仿生机械鸟 - Google Patents
2026-07-26T08:09:10.900Z,https://patents.google.com/patent/CN204473141U/zh,CN204473141U - 仿生机械鸟 - Google Patents
2026-07-26T08:09:10.883Z,https://patents.google.com/patent/CN204473141U/zh,CN204473141U - 仿生机械鸟 - Google Patents
2026-07-26T08:09:10.866Z,https://patents.google.com/patent/CN204473141U/zh,CN204473141U - 仿生机械鸟 - Google Patents
2026-07-26T08:09:10.850Z,https://patents.google.com/patent/CN204473141U/zh,CN204473141U - 仿生机械鸟 - Google Patents
2026-07-26T08:09:10.833Z,https://patents.google.com/patent/CN204473141U/zh,CN204473141U - 仿生机械鸟 - Google Patents
2026-07-26T08:09:10.816Z,https://patents.google.com/patent/CN204473141U/zh,CN204473141U - 仿生机械鸟 - Google Patents
2026-07-26T08:09:10.800Z,https://patents.google.com/patent/CN204473141U/zh,CN204473141U - 仿生机械鸟 - Google Patents
2026-07-26T08:09:10.784Z,https://patents.google.com/patent/CN204473141U/zh,CN204473141U - 仿生机械鸟 - Google Patents
2026-07-26T08:09:10.767Z,https://patents.google.com/patent/CN204473141U/zh,CN204473141U - 仿生机械鸟 - Google Patents
2026-07-26T08:09:10.750Z,https://patents.google.com/patent/CN204473141U/zh,CN204473141U - 仿生机械鸟 - Google Patents
2026-07-26T08:09:10.734Z,https://patents.google.com/patent/CN204473141U/zh,CN204473141U - 仿生机械鸟 - Google Patents
2026-07-26T08:09:10.716Z,https://patents.google.com/patent/CN204473141U/zh,CN204473141U - 仿生机械鸟 - Google Patents
2026-07-26T08:09:10.709Z,https://patents.google.com/patent/CN204473141U/zh,CN204473141U - 仿生机械鸟 - Google Patents
2026-07-26T08:09:10.694Z,https://patents.google.com/patent/CN204473141U/zh,CN204473141U - 仿生机械鸟 - Google Patents
2026-07-26T08:09:10.687Z,https://patents.google.com/patent/CN204473141U/zh,CN204473141U - 仿生机械鸟 - Google Patents
2026-07-26T08:09:10.678Z,https://patents.google.com/patent/CN204473141U/zh,CN204473141U - 仿生机械鸟 - Google Patents
2026-07-26T08:09:10.668Z,https://patents.google.com/patent/CN204473141U/zh,CN204473141U - 仿生机械鸟 - Google Patents
2026-07-26T08:09:10.651Z,https://patents.google.com/patent/CN204473141U/zh,CN204473141U - 仿生机械鸟 - Google Patents
2026-07-26T08:09:10.634Z,https://patents.google.com/patent/CN204473141U/zh,CN204473141U - 仿生机械鸟 - Google Patents
2026-07-26T08:09:10.618Z,https://patents.google.com/patent/CN204473141U/zh,CN204473141U - 仿生机械鸟 - Google Patents
2026-07-26T08:09:10.601Z,https://patents.google.com/patent/CN204473141U/zh,CN204473141U - 仿生机械鸟 - Google Patents
2026-07-26T08:09:10.593Z,https://patents.google.com/patent/CN204473141U/zh,CN204473141U - 仿生机械鸟 - Google Patents
2026-07-26T08:09:10.517Z,https://patents.google.com/patent/CN204473141U/zh,CN204473141U - 仿生机械鸟 - Google Patents
2026-07-26T08:09:10.500Z,https://patents.google.com/patent/CN204473141U/zh,CN204473141U - 仿生机械鸟 - Google Patents
2026-07-26T08:09:10.485Z,https://patents.google.com/patent/CN204473141U/zh,CN204473141U - 仿生机械鸟 - Google Patents
2026-07-26T08:09:10.468Z,https://patents.google.com/patent/CN204473141U/zh,CN204473141U - 仿生机械鸟 - Google Patents
2026-07-26T08:09:10.451Z,https://patents.google.com/patent/CN204473141U/zh,CN204473141U - 仿生机械鸟 - Google Patents
2026-07-26T08:09:10.434Z,https://patents.google.com/patent/CN204473141U/zh,CN204473141U - 仿生机械鸟 - Google Patents
2026-07-26T08:09:10.418Z,https://patents.google.com/patent/CN204473141U/zh,CN204473141U - 仿生机械鸟 - Google Patents
2026-07-26T08:09:10.401Z,https://patents.google.com/patent/CN204473141U/zh,CN204473141U - 仿生机械鸟 - Google Patents
2026-07-26T08:09:10.386Z,https://patents.google.com/patent/CN204473141U/zh,CN204473141U - 仿生机械鸟 - Google Patents
2026-07-26T08:09:10.370Z,https://patents.google.com/patent/CN204473141U/zh,CN204473141U - 仿生机械鸟 - Google Patents
2026-07-26T08:09:08.053Z,https://patents.google.com/patent/CN204473141U/zh,CN204473141U - 仿生机械鸟 - Google Patents
2026-07-26T08:09:06.104Z,https://patents.google.com/patent/CN204473141U/zh,CN204473141U - 仿生机械鸟 - Google Patents
2026-07-26T08:09:06.087Z,https://patents.google.com/patent/CN204473141U/zh,CN204473141U - 仿生机械鸟 - Google Patents
2026-07-26T08:09:06.071Z,https://patents.google.com/patent/CN204473141U/zh,CN204473141U - 仿生机械鸟 - Google Patents
2026-07-26T08:09:06.054Z,https://patents.google.com/patent/CN204473141U/zh,CN204473141U - 仿生机械鸟 - Google Patents
2026-07-26T08:09:06.038Z,https://patents.google.com/patent/CN204473141U/zh,CN204473141U - 仿生机械鸟 - Google Patents
2026-07-26T08:09:06.029Z,https://patents.google.com/patent/CN204473141U/zh,CN204473141U - 仿生机械鸟 - Google Patents
2026-07-26T08:09:06.005Z,https://patents.google.com/patent/CN204473141U/zh,CN204473141U - 仿生机械鸟 - Google Patents
2026-07-26T08:09:05.996Z,https://patents.google.com/patent/CN204473141U/zh,CN204473141U - 仿生机械鸟 - Google Patents
2026-07-26T08:09:05.938Z,https://patents.google.com/patent/CN204473141U/zh,CN204473141U - 仿生机械鸟 - Google Patents
2026-07-26T08:09:05.932Z,https://patents.google.com/patent/CN204473141U/zh,CN204473141U - 仿生机械鸟 - Google Patents
2026-07-26T08:09:05.921Z,https://patents.google.com/patent/CN204473141U/zh,CN204473141U - 仿生机械鸟 - Google Patents
2026-07-26T08:09:05.904Z,https://patents.google.com/patent/CN204473141U/zh,CN204473141U - 仿生机械鸟 - Google Patents
2026-07-26T08:09:05.887Z,https://patents.google.com/patent/CN204473141U/zh,CN204473141U - 仿生机械鸟 - Google Patents
2026-07-26T08:09:05.870Z,https://patents.google.com/patent/CN204473141U/zh,CN204473141U - 仿生机械鸟 - Google Patents
2026-07-26T08:09:05.853Z,https://patents.google.com/patent/CN204473141U/zh,CN204473141U - 仿生机械鸟 - Google Patents
2026-07-26T08:09:05.837Z,https://patents.google.com/patent/CN204473141U/zh,CN204473141U - 仿生机械鸟 - Google Patents
2026-07-26T08:09:05.823Z,https://patents.google.com/patent/CN204473141U/zh,CN204473141U - 仿生机械鸟 - Google Patents
2026-07-26T08:09:05.813Z,https://patents.google.com/patent/CN204473141U/zh,CN204473141U - 仿生机械鸟 - Google Patents
2026-07-26T08:09:05.796Z,https://patents.google.com/patent/CN204473141U/zh,CN204473141U - 仿生机械鸟 - Google Patents
2026-07-26T08:09:05.789Z,https://patents.google.com/patent/CN204473141U/zh,CN204473141U - 仿生机械鸟 - Google Patents
2026-07-26T08:09:05.779Z,https://patents.google.com/patent/CN204473141U/zh,CN204473141U - 仿生机械鸟 - Google Patents
2026-07-26T08:09:05.763Z,https://patents.google.com/patent/CN204473141U/zh,CN204473141U - 仿生机械鸟 - Google Patents
2026-07-26T08:09:05.757Z,https://patents.google.com/patent/CN204473141U/zh,CN204473141U - 仿生机械鸟 - Google Patents
2026-07-26T08:09:05.748Z,https://patents.google.com/patent/CN204473141U/zh,CN204473141U - 仿生机械鸟 - Google Patents
2026-07-26T08:09:05.739Z,https://patents.google.com/patent/CN204473141U/zh,CN204473141U - 仿生机械鸟 - Google Patents
2026-07-26T08:09:05.730Z,https://patents.google.com/patent/CN204473141U/zh,CN204473141U - 仿生机械鸟 - Google Patents
2026-07-26T08:09:05.713Z,https://patents.google.com/patent/CN204473141U/zh,CN204473141U - 仿生机械鸟 - Google Patents
2026-07-26T08:09:05.696Z,https://patents.google.com/patent/CN204473141U/zh,CN204473141U - 仿生机械鸟 - Google Patents
2026-07-26T08:09:05.669Z,https://patents.google.com/patent/CN204473141U/zh,CN204473141U - 仿生机械鸟 - Google Patents
2026-07-26T08:09:05.656Z,https://patents.google.com/patent/CN204473141U/zh,CN204473141U - 仿生机械鸟 - Google Patents
2026-07-26T08:09:04.616Z,https://patents.google.com/patent/CN204473141U/zh,CN204473141U - 仿生机械鸟 - Google Patents
2026-07-26T08:09:04.599Z,https://patents.google.com/patent/CN204473141U/zh,CN204473141U - 仿生机械鸟 - Google Patents
2026-07-26T08:09:04.581Z,https://patents.google.com/patent/CN204473141U/zh,CN204473141U - 仿生机械鸟 - Google Patents
2026-07-26T08:09:04.566Z,https://patents.google.com/patent/CN204473141U/zh,CN204473141U - 仿生机械鸟 - Google Patents
2026-07-26T08:09:04.548Z,https://patents.google.com/patent/CN204473141U/zh,CN204473141U - 仿生机械鸟 - Google Patents
2026-07-26T08:09:04.534Z,https://patents.google.com/patent/CN204473141U/zh,CN204473141U - 仿生机械鸟 - Google Patents
2026-07-26T08:09:04.520Z,https://patents.google.com/patent/CN204473141U/zh,CN204473141U - 仿生机械鸟 - Google Patents
2026-07-26T08:09:04.502Z,https://patents.google.com/patent/CN204473141U/zh,CN204473141U - 仿生机械鸟 - Google Patents
2026-07-26T08:09:04.485Z,https://patents.google.com/patent/CN204473141U/zh,CN204473141U - 仿生机械鸟 - Google Patents
2026-07-26T08:09:04.468Z,https://patents.google.com/patent/CN204473141U/zh,CN204473141U - 仿生机械鸟 - Google Patents
2026-07-26T08:09:04.451Z,https://patents.google.com/patent/CN204473141U/zh,CN204473141U - 仿生机械鸟 - Google Patents
2026-07-26T08:09:04.435Z,https://patents.google.com/patent/CN204473141U/zh,CN204473141U - 仿生机械鸟 - Google Patents
2026-07-26T08:09:04.428Z,https://patents.google.com/patent/CN204473141U/zh,CN204473141U - 仿生机械鸟 - Google Patents
2026-07-26T08:09:04.412Z,https://patents.google.com/patent/CN204473141U/zh,CN204473141U - 仿生机械鸟 - Google Patents
2026-07-26T08:09:00.768Z,https://patents.google.com/patent/CN204473141U/zh,CN204473141U - 仿生机械鸟 - Google Patents
2026-07-26T08:09:00.750Z,https://patents.google.com/patent/CN204473141U/zh,CN204473141U - 仿生机械鸟 - Google Patents
2026-07-26T08:09:00.733Z,https://patents.google.com/patent/CN204473141U/zh,CN204473141U - 仿生机械鸟 - Google Patents
2026-07-26T08:09:00.718Z,https://patents.google.com/patent/CN204473141U/zh,CN204473141U - 仿生机械鸟 - Google Patents
2026-07-26T08:09:00.701Z,https://patents.google.com/patent/CN204473141U/zh,CN204473141U - 仿生机械鸟 - Google Patents
2026-07-26T08:09:00.684Z,https://patents.google.com/patent/CN204473141U/zh,CN204473141U - 仿生机械鸟 - Google Patents
2026-07-26T08:09:00.668Z,https://patents.google.com/patent/CN204473141U/zh,CN204473141U - 仿生机械鸟 - Google Patents
2026-07-26T08:09:00.652Z,https://patents.google.com/patent/CN204473141U/zh,CN204473141U - 仿生机械鸟 - Google Patents
2026-07-26T08:09:00.560Z,https://patents.google.com/patent/CN204473141U/zh,CN204473141U - 仿生机械鸟 - Google Patents
2026-07-26T08:09:00.542Z,https://patents.google.com/patent/CN204473141U/zh,CN204473141U - 仿生机械鸟 - Google Patents
2026-07-26T08:09:00.527Z,https://patents.google.com/patent/CN204473141U/zh,CN204473141U - 仿生机械鸟 - Google Patents
2026-07-26T08:09:00.509Z,https://patents.google.com/patent/CN204473141U/zh,CN204473141U - 仿生机械鸟 - Google Patents
2026-07-26T08:09:00.496Z,https://patents.google.com/patent/CN204473141U/zh,CN204473141U - 仿生机械鸟 - Google Patents
2026-07-26T08:09:00.476Z,https://patents.google.com/patent/CN204473141U/zh,CN204473141U - 仿生机械鸟 - Google Patents
2026-07-26T08:09:00.459Z,https://patents.google.com/patent/CN204473141U/zh,CN204473141U - 仿生机械鸟 - Google Patents
2026-07-26T08:09:00.443Z,https://patents.google.com/patent/CN204473141U/zh,CN204473141U - 仿生机械鸟 - Google Patents
2026-07-26T08:09:00.426Z,https://patents.google.com/patent/CN204473141U/zh,CN204473141U - 仿生机械鸟 - Google Patents
2026-07-26T08:09:00.409Z,https://patents.google.com/patent/CN204473141U/zh,CN204473141U - 仿生机械鸟 - Google Patents
2026-07-26T08:09:00.393Z,https://patents.google.com/patent/CN204473141U/zh,CN204473141U - 仿生机械鸟 - Google Patents
2026-07-26T08:09:00.382Z,https://patents.google.com/patent/CN204473141U/zh,CN204473141U - 仿生机械鸟 - Google Patents
2026-07-26T08:09:00.361Z,https://patents.google.com/patent/CN204473141U/zh,CN204473141U - 仿生机械鸟 - Google Patents
2026-07-26T08:09:00.344Z,https://patents.google.com/patent/CN204473141U/zh,CN204473141U - 仿生机械鸟 - Google Patents
2026-07-26T08:09:00.326Z,https://patents.google.com/patent/CN204473141U/zh,CN204473141U - 仿生机械鸟 - Google Patents
2026-07-26T08:09:00.313Z,https://patents.google.com/patent/CN204473141U/zh,CN204473141U - 仿生机械鸟 - Google Patents
2026-07-26T08:09:00.298Z,https://patents.google.com/patent/CN204473141U/zh,CN204473141U - 仿生机械鸟 - Google Patents
2026-07-26T08:09:00.290Z,https://patents.google.com/patent/CN204473141U/zh,CN204473141U - 仿生机械鸟 - Google Patents
2026-07-26T08:09:00.270Z,https://patents.google.com/patent/CN204473141U/zh,CN204473141U - 仿生机械鸟 - Google Patents
2026-07-26T08:08:55.123Z,https://patents.google.com/patent/CN204473141U/zh,CN204473141U - 仿生机械鸟 - Google Patents
2026-07-26T08:08:55.106Z,https://patents.google.com/patent/CN204473141U/zh,CN204473141U - 仿生机械鸟 - Google Patents
2026-07-26T08:08:55.089Z,https://patents.google.com/patent/CN204473141U/zh,CN204473141U - 仿生机械鸟 - Google Patents
2026-07-26T08:08:55.072Z,https://patents.google.com/patent/CN204473141U/zh,CN204473141U - 仿生机械鸟 - Google Patents
2026-07-26T08:08:55.056Z,https://patents.google.com/patent/CN204473141U/zh,CN204473141U - 仿生机械鸟 - Google Patents
2026-07-26T08:08:55.039Z,https://patents.google.com/patent/CN204473141U/zh,CN204473141U - 仿生机械鸟 - Google Patents
2026-07-26T08:08:55.022Z,https://patents.google.com/patent/CN204473141U/zh,CN204473141U - 仿生机械鸟 - Google Patents
2026-07-26T08:08:55.006Z,https://patents.google.com/patent/CN204473141U/zh,CN204473141U - 仿生机械鸟 - Google Patents
2026-07-26T08:08:54.990Z,https://patents.google.com/patent/CN204473141U/zh,CN204473141U - 仿生机械鸟 - Google Patents
2026-07-26T08:08:54.975Z,https://patents.google.com/patent/CN204473141U/zh,CN204473141U - 仿生机械鸟 - Google Patents
2026-07-26T08:08:54.965Z,https://patents.google.com/patent/CN204473141U/zh,CN204473141U - 仿生机械鸟 - Google Patents
2026-07-26T08:08:54.919Z,https://patents.google.com/patent/CN204473141U/zh,CN204473141U - 仿生机械鸟 - Google Patents
2026-07-26T08:08:54.909Z,https://patents.google.com/patent/CN204473141U/zh,CN204473141U - 仿生机械鸟 - Google Patents
2026-07-26T08:08:54.891Z,https://patents.google.com/patent/CN204473141U/zh,CN204473141U - 仿生机械鸟 - Google Patents
2026-07-26T08:08:54.874Z,https://patents.google.com/patent/CN204473141U/zh,CN204473141U - 仿生机械鸟 - Google Patents
2026-07-26T08:08:54.857Z,https://patents.google.com/patent/CN204473141U/zh,CN204473141U - 仿生机械鸟 - Google Patents
2026-07-26T08:08:54.840Z,https://patents.google.com/patent/CN204473141U/zh,CN204473141U - 仿生机械鸟 - Google Patents
2026-07-26T08:08:54.824Z,https://patents.google.com/patent/CN204473141U/zh,CN204473141U - 仿生机械鸟 - Google Patents
2026-07-26T08:08:54.808Z,https://patents.google.com/patent/CN204473141U/zh,CN204473141U - 仿生机械鸟 - Google Patents
2026-07-26T08:08:54.790Z,https://patents.google.com/patent/CN204473141U/zh,CN204473141U - 仿生机械鸟 - Google Patents
2026-07-26T08:08:54.774Z,https://patents.google.com/patent/CN204473141U/zh,CN204473141U - 仿生机械鸟 - Google Patents
2026-07-26T08:08:54.757Z,https://patents.google.com/patent/CN204473141U/zh,CN204473141U - 仿生机械鸟 - Google Patents
2026-07-26T08:08:54.743Z,https://patents.google.com/patent/CN204473141U/zh,CN204473141U - 仿生机械鸟 - Google Patents
2026-07-26T08:08:54.725Z,https://patents.google.com/patent/CN204473141U/zh,CN204473141U - 仿生机械鸟 - Google Patents
2026-07-26T08:08:53.726Z,https://patents.google.com/patent/CN204473141U/zh,CN204473141U - 仿生机械鸟 - Google Patents
2026-07-26T08:08:53.710Z,https://patents.google.com/patent/CN204473141U/zh,CN204473141U - 仿生机械鸟 - Google Patents
2026-07-26T08:08:53.693Z,https://patents.google.com/patent/CN204473141U/zh,CN204473141U - 仿生机械鸟 - Google Patents
2026-07-26T08:08:53.654Z,https://patents.google.com/patent/CN204473141U/zh,CN204473141U - 仿生机械鸟 - Google Patents
2026-07-26T08:08:53.360Z,https://patents.google.com/patent/CN204473141U/zh,CN204473141U - 仿生机械鸟 - Google Patents
2026-07-26T08:08:53.345Z,https://patents.google.com/patent/CN204473141U/zh,CN204473141U - 仿生机械鸟 - Google Patents
2026-07-26T08:08:53.327Z,https://patents.google.com/patent/CN204473141U/zh,CN204473141U - 仿生机械鸟 - Google Patents
2026-07-26T08:08:53.310Z,https://patents.google.com/patent/CN204473141U/zh,CN204473141U - 仿生机械鸟 - Google Patents
2026-07-26T08:08:53.293Z,https://patents.google.com/patent/CN204473141U/zh,CN204473141U - 仿生机械鸟 - Google Patents
2026-07-26T08:08:53.277Z,https://patents.google.com/patent/CN204473141U/zh,CN204473141U - 仿生机械鸟 - Google Patents
2026-07-26T08:08:53.260Z,https://patents.google.com/patent/CN204473141U/zh,CN204473141U - 仿生机械鸟 - Google Patents
2026-07-26T08:08:53.244Z,https://patents.google.com/patent/CN204473141U/zh,CN204473141U - 仿生机械鸟 - Google Patents
2026-07-26T08:08:53.227Z,https://patents.google.com/patent/CN204473141U/zh,CN204473141U - 仿生机械鸟 - Google Patents
2026-07-26T08:08:53.211Z,https://patents.google.com/patent/CN204473141U/zh,CN204473141U - 仿生机械鸟 - Google Patents
2026-07-26T08:08:53.194Z,https://patents.google.com/patent/CN204473141U/zh,CN204473141U - 仿生机械鸟 - Google Patents
2026-07-26T08:08:53.178Z,https://patents.google.com/patent/CN204473141U/zh,CN204473141U - 仿生机械鸟 - Google Patents
2026-07-26T08:08:53.163Z,https://patents.google.com/patent/CN204473141U/zh,CN204473141U - 仿生机械鸟 - Google Patents
2026-07-26T08:08:53.153Z,https://patents.google.com/patent/CN204473141U/zh,CN204473141U - 仿生机械鸟 - Google Patents
2026-07-26T08:08:52.903Z,https://patents.google.com/patent/CN204473141U/zh,CN204473141U - 仿生机械鸟 - Google Patents
2026-07-26T08:08:52.888Z,https://patents.google.com/patent/CN204473141U/zh,CN204473141U - 仿生机械鸟 - Google Patents
2026-07-26T08:08:52.871Z,https://patents.google.com/patent/CN204473141U/zh,CN204473141U - 仿生机械鸟 - Google Patents
2026-07-26T08:08:52.854Z,https://patents.google.com/patent/CN204473141U/zh,CN204473141U - 仿生机械鸟 - Google Patents
2026-07-26T08:08:52.838Z,https://patents.google.com/patent/CN204473141U/zh,CN204473141U - 仿生机械鸟 - Google Patents
2026-07-26T08:08:52.821Z,https://patents.google.com/patent/CN204473141U/zh,CN204473141U - 仿生机械鸟 - Google Patents
2026-07-26T08:08:52.813Z,https://patents.google.com/patent/CN204473141U/zh,CN204473141U - 仿生机械鸟 - Google Patents
2026-07-26T08:08:52.796Z,https://patents.google.com/patent/CN204473141U/zh,CN204473141U - 仿生机械鸟 - Google Patents
2026-07-26T08:08:52.780Z,https://patents.google.com/patent/CN204473141U/zh,CN204473141U - 仿生机械鸟 - Google Patents
2026-07-26T08:08:52.763Z,https://patents.google.com/patent/CN204473141U/zh,CN204473141U - 仿生机械鸟 - Google Patents
2026-07-26T08:08:52.746Z,https://patents.google.com/patent/CN204473141U/zh,CN204473141U - 仿生机械鸟 - Google Patents
2026-07-26T08:08:52.730Z,https://patents.google.com/patent/CN204473141U/zh,CN204473141U - 仿生机械鸟 - Google Patents
2026-07-26T08:08:52.713Z,https://patents.google.com/patent/CN204473141U/zh,CN204473141U - 仿生机械鸟 - Google Patents
2026-07-26T08:08:52.696Z,https://patents.google.com/patent/CN204473141U/zh,CN204473141U - 仿生机械鸟 - Google Patents
2026-07-26T08:08:52.679Z,https://patents.google.com/patent/CN204473141U/zh,CN204473141U - 仿生机械鸟 - Google Patents
2026-07-26T08:08:52.663Z,https://patents.google.com/patent/CN204473141U/zh,CN204473141U - 仿生机械鸟 - Google Patents
2026-07-26T08:08:52.647Z,https://patents.google.com/patent/CN204473141U/zh,CN204473141U - 仿生机械鸟 - Google Patents
2026-07-26T08:08:52.630Z,https://patents.google.com/patent/CN204473141U/zh,CN204473141U - 仿生机械鸟 - Google Patents
2026-07-26T08:08:52.615Z,https://patents.google.com/patent/CN204473141U/zh,CN204473141U - 仿生机械鸟 - Google Patents
2026-07-26T08:08:52.606Z,https://patents.google.com/patent/CN204473141U/zh,CN204473141U - 仿生机械鸟 - Google Patents
2026-07-26T08:08:52.405Z,https://patents.google.com/patent/CN204473141U/zh,CN204473141U - 仿生机械鸟 - Google Patents
2026-07-26T08:08:52.380Z,https://patents.google.com/patent/CN204473141U/zh,CN204473141U - 仿生机械鸟 - Google Patents
2026-07-26T08:08:52.363Z,https://patents.google.com/patent/CN204473141U/zh,CN204473141U - 仿生机械鸟 - Google Patents
2026-07-26T08:08:52.346Z,https://patents.google.com/patent/CN204473141U/zh,CN204473141U - 仿生机械鸟 - Google Patents
2026-07-26T08:08:52.330Z,https://patents.google.com/patent/CN204473141U/zh,CN204473141U - 仿生机械鸟 - Google Patents
2026-07-26T08:08:52.313Z,https://patents.google.com/patent/CN204473141U/zh,CN204473141U - 仿生机械鸟 - Google Patents
2026-07-26T08:08:52.297Z,https://patents.google.com/patent/CN204473141U/zh,CN204473141U - 仿生机械鸟 - Google Patents
2026-07-26T08:08:52.280Z,https://patents.google.com/patent/CN204473141U/zh,CN204473141U - 仿生机械鸟 - Google Patents
2026-07-26T08:08:52.263Z,https://patents.google.com/patent/CN204473141U/zh,CN204473141U - 仿生机械鸟 - Google Patents
2026-07-26T08:08:52.247Z,https://patents.google.com/patent/CN204473141U/zh,CN204473141U - 仿生机械鸟 - Google Patents
2026-07-26T08:08:52.230Z,https://patents.google.com/patent/CN204473141U/zh,CN204473141U - 仿生机械鸟 - Google Patents
2026-07-26T08:08:52.213Z,https://patents.google.com/patent/CN204473141U/zh,CN204473141U - 仿生机械鸟 - Google Patents
2026-07-26T08:08:52.197Z,https://patents.google.com/patent/CN204473141U/zh,CN204473141U - 仿生机械鸟 - Google Patents
2026-07-26T08:08:52.180Z,https://patents.google.com/patent/CN204473141U/zh,CN204473141U - 仿生机械鸟 - Google Patents
2026-07-26T08:08:52.164Z,https://patents.google.com/patent/CN204473141U/zh,CN204473141U - 仿生机械鸟 - Google Patents
2026-07-26T08:08:52.146Z,https://patents.google.com/patent/CN204473141U/zh,CN204473141U - 仿生机械鸟 - Google Patents
2026-07-26T08:08:52.130Z,https://patents.google.com/patent/CN204473141U/zh,CN204473141U - 仿生机械鸟 - Google Patents
2026-07-26T08:08:52.113Z,https://patents.google.com/patent/CN204473141U/zh,CN204473141U - 仿生机械鸟 - Google Patents
2026-07-26T08:08:52.097Z,https://patents.google.com/patent/CN204473141U/zh,CN204473141U - 仿生机械鸟 - Google Patents
2026-07-26T08:08:52.080Z,https://patents.google.com/patent/CN204473141U/zh,CN204473141U - 仿生机械鸟 - Google Patents
2026-07-26T08:08:52.064Z,https://patents.google.com/patent/CN204473141U/zh,CN204473141U - 仿生机械鸟 - Google Patents
2026-07-26T08:08:52.047Z,https://patents.google.com/patent/CN204473141U/zh,CN204473141U - 仿生机械鸟 - Google Patents
2026-07-26T08:08:52.031Z,https://patents.google.com/patent/CN204473141U/zh,CN204473141U - 仿生机械鸟 - Google Patents
2026-07-26T08:08:51.731Z,https://patents.google.com/patent/CN204473141U/zh,CN204473141U - 仿生机械鸟 - Google Patents
2026-07-26T08:08:51.714Z,https://patents.google.com/patent/CN204473141U/zh,CN204473141U - 仿生机械鸟 - Google Patents
2026-07-26T08:08:51.698Z,https://patents.google.com/patent/CN204473141U/zh,CN204473141U - 仿生机械鸟 - Google Patents
2026-07-26T08:08:51.681Z,https://patents.google.com/patent/CN204473141U/zh,CN204473141U - 仿生机械鸟 - Google Patents
2026-07-26T08:08:51.665Z,https://patents.google.com/patent/CN204473141U/zh,CN204473141U - 仿生机械鸟 - Google Patents
2026-07-26T08:08:51.648Z,https://patents.google.com/patent/CN204473141U/zh,CN204473141U - 仿生机械鸟 - Google Patents
2026-07-26T08:08:51.631Z,https://patents.google.com/patent/CN204473141U/zh,CN204473141U - 仿生机械鸟 - Google Patents
2026-07-26T08:08:51.615Z,https://patents.google.com/patent/CN204473141U/zh,CN204473141U - 仿生机械鸟 - Google Patents
2026-07-26T08:08:51.598Z,https://patents.google.com/patent/CN204473141U/zh,CN204473141U - 仿生机械鸟 - Google Patents
2026-07-26T08:08:51.582Z,https://patents.google.com/patent/CN204473141U/zh,CN204473141U - 仿生机械鸟 - Google Patents
2026-07-26T08:08:51.566Z,https://patents.google.com/patent/CN204473141U/zh,CN204473141U - 仿生机械鸟 - Google Patents
2026-07-26T08:08:51.549Z,https://patents.google.com/patent/CN204473141U/zh,CN204473141U - 仿生机械鸟 - Google Patents
2026-07-26T08:08:51.531Z,https://patents.google.com/patent/CN204473141U/zh,CN204473141U - 仿生机械鸟 - Google Patents
2026-07-26T08:08:51.515Z,https://patents.google.com/patent/CN204473141U/zh,CN204473141U - 仿生机械鸟 - Google Patents
2026-07-26T08:08:51.502Z,https://patents.google.com/patent/CN204473141U/zh,CN204473141U - 仿生机械鸟 - Google Patents
2026-07-26T08:08:51.493Z,https://patents.google.com/patent/CN204473141U/zh,CN204473141U - 仿生机械鸟 - Google Patents
2026-07-26T08:08:51.223Z,https://patents.google.com/patent/CN204473141U/zh,CN204473141U - 仿生机械鸟 - Google Patents
2026-07-26T08:08:51.207Z,https://patents.google.com/patent/CN204473141U/zh,CN204473141U - 仿生机械鸟 - Google Patents
2026-07-26T08:08:51.190Z,https://patents.google.com/patent/CN204473141U/zh,CN204473141U - 仿生机械鸟 - Google Patents
2026-07-26T08:08:51.173Z,https://patents.google.com/patent/CN204473141U/zh,CN204473141U - 仿生机械鸟 - Google Patents
2026-07-26T08:08:51.157Z,https://patents.google.com/patent/CN204473141U/zh,CN204473141U - 仿生机械鸟 - Google Patents
2026-07-26T08:08:51.140Z,https://patents.google.com/patent/CN204473141U/zh,CN204473141U - 仿生机械鸟 - Google Patents
2026-07-26T08:08:51.124Z,https://patents.google.com/patent/CN204473141U/zh,CN204473141U - 仿生机械鸟 - Google Patents
2026-07-26T08:08:51.107Z,https://patents.google.com/patent/CN204473141U/zh,CN204473141U - 仿生机械鸟 - Google Patents
2026-07-26T08:08:51.091Z,https://patents.google.com/patent/CN204473141U/zh,CN204473141U - 仿生机械鸟 - Google Patents
2026-07-26T08:08:51.083Z,https://patents.google.com/patent/CN204473141U/zh,CN204473141U - 仿生机械鸟 - Google Patents
2026-07-26T08:08:51.074Z,https://patents.google.com/patent/CN204473141U/zh,CN204473141U - 仿生机械鸟 - Google Patents
2026-07-26T08:08:51.058Z,https://patents.google.com/patent/CN204473141U/zh,CN204473141U - 仿生机械鸟 - Google Patents
2026-07-26T08:08:51.041Z,https://patents.google.com/patent/CN204473141U/zh,CN204473141U - 仿生机械鸟 - Google Patents
2026-07-26T08:08:51.024Z,https://patents.google.com/patent/CN204473141U/zh,CN204473141U - 仿生机械鸟 - Google Patents
2026-07-26T08:08:51.007Z,https://patents.google.com/patent/CN204473141U/zh,CN204473141U - 仿生机械鸟 - Google Patents
2026-07-26T08:08:50.999Z,https://patents.google.com/patent/CN204473141U/zh,CN204473141U - 仿生机械鸟 - Google Patents
2026-07-26T08:08:50.982Z,https://patents.google.com/patent/CN204473141U/zh,CN204473141U - 仿生机械鸟 - Google Patents
2026-07-26T08:08:50.966Z,https://patents.google.com/patent/CN204473141U/zh,CN204473141U - 仿生机械鸟 - Google Patents
2026-07-26T08:08:50.949Z,https://patents.google.com/patent/CN204473141U/zh,CN204473141U - 仿生机械鸟 - Google Patents
2026-07-26T08:08:50.932Z,https://patents.google.com/patent/CN204473141U/zh,CN204473141U - 仿生机械鸟 - Google Patents
2026-07-26T08:08:50.916Z,https://patents.google.com/patent/CN204473141U/zh,CN204473141U - 仿生机械鸟 - Google Patents
2026-07-26T08:08:50.899Z,https://patents.google.com/patent/CN204473141U/zh,CN204473141U - 仿生机械鸟 - Google Patents
2026-07-26T08:08:50.883Z,https://patents.google.com/patent/CN204473141U/zh,CN204473141U - 仿生机械鸟 - Google Patents
2026-07-26T08:08:50.866Z,https://patents.google.com/patent/CN204473141U/zh,CN204473141U - 仿生机械鸟 - Google Patents
2026-07-26T08:08:50.850Z,https://patents.google.com/patent/CN204473141U/zh,CN204473141U - 仿生机械鸟 - Google Patents
2026-07-26T08:08:50.833Z,https://patents.google.com/patent/CN204473141U/zh,CN204473141U - 仿生机械鸟 - Google Patents
2026-07-26T08:08:50.825Z,https://patents.google.com/patent/CN204473141U/zh,CN204473141U - 仿生机械鸟 - Google Patents
2026-07-26T08:08:50.804Z,https://patents.google.com/patent/CN204473141U/zh,CN204473141U - 仿生机械鸟 - Google Patents
2026-07-26T08:08:50.793Z,https://patents.google.com/patent/CN204473141U/zh,CN204473141U - 仿生机械鸟 - Google Patents
2026-07-26T08:08:50.783Z,https://patents.google.com/patent/CN204473141U/zh,CN204473141U - 仿生机械鸟 - Google Patents
2026-07-26T08:08:46.787Z,https://patents.google.com/patent/CN204473141U/zh,CN204473141U - 仿生机械鸟 - Google Patents
2026-07-26T08:08:46.769Z,https://patents.google.com/patent/CN204473141U/zh,CN204473141U - 仿生机械鸟 - Google Patents
2026-07-26T08:08:46.754Z,https://patents.google.com/patent/CN204473141U/zh,CN204473141U - 仿生机械鸟 - Google Patents
2026-07-26T08:08:46.735Z,https://patents.google.com/patent/CN204473141U/zh,CN204473141U - 仿生机械鸟 - Google Patents
2026-07-26T08:08:46.720Z,https://patents.google.com/patent/CN204473141U/zh,CN204473141U - 仿生机械鸟 - Google Patents
2026-07-26T08:08:46.702Z,https://patents.google.com/patent/CN204473141U/zh,CN204473141U - 仿生机械鸟 - Google Patents
2026-07-26T08:08:46.686Z,https://patents.google.com/patent/CN204473141U/zh,CN204473141U - 仿生机械鸟 - Google Patents
2026-07-26T08:08:46.670Z,https://patents.google.com/patent/CN204473141U/zh,CN204473141U - 仿生机械鸟 - Google Patents
2026-07-26T08:08:46.652Z,https://patents.google.com/patent/CN204473141U/zh,CN204473141U - 仿生机械鸟 - Google Patents
2026-07-26T08:08:46.638Z,https://patents.google.com/patent/CN204473141U/zh,CN204473141U - 仿生机械鸟 - Google Patents
2026-07-26T08:08:46.613Z,https://patents.google.com/patent/CN204473141U/zh,CN204473141U - 仿生机械鸟 - Google Patents
2026-07-26T08:08:46.603Z,https://patents.google.com/patent/CN204473141U/zh,CN204473141U - 仿生机械鸟 - Google Patents
2026-07-26T08:08:46.013Z,https://patents.google.com/patent/CN204473141U/zh,CN204473141U - 仿生机械鸟 - Google Patents
2026-07-26T08:08:45.996Z,https://patents.google.com/patent/CN204473141U/zh,CN204473141U - 仿生机械鸟 - Google Patents
2026-07-26T08:08:45.897Z,https://patents.google.com/patent/CN204473141U/zh,CN204473141U - 仿生机械鸟 - Google Patents
2026-07-26T08:08:45.879Z,https://patents.google.com/patent/CN204473141U/zh,CN204473141U - 仿生机械鸟 - Google Patents
2026-07-26T08:08:45.863Z,https://patents.google.com/patent/CN204473141U/zh,CN204473141U - 仿生机械鸟 - Google Patents
2026-07-26T08:08:45.846Z,https://patents.google.com/patent/CN204473141U/zh,CN204473141U - 仿生机械鸟 - Google Patents
2026-07-26T08:08:45.830Z,https://patents.google.com/patent/CN204473141U/zh,CN204473141U - 仿生机械鸟 - Google Patents
2026-07-26T08:08:45.814Z,https://patents.google.com/patent/CN204473141U/zh,CN204473141U - 仿生机械鸟 - Google Patents
2026-07-26T08:08:45.798Z,https://patents.google.com/patent/CN204473141U/zh,CN204473141U - 仿生机械鸟 - Google Patents
2026-07-26T08:08:45.780Z,https://patents.google.com/patent/CN204473141U/zh,CN204473141U - 仿生机械鸟 - Google Patents
2026-07-26T08:08:45.764Z,https://patents.google.com/patent/CN204473141U/zh,CN204473141U - 仿生机械鸟 - Google Patents
2026-07-26T08:08:45.746Z,https://patents.google.com/patent/CN204473141U/zh,CN204473141U - 仿生机械鸟 - Google Patents
2026-07-26T08:08:45.731Z,https://patents.google.com/patent/CN204473141U/zh,CN204473141U - 仿生机械鸟 - Google Patents
2026-07-26T08:08:45.714Z,https://patents.google.com/patent/CN204473141U/zh,CN204473141U - 仿生机械鸟 - Google Patents
2026-07-26T08:08:45.696Z,https://patents.google.com/patent/CN204473141U/zh,CN204473141U - 仿生机械鸟 - Google Patents
2026-07-26T08:08:45.681Z,https://patents.google.com/patent/CN204473141U/zh,CN204473141U - 仿生机械鸟 - Google Patents
2026-07-26T08:08:45.666Z,https://patents.google.com/patent/CN204473141U/zh,CN204473141U - 仿生机械鸟 - Google Patents
2026-07-26T08:08:45.657Z,https://patents.google.com/patent/CN204473141U/zh,CN204473141U - 仿生机械鸟 - Google Patents
2026-07-26T08:08:35.681Z,https://patents.google.com/patent/CN204473141U/zh,CN204473141U - 仿生机械鸟 - Google Patents
2026-07-26T08:08:35.614Z,https://patents.google.com/patent/CN204473141U/zh,CN204473141U - 仿生机械鸟 - Google Patents
2026-07-26T08:08:35.551Z,https://patents.google.com/patent/CN204473141U/zh,CN204473141U - 仿生机械鸟 - Google Patents
2026-07-26T08:08:35.242Z,https://patents.google.com/patent/CN204473141U/zh,CN204473141U - 仿生机械鸟 - Google Patents
2026-07-26T08:08:34.517Z,https://patents.google.com/patent/CN204473141U/zh,CN204473141U - 仿生机械鸟 - Google Patents
2026-07-26T08:08:34.408Z,https://patents.google.com/patent/CN204473141U/zh,CN204473141U - 仿生机械鸟 - Google Patents
2026-07-26T08:08:34.333Z,https://patents.google.com/patent/CN204473141U/zh,CN204473141U - 仿生机械鸟 - Google Patents
2026-07-26T08:08:34.267Z,https://patents.google.com/patent/CN204473141U/zh,CN204473141U - 仿生机械鸟 - Google Patents
2026-07-26T08:08:34.217Z,https://patents.google.com/patent/CN204473141U/zh,CN204473141U - 仿生机械鸟 - Google Patents
2026-07-26T08:08:34.175Z,https://patents.google.com/patent/CN204473141U/zh,CN204473141U - 仿生机械鸟 - Google Patents
2026-07-26T08:08:34.125Z,https://patents.google.com/patent/CN204473141U/zh,CN204473141U - 仿生机械鸟 - Google Patents
2026-07-26T08:08:34.109Z,https://patents.google.com/patent/CN204473141U/zh,CN204473141U - 仿生机械鸟 - Google Patents
2026-07-26T08:08:34.092Z,https://patents.google.com/patent/CN204473141U/zh,CN204473141U - 仿生机械鸟 - Google Patents
2026-07-26T08:08:34.058Z,https://patents.google.com/patent/CN204473141U/zh,CN204473141U - 仿生机械鸟 - Google Patents
2026-07-26T08:08:34.042Z,https://patents.google.com/patent/CN204473141U/zh,CN204473141U - 仿生机械鸟 - Google Patents
2026-07-26T08:08:34.026Z,https://patents.google.com/patent/CN204473141U/zh,CN204473141U - 仿生机械鸟 - Google Patents
2026-07-26T08:08:34.010Z,https://patents.google.com/patent/CN204473141U/zh,CN204473141U - 仿生机械鸟 - Google Patents
2026-07-26T08:08:33.986Z,https://patents.google.com/patent/CN204473141U/zh,CN204473141U - 仿生机械鸟 - Google Patents
2026-07-26T08:08:33.968Z,https://patents.google.com/patent/CN204473141U/zh,CN204473141U - 仿生机械鸟 - Google Patents
2026-07-26T08:08:33.951Z,https://patents.google.com/patent/CN204473141U/zh,CN204473141U - 仿生机械鸟 - Google Patents
2026-07-26T08:08:33.934Z,https://patents.google.com/patent/CN204473141U/zh,CN204473141U - 仿生机械鸟 - Google Patents
2026-07-26T08:08:33.917Z,https://patents.google.com/patent/CN204473141U/zh,CN204473141U - 仿生机械鸟 - Google Patents
2026-07-26T08:08:33.885Z,https://patents.google.com/patent/CN204473141U/zh,CN204473141U - 仿生机械鸟 - Google Patents
2026-07-26T08:08:33.868Z,https://patents.google.com/patent/CN204473141U/zh,CN204473141U - 仿生机械鸟 - Google Patents
2026-07-26T08:08:33.835Z,https://patents.google.com/patent/CN204473141U/zh,CN204473141U - 仿生机械鸟 - Google Patents
2026-07-26T08:08:33.801Z,https://patents.google.com/patent/CN204473141U/zh,CN204473141U - 仿生机械鸟 - Google Patents
2026-07-26T08:08:33.760Z,https://patents.google.com/patent/CN204473141U/zh,CN204473141U - 仿生机械鸟 - Google Patents
2026-07-26T08:08:33.743Z,https://patents.google.com/patent/CN204473141U/zh,CN204473141U - 仿生机械鸟 - Google Patents
2026-07-26T08:08:33.710Z,https://patents.google.com/patent/CN204473141U/zh,CN204473141U - 仿生机械鸟 - Google Patents
2026-07-26T08:08:33.694Z,https://patents.google.com/patent/CN204473141U/zh,CN204473141U - 仿生机械鸟 - Google Patents
2026-07-26T08:08:33.660Z,https://patents.google.com/patent/CN204473141U/zh,CN204473141U - 仿生机械鸟 - Google Patents
2026-07-26T08:08:33.627Z,https://patents.google.com/patent/CN204473141U/zh,CN204473141U - 仿生机械鸟 - Google Patents
2026-07-26T08:08:33.594Z,https://patents.google.com/patent/CN204473141U/zh,CN204473141U - 仿生机械鸟 - Google Patents
2026-07-26T08:08:33.569Z,https://patents.google.com/patent/CN204473141U/zh,CN204473141U - 仿生机械鸟 - Google Patents
2026-07-26T08:08:33.535Z,https://patents.google.com/patent/CN204473141U/zh,CN204473141U - 仿生机械鸟 - Google Patents
2026-07-26T08:08:33.502Z,https://patents.google.com/patent/CN204473141U/zh,CN204473141U - 仿生机械鸟 - Google Patents
2026-07-26T08:08:33.469Z,https://patents.google.com/patent/CN204473141U/zh,CN204473141U - 仿生机械鸟 - Google Patents
2026-07-26T08:08:33.452Z,https://patents.google.com/patent/CN204473141U/zh,CN204473141U - 仿生机械鸟 - Google Patents
2026-07-26T08:08:33.436Z,https://patents.google.com/patent/CN204473141U/zh,CN204473141U - 仿生机械鸟 - Google Patents
2026-07-26T08:08:33.418Z,https://patents.google.com/patent/CN204473141U/zh,CN204473141U - 仿生机械鸟 - Google Patents
2026-07-26T08:08:33.403Z,https://patents.google.com/patent/CN204473141U/zh,CN204473141U - 仿生机械鸟 - Google Patents
2026-07-26T08:08:33.385Z,https://patents.google.com/patent/CN204473141U/zh,CN204473141U - 仿生机械鸟 - Google Patents
2026-07-26T08:08:33.371Z,https://patents.google.com/patent/CN204473141U/zh,CN204473141U - 仿生机械鸟 - Google Patents
2026-07-26T08:08:33.361Z,https://patents.google.com/patent/CN204473141U/zh,CN204473141U - 仿生机械鸟 - Google Patents
2026-07-26T08:08:33.345Z,https://patents.google.com/patent/CN204473141U/zh,CN204473141U - 仿生机械鸟 - Google Patents
2026-07-26T08:08:33.328Z,https://patents.google.com/patent/CN204473141U/zh,CN204473141U - 仿生机械鸟 - Google Patents
2026-07-26T08:08:33.310Z,https://patents.google.com/patent/CN204473141U/zh,CN204473141U - 仿生机械鸟 - Google Patents
2026-07-26T08:08:33.294Z,https://patents.google.com/patent/CN204473141U/zh,CN204473141U - 仿生机械鸟 - Google Patents
2026-07-26T08:08:33.278Z,https://patents.google.com/patent/CN204473141U/zh,CN204473141U - 仿生机械鸟 - Google Patents
2026-07-26T08:08:33.261Z,https://patents.google.com/patent/CN204473141U/zh,CN204473141U - 仿生机械鸟 - Google Patents
2026-07-26T08:08:33.244Z,https://patents.google.com/patent/CN204473141U/zh,CN204473141U - 仿生机械鸟 - Google Patents
2026-07-26T08:08:33.228Z,https://patents.google.com/patent/CN204473141U/zh,CN204473141U - 仿生机械鸟 - Google Patents
2026-07-26T08:08:33.211Z,https://patents.google.com/patent/CN204473141U/zh,CN204473141U - 仿生机械鸟 - Google Patents
2026-07-26T08:08:33.195Z,https://patents.google.com/patent/CN204473141U/zh,CN204473141U - 仿生机械鸟 - Google Patents
2026-07-26T08:08:33.177Z,https://patents.google.com/patent/CN204473141U/zh,CN204473141U - 仿生机械鸟 - Google Patents
2026-07-26T08:08:33.137Z,https://patents.google.com/patent/CN204473141U/zh,CN204473141U - 仿生机械鸟 - Google Patents
2026-07-26T08:08:32.936Z,https://patents.google.com/patent/CN204473141U/zh,CN204473141U - 仿生机械鸟 - Google Patents
2026-07-26T08:08:32.920Z,https://patents.google.com/patent/CN204473141U/zh,CN204473141U - 仿生机械鸟 - Google Patents
2026-07-26T08:08:32.904Z,https://patents.google.com/patent/CN204473141U/zh,CN204473141U - 仿生机械鸟 - Google Patents
2026-07-26T08:08:32.886Z,https://patents.google.com/patent/CN204473141U/zh,CN204473141U - 仿生机械鸟 - Google Patents
2026-07-26T08:08:32.870Z,https://patents.google.com/patent/CN204473141U/zh,CN204473141U - 仿生机械鸟 - Google Patents
2026-07-26T08:08:32.853Z,https://patents.google.com/patent/CN204473141U/zh,CN204473141U - 仿生机械鸟 - Google Patents
2026-07-26T08:08:32.837Z,https://patents.google.com/patent/CN204473141U/zh,CN204473141U - 仿生机械鸟 - Google Patents
2026-07-26T08:08:32.821Z,https://patents.google.com/patent/CN204473141U/zh,CN204473141U - 仿生机械鸟 - Google Patents
2026-07-26T08:08:32.803Z,https://patents.google.com/patent/CN204473141U/zh,CN204473141U - 仿生机械鸟 - Google Patents
2026-07-26T08:08:32.787Z,https://patents.google.com/patent/CN204473141U/zh,CN204473141U - 仿生机械鸟 - Google Patents
2026-07-26T08:08:32.770Z,https://patents.google.com/patent/CN204473141U/zh,CN204473141U - 仿生机械鸟 - Google Patents
2026-07-26T08:08:32.754Z,https://patents.google.com/patent/CN204473141U/zh,CN204473141U - 仿生机械鸟 - Google Patents
2026-07-26T08:08:32.745Z,https://patents.google.com/patent/CN204473141U/zh,CN204473141U - 仿生机械鸟 - Google Patents
2026-07-26T08:08:32.732Z,https://patents.google.com/patent/CN204473141U/zh,CN204473141U - 仿生机械鸟 - Google Patents
2026-07-26T08:08:32.470Z,https://patents.google.com/patent/CN204473141U/zh,CN204473141U - 仿生机械鸟 - Google Patents
2026-07-26T08:08:32.454Z,https://patents.google.com/patent/CN204473141U/zh,CN204473141U - 仿生机械鸟 - Google Patents
2026-07-26T08:08:32.438Z,https://patents.google.com/patent/CN204473141U/zh,CN204473141U - 仿生机械鸟 - Google Patents
2026-07-26T08:08:32.421Z,https://patents.google.com/patent/CN204473141U/zh,CN204473141U - 仿生机械鸟 - Google Patents
2026-07-26T08:08:32.404Z,https://patents.google.com/patent/CN204473141U/zh,CN204473141U - 仿生机械鸟 - Google Patents
2026-07-26T08:08:32.387Z,https://patents.google.com/patent/CN204473141U/zh,CN204473141U - 仿生机械鸟 - Google Patents
2026-07-26T08:08:32.371Z,https://patents.google.com/patent/CN204473141U/zh,CN204473141U - 仿生机械鸟 - Google Patents
2026-07-26T08:08:32.355Z,https://patents.google.com/patent/CN204473141U/zh,CN204473141U - 仿生机械鸟 - Google Patents
2026-07-26T08:08:32.338Z,https://patents.google.com/patent/CN204473141U/zh,CN204473141U - 仿生机械鸟 - Google Patents
2026-07-26T08:08:32.320Z,https://patents.google.com/patent/CN204473141U/zh,CN204473141U - 仿生机械鸟 - Google Patents
2026-07-26T08:08:32.305Z,https://patents.google.com/patent/CN204473141U/zh,CN204473141U - 仿生机械鸟 - Google Patents
2026-07-26T08:08:32.288Z,https://patents.google.com/patent/CN204473141U/zh,CN204473141U - 仿生机械鸟 - Google Patents
2026-07-26T08:08:32.271Z,https://patents.google.com/patent/CN204473141U/zh,CN204473141U - 仿生机械鸟 - Google Patents
2026-07-26T08:08:32.255Z,https://patents.google.com/patent/CN204473141U/zh,CN204473141U - 仿生机械鸟 - Google Patents
2026-07-26T08:08:32.238Z,https://patents.google.com/patent/CN204473141U/zh,CN204473141U - 仿生机械鸟 - Google Patents
2026-07-26T08:08:32.221Z,https://patents.google.com/patent/CN204473141U/zh,CN204473141U - 仿生机械鸟 - Google Patents
2026-07-26T08:08:32.206Z,https://patents.google.com/patent/CN204473141U/zh,CN204473141U - 仿生机械鸟 - Google Patents
2026-07-26T08:08:32.188Z,https://patents.google.com/patent/CN204473141U/zh,CN204473141U - 仿生机械鸟 - Google Patents
2026-07-26T08:08:32.174Z,https://patents.google.com/patent/CN204473141U/zh,CN204473141U - 仿生机械鸟 - Google Patents
2026-07-26T08:08:32.165Z,https://patents.google.com/patent/CN204473141U/zh,CN204473141U - 仿生机械鸟 - Google Patents
2026-07-26T08:08:28.290Z,https://patents.google.com/patent/CN204473141U/zh,CN204473141U - 仿生机械鸟 - Google Patents
2026-07-26T08:08:28.248Z,https://patents.google.com/patent/CN204473141U/zh,CN204473141U - 仿生机械鸟 - Google Patents
2026-07-26T08:08:28.216Z,https://patents.google.com/patent/CN204473141U/zh,CN204473141U - 仿生机械鸟 - Google Patents
2026-07-26T08:08:28.199Z,https://patents.google.com/patent/CN204473141U/zh,CN204473141U - 仿生机械鸟 - Google Patents
2026-07-26T08:08:28.183Z,https://patents.google.com/patent/CN204473141U/zh,CN204473141U - 仿生机械鸟 - Google Patents
2026-07-26T08:08:28.167Z,https://patents.google.com/patent/CN204473141U/zh,CN204473141U - 仿生机械鸟 - Google Patents
2026-07-26T08:08:28.149Z,https://patents.google.com/patent/CN204473141U/zh,CN204473141U - 仿生机械鸟 - Google Patents
2026-07-26T08:08:28.133Z,https://patents.google.com/patent/CN204473141U/zh,CN204473141U - 仿生机械鸟 - Google Patents
2026-07-26T08:08:28.116Z,https://patents.google.com/patent/CN204473141U/zh,CN204473141U - 仿生机械鸟 - Google Patents
2026-07-26T08:08:28.100Z,https://patents.google.com/patent/CN204473141U/zh,CN204473141U - 仿生机械鸟 - Google Patents
2026-07-26T08:08:28.084Z,https://patents.google.com/patent/CN204473141U/zh,CN204473141U - 仿生机械鸟 - Google Patents
2026-07-26T08:08:28.069Z,https://patents.google.com/patent/CN204473141U/zh,CN204473141U - 仿生机械鸟 - Google Patents
2026-07-26T08:08:28.059Z,https://patents.google.com/patent/CN204473141U/zh,CN204473141U - 仿生机械鸟 - Google Patents
2026-07-26T08:08:24.167Z,https://patents.google.com/patent/CN204473141U/zh,CN204473141U - 仿生机械鸟 - Google Patents
2026-07-26T08:08:24.150Z,https://patents.google.com/patent/CN204473141U/zh,CN204473141U - 仿生机械鸟 - Google Patents
2026-07-26T08:08:24.134Z,https://patents.google.com/patent/CN204473141U/zh,CN204473141U - 仿生机械鸟 - Google Patents
2026-07-26T08:08:24.117Z,https://patents.google.com/patent/CN204473141U/zh,CN204473141U - 仿生机械鸟 - Google Patents
2026-07-26T08:08:24.101Z,https://patents.google.com/patent/CN204473141U/zh,CN204473141U - 仿生机械鸟 - Google Patents
2026-07-26T08:08:24.084Z,https://patents.google.com/patent/CN204473141U/zh,CN204473141U - 仿生机械鸟 - Google Patents
2026-07-26T08:08:24.068Z,https://patents.google.com/patent/CN204473141U/zh,CN204473141U - 仿生机械鸟 - Google Patents
2026-07-26T08:08:24.050Z,https://patents.google.com/patent/CN204473141U/zh,CN204473141U - 仿生机械鸟 - Google Patents
2026-07-26T08:08:24.033Z,https://patents.google.com/patent/CN204473141U/zh,CN204473141U - 仿生机械鸟 - Google Patents
2026-07-26T08:08:24.017Z,https://patents.google.com/patent/CN204473141U/zh,CN204473141U - 仿生机械鸟 - Google Patents
2026-07-26T08:08:24.001Z,https://patents.google.com/patent/CN204473141U/zh,CN204473141U - 仿生机械鸟 - Google Patents
2026-07-26T08:08:23.988Z,https://patents.google.com/patent/CN204473141U/zh,CN204473141U - 仿生机械鸟 - Google Patents
2026-07-26T08:08:23.977Z,https://patents.google.com/patent/CN204473141U/zh,CN204473141U - 仿生机械鸟 - Google Patents
2026-07-26T08:08:23.961Z,https://patents.google.com/patent/CN204473141U/zh,CN204473141U - 仿生机械鸟 - Google Patents
2026-07-26T08:08:23.394Z,https://patents.google.com/patent/CN204473141U/zh,CN204473141U - 仿生机械鸟 - Google Patents
2026-07-26T08:08:23.378Z,https://patents.google.com/patent/CN204473141U/zh,CN204473141U - 仿生机械鸟 - Google Patents
2026-07-26T08:08:23.360Z,https://patents.google.com/patent/CN204473141U/zh,CN204473141U - 仿生机械鸟 - Google Patents
2026-07-26T08:08:23.344Z,https://patents.google.com/patent/CN204473141U/zh,CN204473141U - 仿生机械鸟 - Google Patents
2026-07-26T08:08:23.328Z,https://patents.google.com/patent/CN204473141U/zh,CN204473141U - 仿生机械鸟 - Google Patents
2026-07-26T08:08:23.311Z,https://patents.google.com/patent/CN204473141U/zh,CN204473141U - 仿生机械鸟 - Google Patents
2026-07-26T08:08:23.294Z,https://patents.google.com/patent/CN204473141U/zh,CN204473141U - 仿生机械鸟 - Google Patents
2026-07-26T08:08:23.278Z,https://patents.google.com/patent/CN204473141U/zh,CN204473141U - 仿生机械鸟 - Google Patents
2026-07-26T08:08:23.261Z,https://patents.google.com/patent/CN204473141U/zh,CN204473141U - 仿生机械鸟 - Google Patents
2026-07-26T08:08:23.245Z,https://patents.google.com/patent/CN204473141U/zh,CN204473141U - 仿生机械鸟 - Google Patents
2026-07-26T08:08:22.945Z,https://patents.google.com/patent/CN204473141U/zh,CN204473141U - 仿生机械鸟 - Google Patents
2026-07-26T08:08:22.928Z,https://patents.google.com/patent/CN204473141U/zh,CN204473141U - 仿生机械鸟 - Google Patents
2026-07-26T08:08:22.912Z,https://patents.google.com/patent/CN204473141U/zh,CN204473141U - 仿生机械鸟 - Google Patents
2026-07-26T08:08:22.904Z,https://patents.google.com/patent/CN204473141U/zh,CN204473141U - 仿生机械鸟 - Google Patents
2026-07-26T08:08:22.889Z,https://patents.google.com/patent/CN204473141U/zh,CN204473141U - 仿生机械鸟 - Google Patents
2026-07-26T08:08:22.871Z,https://patents.google.com/patent/CN204473141U/zh,CN204473141U - 仿生机械鸟 - Google Patents
2026-07-26T08:08:22.854Z,https://patents.google.com/patent/CN204473141U/zh,CN204473141U - 仿生机械鸟 - Google Patents
2026-07-26T08:08:22.838Z,https://patents.google.com/patent/CN204473141U/zh,CN204473141U - 仿生机械鸟 - Google Patents
2026-07-26T08:08:22.821Z,https://patents.google.com/patent/CN204473141U/zh,CN204473141U - 仿生机械鸟 - Google Patents
2026-07-26T08:08:22.805Z,https://patents.google.com/patent/CN204473141U/zh,CN204473141U - 仿生机械鸟 - Google Patents
2026-07-26T08:08:22.787Z,https://patents.google.com/patent/CN204473141U/zh,CN204473141U - 仿生机械鸟 - Google Patents
2026-07-26T08:08:22.771Z,https://patents.google.com/patent/CN204473141U/zh,CN204473141U - 仿生机械鸟 - Google Patents
2026-07-26T08:08:22.755Z,https://patents.google.com/patent/CN204473141U/zh,CN204473141U - 仿生机械鸟 - Google Patents
2026-07-26T08:08:22.737Z,https://patents.google.com/patent/CN204473141U/zh,CN204473141U - 仿生机械鸟 - Google Patents
2026-07-26T08:08:22.724Z,https://patents.google.com/patent/CN204473141U/zh,CN204473141U - 仿生机械鸟 - Google Patents
2026-07-26T08:08:22.705Z,https://patents.google.com/patent/CN204473141U/zh,CN204473141U - 仿生机械鸟 - Google Patents
2026-07-26T08:08:22.688Z,https://patents.google.com/patent/CN204473141U/zh,CN204473141U - 仿生机械鸟 - Google Patents
2026-07-26T08:08:17.284Z,https://patents.google.com/patent/CN204473141U/zh,CN204473141U - 仿生机械鸟 - Google Patents
2026-07-26T08:08:17.243Z,https://patents.google.com/patent/CN204473141U/zh,CN204473141U - 仿生机械鸟 - Google Patents
2026-07-26T08:08:17.177Z,https://patents.google.com/patent/CN204473141U/zh,CN204473141U - 仿生机械鸟 - Google Patents
2026-07-26T08:08:17.161Z,https://patents.google.com/patent/CN204473141U/zh,CN204473141U - 仿生机械鸟 - Google Patents
2026-07-26T08:08:16.270Z,https://patents.google.com/patent/CN204473141U/zh,CN204473141U - 仿生机械鸟 - Google Patents
2026-07-26T08:08:16.253Z,https://patents.google.com/patent/CN204473141U/zh,CN204473141U - 仿生机械鸟 - Google Patents
2026-07-26T08:08:16.236Z,https://patents.google.com/patent/CN204473141U/zh,CN204473141U - 仿生机械鸟 - Google Patents
2026-07-26T08:08:16.220Z,https://patents.google.com/patent/CN204473141U/zh,CN204473141U - 仿生机械鸟 - Google Patents
2026-07-26T08:08:16.203Z,https://patents.google.com/patent/CN204473141U/zh,CN204473141U - 仿生机械鸟 - Google Patents
2026-07-26T08:08:16.171Z,https://patents.google.com/patent/CN204473141U/zh,CN204473141U - 仿生机械鸟 - Google Patents
2026-07-26T08:08:16.155Z,https://patents.google.com/patent/CN204473141U/zh,CN204473141U - 仿生机械鸟 - Google Patents
2026-07-26T08:08:16.140Z,https://patents.google.com/patent/CN204473141U/zh,CN204473141U - 仿生机械鸟 - Google Patents
2026-07-26T08:08:15.148Z,https://patents.google.com/patent/CN204473141U/zh,CN204473141U - 仿生机械鸟 - Google Patents
2026-07-26T08:08:15.098Z,https://patents.google.com/patent/CN204473141U/zh,CN204473141U - 仿生机械鸟 - Google Patents
2026-07-26T08:08:15.081Z,https://patents.google.com/patent/CN204473141U/zh,CN204473141U - 仿生机械鸟 - Google Patents
2026-07-26T08:08:15.065Z,https://patents.google.com/patent/CN204473141U/zh,CN204473141U - 仿生机械鸟 - Google Patents
2026-07-26T08:08:15.040Z,https://patents.google.com/patent/CN204473141U/zh,CN204473141U - 仿生机械鸟 - Google Patents
2026-07-26T08:08:15.024Z,https://patents.google.com/patent/CN204473141U/zh,CN204473141U - 仿生机械鸟 - Google Patents
2026-07-26T08:08:15.007Z,https://patents.google.com/patent/CN204473141U/zh,CN204473141U - 仿生机械鸟 - Google Patents
2026-07-26T08:08:15.001Z,https://patents.google.com/patent/CN204473141U/zh,CN204473141U - 仿生机械鸟 - Google Patents
2026-07-26T08:08:14.991Z,https://patents.google.com/patent/CN204473141U/zh,CN204473141U - 仿生机械鸟 - Google Patents
2026-07-26T08:08:14.982Z,https://patents.google.com/patent/CN204473141U/zh,CN204473141U - 仿生机械鸟 - Google Patents
2026-07-26T08:08:14.966Z,https://patents.google.com/patent/CN204473141U/zh,CN204473141U - 仿生机械鸟 - Google Patents
2026-07-26T08:08:14.949Z,https://patents.google.com/patent/CN204473141U/zh,CN204473141U - 仿生机械鸟 - Google Patents
2026-07-26T08:08:14.933Z,https://patents.google.com/patent/CN204473141U/zh,CN204473141U - 仿生机械鸟 - Google Patents
2026-07-26T08:08:14.916Z,https://patents.google.com/patent/CN204473141U/zh,CN204473141U - 仿生机械鸟 - Google Patents
2026-07-26T08:08:14.898Z,https://patents.google.com/patent/CN204473141U/zh,CN204473141U - 仿生机械鸟 - Google Patents
2026-07-26T08:08:14.882Z,https://patents.google.com/patent/CN204473141U/zh,CN204473141U - 仿生机械鸟 - Google Patents
2026-07-26T08:08:14.867Z,https://patents.google.com/patent/CN204473141U/zh,CN204473141U - 仿生机械鸟 - Google Patents
2026-07-26T08:08:14.848Z,https://patents.google.com/patent/CN204473141U/zh,CN204473141U - 仿生机械鸟 - Google Patents
2026-07-26T08:08:14.832Z,https://patents.google.com/patent/CN204473141U/zh,CN204473141U - 仿生机械鸟 - Google Patents
2026-07-26T08:08:14.816Z,https://patents.google.com/patent/CN204473141U/zh,CN204473141U - 仿生机械鸟 - Google Patents
2026-07-26T08:08:14.799Z,https://patents.google.com/patent/CN204473141U/zh,CN204473141U - 仿生机械鸟 - Google Patents
2026-07-26T08:08:14.775Z,https://patents.google.com/patent/CN204473141U/zh,CN204473141U - 仿生机械鸟 - Google Patents
2026-07-26T08:08:14.691Z,https://patents.google.com/patent/CN204473141U/zh,CN204473141U - 仿生机械鸟 - Google Patents
2026-07-26T08:08:14.674Z,https://patents.google.com/patent/CN204473141U/zh,CN204473141U - 仿生机械鸟 - Google Patents
2026-07-26T08:08:14.657Z,https://patents.google.com/patent/CN204473141U/zh,CN204473141U - 仿生机械鸟 - Google Patents
2026-07-26T08:08:14.641Z,https://patents.google.com/patent/CN204473141U/zh,CN204473141U - 仿生机械鸟 - Google Patents
2026-07-26T08:08:14.608Z,https://patents.google.com/patent/CN204473141U/zh,CN204473141U - 仿生机械鸟 - Google Patents
2026-07-26T08:08:14.591Z,https://patents.google.com/patent/CN204473141U/zh,CN204473141U - 仿生机械鸟 - Google Patents
2026-07-26T08:08:14.575Z,https://patents.google.com/patent/CN204473141U/zh,CN204473141U - 仿生机械鸟 - Google Patents
2026-07-26T08:08:14.567Z,https://patents.google.com/patent/CN204473141U/zh,CN204473141U - 仿生机械鸟 - Google Patents
2026-07-26T08:08:14.550Z,https://patents.google.com/patent/CN204473141U/zh,CN204473141U - 仿生机械鸟 - Google Patents
2026-07-26T08:08:14.534Z,https://patents.google.com/patent/CN204473141U/zh,CN204473141U - 仿生机械鸟 - Google Patents
2026-07-26T08:08:14.526Z,https://patents.google.com/patent/CN204473141U/zh,CN204473141U - 仿生机械鸟 - Google Patents
2026-07-26T08:08:14.517Z,https://patents.google.com/patent/CN204473141U/zh,CN204473141U - 仿生机械鸟 - Google Patents
2026-07-26T08:08:14.501Z,https://patents.google.com/patent/CN204473141U/zh,CN204473141U - 仿生机械鸟 - Google Patents
2026-07-26T08:08:03.228Z,https://patents.google.com/patent/CN204473141U/zh,CN204473141U - 仿生机械鸟 - Google Patents
2026-07-26T08:08:03.211Z,https://patents.google.com/patent/CN204473141U/zh,CN204473141U - 仿生机械鸟 - Google Patents
2026-07-26T08:08:03.194Z,https://patents.google.com/patent/CN204473141U/zh,CN204473141U - 仿生机械鸟 - Google Patents
2026-07-26T08:08:03.178Z,https://patents.google.com/patent/CN204473141U/zh,CN204473141U - 仿生机械鸟 - Google Patents
2026-07-26T08:08:03.161Z,https://patents.google.com/patent/CN204473141U/zh,CN204473141U - 仿生机械鸟 - Google Patents
2026-07-26T08:08:03.144Z,https://patents.google.com/patent/CN204473141U/zh,CN204473141U - 仿生机械鸟 - Google Patents
2026-07-26T08:08:03.128Z,https://patents.google.com/patent/CN204473141U/zh,CN204473141U - 仿生机械鸟 - Google Patents
2026-07-26T08:08:03.110Z,https://patents.google.com/patent/CN204473141U/zh,CN204473141U - 仿生机械鸟 - Google Patents
2026-07-26T08:08:03.095Z,https://patents.google.com/patent/CN204473141U/zh,CN204473141U - 仿生机械鸟 - Google Patents
2026-07-26T08:08:03.078Z,https://patents.google.com/patent/CN204473141U/zh,CN204473141U - 仿生机械鸟 - Google Patents
2026-07-26T08:08:03.062Z,https://patents.google.com/patent/CN204473141U/zh,CN204473141U - 仿生机械鸟 - Google Patents
2026-07-26T08:08:03.052Z,https://patents.google.com/patent/CN204473141U/zh,CN204473141U - 仿生机械鸟 - Google Patents
2026-07-26T08:08:03.037Z,https://patents.google.com/patent/CN204473141U/zh,CN204473141U - 仿生机械鸟 - Google Patents
2026-07-26T08:08:03.025Z,https://patents.google.com/patent/CN204473141U/zh,CN204473141U - 仿生机械鸟 - Google Patents
2026-07-26T08:08:02.746Z,https://patents.google.com/patent/CN204473141U/zh,CN204473141U - 仿生机械鸟 - Google Patents
2026-07-26T08:08:02.730Z,https://patents.google.com/patent/CN204473141U/zh,CN204473141U - 仿生机械鸟 - Google Patents
2026-07-26T08:08:02.697Z,https://patents.google.com/patent/CN204473141U/zh,CN204473141U - 仿生机械鸟 - Google Patents
2026-07-26T08:08:02.689Z,https://patents.google.com/patent/CN204473141U/zh,CN204473141U - 仿生机械鸟 - Google Patents
2026-07-26T08:08:02.671Z,https://patents.google.com/patent/CN204473141U/zh,CN204473141U - 仿生机械鸟 - Google Patents
2026-07-26T08:08:02.655Z,https://patents.google.com/patent/CN204473141U/zh,CN204473141U - 仿生机械鸟 - Google Patents
2026-07-26T08:08:02.638Z,https://patents.google.com/patent/CN204473141U/zh,CN204473141U - 仿生机械鸟 - Google Patents
2026-07-26T08:08:02.622Z,https://patents.google.com/patent/CN204473141U/zh,CN204473141U - 仿生机械鸟 - Google Patents
2026-07-26T08:08:02.605Z,https://patents.google.com/patent/CN204473141U/zh,CN204473141U - 仿生机械鸟 - Google Patents
2026-07-26T08:08:02.588Z,https://patents.google.com/patent/CN204473141U/zh,CN204473141U - 仿生机械鸟 - Google Patents
2026-07-26T08:08:02.571Z,https://patents.google.com/patent/CN204473141U/zh,CN204473141U - 仿生机械鸟 - Google Patents
2026-07-26T08:08:02.555Z,https://patents.google.com/patent/CN204473141U/zh,CN204473141U - 仿生机械鸟 - Google Patents
2026-07-26T08:08:02.541Z,https://patents.google.com/patent/CN204473141U/zh,CN204473141U - 仿生机械鸟 - Google Patents
2026-07-26T08:08:02.522Z,https://patents.google.com/patent/CN204473141U/zh,CN204473141U - 仿生机械鸟 - Google Patents
2026-07-26T08:08:02.513Z,https://patents.google.com/patent/CN204473141U/zh,CN204473141U - 仿生机械鸟 - Google Patents
2026-07-26T08:08:02.496Z,https://patents.google.com/patent/CN204473141U/zh,CN204473141U - 仿生机械鸟 - Google Patents
2026-07-26T08:08:02.485Z,https://patents.google.com/patent/CN204473141U/zh,CN204473141U - 仿生机械鸟 - Google Patents
2026-07-26T08:08:02.157Z,https://patents.google.com/patent/CN204473141U/zh,CN204473141U - 仿生机械鸟 - Google Patents
2026-07-26T08:08:02.147Z,https://patents.google.com/patent/CN204473141U/zh,CN204473141U - 仿生机械鸟 - Google Patents
2026-07-26T08:08:02.131Z,https://patents.google.com/patent/CN204473141U/zh,CN204473141U - 仿生机械鸟 - Google Patents
2026-07-26T08:08:02.065Z,https://patents.google.com/patent/CN204473141U/zh,CN204473141U - 仿生机械鸟 - Google Patents
2026-07-26T08:08:02.032Z,https://patents.google.com/patent/CN204473141U/zh,CN204473141U - 仿生机械鸟 - Google Patents
2026-07-26T08:08:01.974Z,https://patents.google.com/patent/CN204473141U/zh,CN204473141U - 仿生机械鸟 - Google Patents
2026-07-26T08:08:01.831Z,https://patents.google.com/patent/CN204473141U/zh,CN204473141U - 仿生机械鸟 - Google Patents
2026-07-26T08:08:01.806Z,https://patents.google.com/patent/CN204473141U/zh,CN204473141U - 仿生机械鸟 - Google Patents
2026-07-26T08:08:01.790Z,https://patents.google.com/patent/CN204473141U/zh,CN204473141U - 仿生机械鸟 - Google Patents
2026-07-26T08:08:01.773Z,https://patents.google.com/patent/CN204473141U/zh,CN204473141U - 仿生机械鸟 - Google Patents
2026-07-26T08:08:01.756Z,https://patents.google.com/patent/CN204473141U/zh,CN204473141U - 仿生机械鸟 - Google Patents
2026-07-26T08:08:01.739Z,https://patents.google.com/patent/CN204473141U/zh,CN204473141U - 仿生机械鸟 - Google Patents
2026-07-26T08:08:01.723Z,https://patents.google.com/patent/CN204473141U/zh,CN204473141U - 仿生机械鸟 - Google Patents
2026-07-26T08:08:01.707Z,https://patents.google.com/patent/CN204473141U/zh,CN204473141U - 仿生机械鸟 - Google Patents
2026-07-26T08:08:01.690Z,https://patents.google.com/patent/CN204473141U/zh,CN204473141U - 仿生机械鸟 - Google Patents
2026-07-26T08:08:01.673Z,https://patents.google.com/patent/CN204473141U/zh,CN204473141U - 仿生机械鸟 - Google Patents
2026-07-26T08:08:01.658Z,https://patents.google.com/patent/CN204473141U/zh,CN204473141U - 仿生机械鸟 - Google Patents
2026-07-26T08:08:01.641Z,https://patents.google.com/patent/CN204473141U/zh,CN204473141U - 仿生机械鸟 - Google Patents
2026-07-26T08:08:01.623Z,https://patents.google.com/patent/CN204473141U/zh,CN204473141U - 仿生机械鸟 - Google Patents
2026-07-26T08:08:01.607Z,https://patents.google.com/patent/CN204473141U/zh,CN204473141U - 仿生机械鸟 - Google Patents
2026-07-26T08:08:01.589Z,https://patents.google.com/patent/CN204473141U/zh,CN204473141U - 仿生机械鸟 - Google Patents
2026-07-26T08:08:01.575Z,https://patents.google.com/patent/CN204473141U/zh,CN204473141U - 仿生机械鸟 - Google Patents
2026-07-26T08:08:01.558Z,https://patents.google.com/patent/CN204473141U/zh,CN204473141U - 仿生机械鸟 - Google Patents
2026-07-26T08:08:01.483Z,https://patents.google.com/patent/CN204473141U/zh,CN204473141U - 仿生机械鸟 - Google Patents
2026-07-26T08:08:01.466Z,https://patents.google.com/patent/CN204473141U/zh,CN204473141U - 仿生机械鸟 - Google Patents
2026-07-26T08:08:01.449Z,https://patents.google.com/patent/CN204473141U/zh,CN204473141U - 仿生机械鸟 - Google Patents
2026-07-26T08:08:01.432Z,https://patents.google.com/patent/CN204473141U/zh,CN204473141U - 仿生机械鸟 - Google Patents
2026-07-26T08:08:01.416Z,https://patents.google.com/patent/CN204473141U/zh,CN204473141U - 仿生机械鸟 - Google Patents
2026-07-26T08:08:01.399Z,https://patents.google.com/patent/CN204473141U/zh,CN204473141U - 仿生机械鸟 - Google Patents
2026-07-26T08:08:01.382Z,https://patents.google.com/patent/CN204473141U/zh,CN204473141U - 仿生机械鸟 - Google Patents
2026-07-26T08:08:01.366Z,https://patents.google.com/patent/CN204473141U/zh,CN204473141U - 仿生机械鸟 - Google Patents
2026-07-26T08:08:01.349Z,https://patents.google.com/patent/CN204473141U/zh,CN204473141U - 仿生机械鸟 - Google Patents
2026-07-26T08:08:01.333Z,https://patents.google.com/patent/CN204473141U/zh,CN204473141U - 仿生机械鸟 - Google Patents
2026-07-26T08:08:01.316Z,https://patents.google.com/patent/CN204473141U/zh,CN204473141U - 仿生机械鸟 - Google Patents
2026-07-26T08:08:01.299Z,https://patents.google.com/patent/CN204473141U/zh,CN204473141U - 仿生机械鸟 - Google Patents
2026-07-26T08:08:01.282Z,https://patents.google.com/patent/CN204473141U/zh,CN204473141U - 仿生机械鸟 - Google Patents
2026-07-26T08:08:01.266Z,https://patents.google.com/patent/CN204473141U/zh,CN204473141U - 仿生机械鸟 - Google Patents
2026-07-26T08:08:01.251Z,https://patents.google.com/patent/CN204473141U/zh,CN204473141U - 仿生机械鸟 - Google Patents
2026-07-26T08:08:01.235Z,https://patents.google.com/patent/CN204473141U/zh,CN204473141U - 仿生机械鸟 - Google Patents
2026-07-26T08:08:00.294Z,https://patents.google.com/patent/CN204473141U/zh,CN204473141U - 仿生机械鸟 - Google Patents
2026-07-26T08:08:00.280Z,https://patents.google.com/patent/CN204473141U/zh,CN204473141U - 仿生机械鸟 - Google Patents
2026-07-26T08:08:00.260Z,https://patents.google.com/patent/CN204473141U/zh,CN204473141U - 仿生机械鸟 - Google Patents
2026-07-26T08:08:00.244Z,https://patents.google.com/patent/CN204473141U/zh,CN204473141U - 仿生机械鸟 - Google Patents
2026-07-26T08:08:00.228Z,https://patents.google.com/patent/CN204473141U/zh,CN204473141U - 仿生机械鸟 - Google Patents
2026-07-26T08:08:00.211Z,https://patents.google.com/patent/CN204473141U/zh,CN204473141U - 仿生机械鸟 - Google Patents
2026-07-26T08:08:00.194Z,https://patents.google.com/patent/CN204473141U/zh,CN204473141U - 仿生机械鸟 - Google Patents
2026-07-26T08:08:00.178Z,https://patents.google.com/patent/CN204473141U/zh,CN204473141U - 仿生机械鸟 - Google Patents
2026-07-26T08:08:00.161Z,https://patents.google.com/patent/CN204473141U/zh,CN204473141U - 仿生机械鸟 - Google Patents
2026-07-26T08:08:00.144Z,https://patents.google.com/patent/CN204473141U/zh,CN204473141U - 仿生机械鸟 - Google Patents
2026-07-26T08:08:00.127Z,https://patents.google.com/patent/CN204473141U/zh,CN204473141U - 仿生机械鸟 - Google Patents
2026-07-26T08:08:00.110Z,https://patents.google.com/patent/CN204473141U/zh,CN204473141U - 仿生机械鸟 - Google Patents
2026-07-26T08:08:00.097Z,https://patents.google.com/patent/CN204473141U/zh,CN204473141U - 仿生机械鸟 - Google Patents
2026-07-26T08:08:00.086Z,https://patents.google.com/patent/CN204473141U/zh,CN204473141U - 仿生机械鸟 - Google Patents
2026-07-26T08:08:00.043Z,https://patents.google.com/patent/CN204473141U/zh,CN204473141U - 仿生机械鸟 - Google Patents
2026-07-26T08:08:00.030Z,https://patents.google.com/patent/CN204473141U/zh,CN204473141U - 仿生机械鸟 - Google Patents
2026-07-26T08:08:00.021Z,https://patents.google.com/patent/CN204473141U/zh,CN204473141U - 仿生机械鸟 - Google Patents
2026-07-26T08:07:59.987Z,https://patents.google.com/patent/CN204473141U/zh,CN204473141U - 仿生机械鸟 - Google Patents
2026-07-26T08:07:59.970Z,https://patents.google.com/patent/CN204473141U/zh,CN204473141U - 仿生机械鸟 - Google Patents
2026-07-26T08:07:59.954Z,https://patents.google.com/patent/CN204473141U/zh,CN204473141U - 仿生机械鸟 - Google Patents
2026-07-26T08:07:59.938Z,https://patents.google.com/patent/CN204473141U/zh,CN204473141U - 仿生机械鸟 - Google Patents
2026-07-26T08:07:59.920Z,https://patents.google.com/patent/CN204473141U/zh,CN204473141U - 仿生机械鸟 - Google Patents
2026-07-26T08:07:59.904Z,https://patents.google.com/patent/CN204473141U/zh,CN204473141U - 仿生机械鸟 - Google Patents
2026-07-26T08:07:59.887Z,https://patents.google.com/patent/CN204473141U/zh,CN204473141U - 仿生机械鸟 - Google Patents
2026-07-26T08:07:59.870Z,https://patents.google.com/patent/CN204473141U/zh,CN204473141U - 仿生机械鸟 - Google Patents
2026-07-26T08:07:59.856Z,https://patents.google.com/patent/CN204473141U/zh,CN204473141U - 仿生机械鸟 - Google Patents
2026-07-26T08:07:59.839Z,https://patents.google.com/patent/CN204473141U/zh,CN204473141U - 仿生机械鸟 - Google Patents
2026-07-26T08:07:29.115Z,https://patents.google.com/patent/CN204473141U/zh,CN204473141U - 仿生机械鸟 - Google Patents
2026-07-26T08:07:27.179Z,https://www.google.com/search?q=%E4%BB%BF%E7%94%9F%E6%9C%BA%E6%A2%B0%E7%BF%BC%E8%AF%B4%E6%98%8E%E4%B9%A6&sca_esv=19f3513a7e185d8b&ei=mbplaqeYI6Cb0-kP_f-6uQg&biw=980&bih=1261&ved=0ahUKEwjnyKeU7O-VAxWgzTQHHf2_LocQ4dUDCBA&uact=5&oq=%E4%BB%BF%E7%94%9F%E6%9C%BA%E6%A2%B0%E7%BF%BC%E8%AF%B4%E6%98%8E%E4%B9%A6&gs_lp=Egxnd3Mtd2l6LXNlcnAiGOS7v-eUn-acuuaisOe_vOivtOaYjuS5pjIFEAAY7wUyBRAAGO8FMggQABiABBiiBDIIEAAYiQUYogQyBRAAGO8FSABQAFgAcAB4AJABAJgBmQGgAZkBqgEDMC4xuAEDyAEAmAIBoAKjAZgDAJIHAzAuMaAHyQGyBwMwLjG4B6MBwgcDMi0xyAcHgAgB&sclient=gws-wiz-serp,仿生机械翼说明书 - Google 搜索
2026-07-26T08:07:25.798Z,https://patents.google.com/patent/CN204473141U/zh,CN204473141U - 仿生机械鸟 - Google Patents
2026-07-26T08:07:25.243Z,https://patents.google.com/patent/CN204473141U/zh,CN204473141U - 仿生机械鸟 - Google Patents
2026-07-26T08:07:24.318Z,https://patents.google.com/patent/CN204473141U/zh,CN204473141U - 仿生机械鸟 - Google Patents
2026-07-26T08:07:24.286Z,https://patents.google.com/patent/CN204473141U/zh,CN204473141U - 仿生机械鸟 - Google Patents
2026-07-26T08:07:24.216Z,https://patents.google.com/patent/CN204473141U/zh,CN204473141U - 仿生机械鸟 - Google Patents
2026-07-26T08:06:52.333Z,https://patents.google.com/patent/CN108033008A/zh,CN108033008A - 一种放牧用仿生机械鸟及其飞行控制方法 - Google Patents
2026-07-26T08:06:52.316Z,https://patents.google.com/patent/CN108033008A/zh,CN108033008A - 一种放牧用仿生机械鸟及其飞行控制方法 - Google Patents
2026-07-26T08:06:52.299Z,https://patents.google.com/patent/CN108033008A/zh,CN108033008A - 一种放牧用仿生机械鸟及其飞行控制方法 - Google Patents
2026-07-26T08:06:52.283Z,https://patents.google.com/patent/CN108033008A/zh,CN108033008A - 一种放牧用仿生机械鸟及其飞行控制方法 - Google Patents
2026-07-26T08:06:52.266Z,https://patents.google.com/patent/CN108033008A/zh,CN108033008A - 一种放牧用仿生机械鸟及其飞行控制方法 - Google Patents
2026-07-26T08:06:52.249Z,https://patents.google.com/patent/CN108033008A/zh,CN108033008A - 一种放牧用仿生机械鸟及其飞行控制方法 - Google Patents
2026-07-26T08:06:52.231Z,https://patents.google.com/patent/CN108033008A/zh,CN108033008A - 一种放牧用仿生机械鸟及其飞行控制方法 - Google Patents
2026-07-26T08:06:52.215Z,https://patents.google.com/patent/CN108033008A/zh,CN108033008A - 一种放牧用仿生机械鸟及其飞行控制方法 - Google Patents
2026-07-26T08:06:52.198Z,https://patents.google.com/patent/CN108033008A/zh,CN108033008A - 一种放牧用仿生机械鸟及其飞行控制方法 - Google Patents
2026-07-26T08:06:52.182Z,https://patents.google.com/patent/CN108033008A/zh,CN108033008A - 一种放牧用仿生机械鸟及其飞行控制方法 - Google Patents
2026-07-26T08:06:52.165Z,https://patents.google.com/patent/CN108033008A/zh,CN108033008A - 一种放牧用仿生机械鸟及其飞行控制方法 - Google Patents
2026-07-26T08:06:52.149Z,https://patents.google.com/patent/CN108033008A/zh,CN108033008A - 一种放牧用仿生机械鸟及其飞行控制方法 - Google Patents
2026-07-26T08:06:52.133Z,https://patents.google.com/patent/CN108033008A/zh,CN108033008A - 一种放牧用仿生机械鸟及其飞行控制方法 - Google Patents
2026-07-26T08:06:52.116Z,https://patents.google.com/patent/CN108033008A/zh,CN108033008A - 一种放牧用仿生机械鸟及其飞行控制方法 - Google Patents
2026-07-26T08:06:52.100Z,https://patents.google.com/patent/CN108033008A/zh,CN108033008A - 一种放牧用仿生机械鸟及其飞行控制方法 - Google Patents
2026-07-26T08:06:52.058Z,https://patents.google.com/patent/CN108033008A/zh,CN108033008A - 一种放牧用仿生机械鸟及其飞行控制方法 - Google Patents
2026-07-26T08:06:52.050Z,https://patents.google.com/patent/CN108033008A/zh,CN108033008A - 一种放牧用仿生机械鸟及其飞行控制方法 - Google Patents
2026-07-26T08:06:52.033Z,https://patents.google.com/patent/CN108033008A/zh,CN108033008A - 一种放牧用仿生机械鸟及其飞行控制方法 - Google Patents
2026-07-26T08:06:52.015Z,https://patents.google.com/patent/CN108033008A/zh,CN108033008A - 一种放牧用仿生机械鸟及其飞行控制方法 - Google Patents
2026-07-26T08:06:52.009Z,https://patents.google.com/patent/CN108033008A/zh,CN108033008A - 一种放牧用仿生机械鸟及其飞行控制方法 - Google Patents
2026-07-26T08:06:51.998Z,https://patents.google.com/patent/CN108033008A/zh,CN108033008A - 一种放牧用仿生机械鸟及其飞行控制方法 - Google Patents
2026-07-26T08:06:51.976Z,https://patents.google.com/patent/CN108033008A/zh,CN108033008A - 一种放牧用仿生机械鸟及其飞行控制方法 - Google Patents
2026-07-26T08:06:51.960Z,https://patents.google.com/patent/CN108033008A/zh,CN108033008A - 一种放牧用仿生机械鸟及其飞行控制方法 - Google Patents
2026-07-26T08:06:51.942Z,https://patents.google.com/patent/CN108033008A/zh,CN108033008A - 一种放牧用仿生机械鸟及其飞行控制方法 - Google Patents
2026-07-26T08:06:51.924Z,https://patents.google.com/patent/CN108033008A/zh,CN108033008A - 一种放牧用仿生机械鸟及其飞行控制方法 - Google Patents
2026-07-26T08:06:51.908Z,https://patents.google.com/patent/CN108033008A/zh,CN108033008A - 一种放牧用仿生机械鸟及其飞行控制方法 - Google Patents
2026-07-26T08:06:51.891Z,https://patents.google.com/patent/CN108033008A/zh,CN108033008A - 一种放牧用仿生机械鸟及其飞行控制方法 - Google Patents
2026-07-26T08:06:51.875Z,https://patents.google.com/patent/CN108033008A/zh,CN108033008A - 一种放牧用仿生机械鸟及其飞行控制方法 - Google Patents
2026-07-26T08:06:51.857Z,https://patents.google.com/patent/CN108033008A/zh,CN108033008A - 一种放牧用仿生机械鸟及其飞行控制方法 - Google Patents
2026-07-26T08:06:51.841Z,https://patents.google.com/patent/CN108033008A/zh,CN108033008A - 一种放牧用仿生机械鸟及其飞行控制方法 - Google Patents
2026-07-26T08:06:51.825Z,https://patents.google.com/patent/CN108033008A/zh,CN108033008A - 一种放牧用仿生机械鸟及其飞行控制方法 - Google Patents
2026-07-26T08:06:51.808Z,https://patents.google.com/patent/CN108033008A/zh,CN108033008A - 一种放牧用仿生机械鸟及其飞行控制方法 - Google Patents
2026-07-26T08:06:51.791Z,https://patents.google.com/patent/CN108033008A/zh,CN108033008A - 一种放牧用仿生机械鸟及其飞行控制方法 - Google Patents
2026-07-26T08:06:51.775Z,https://patents.google.com/patent/CN108033008A/zh,CN108033008A - 一种放牧用仿生机械鸟及其飞行控制方法 - Google Patents
2026-07-26T08:06:51.758Z,https://patents.google.com/patent/CN108033008A/zh,CN108033008A - 一种放牧用仿生机械鸟及其飞行控制方法 - Google Patents
2026-07-26T08:06:51.741Z,https://patents.google.com/patent/CN108033008A/zh,CN108033008A - 一种放牧用仿生机械鸟及其飞行控制方法 - Google Patents
2026-07-26T08:06:51.725Z,https://patents.google.com/patent/CN108033008A/zh,CN108033008A - 一种放牧用仿生机械鸟及其飞行控制方法 - Google Patents
2026-07-26T08:06:51.708Z,https://patents.google.com/patent/CN108033008A/zh,CN108033008A - 一种放牧用仿生机械鸟及其飞行控制方法 - Google Patents
2026-07-26T08:06:51.691Z,https://patents.google.com/patent/CN108033008A/zh,CN108033008A - 一种放牧用仿生机械鸟及其飞行控制方法 - Google Patents
2026-07-26T08:06:51.676Z,https://patents.google.com/patent/CN108033008A/zh,CN108033008A - 一种放牧用仿生机械鸟及其飞行控制方法 - Google Patents
2026-07-26T08:06:51.669Z,https://patents.google.com/patent/CN108033008A/zh,CN108033008A - 一种放牧用仿生机械鸟及其飞行控制方法 - Google Patents
2026-07-26T08:06:51.660Z,https://patents.google.com/patent/CN108033008A/zh,CN108033008A - 一种放牧用仿生机械鸟及其飞行控制方法 - Google Patents
2026-07-26T08:06:51.642Z,https://patents.google.com/patent/CN108033008A/zh,CN108033008A - 一种放牧用仿生机械鸟及其飞行控制方法 - Google Patents
2026-07-26T08:06:51.626Z,https://patents.google.com/patent/CN108033008A/zh,CN108033008A - 一种放牧用仿生机械鸟及其飞行控制方法 - Google Patents
2026-07-26T08:06:51.612Z,https://patents.google.com/patent/CN108033008A/zh,CN108033008A - 一种放牧用仿生机械鸟及其飞行控制方法 - Google Patents
2026-07-26T08:06:51.604Z,https://patents.google.com/patent/CN108033008A/zh,CN108033008A - 一种放牧用仿生机械鸟及其飞行控制方法 - Google Patents
2026-07-26T08:06:51.593Z,https://patents.google.com/patent/CN108033008A/zh,CN108033008A - 一种放牧用仿生机械鸟及其飞行控制方法 - Google Patents
2026-07-26T08:06:41.868Z,https://patents.google.com/patent/CN108033008A/zh,CN108033008A - 一种放牧用仿生机械鸟及其飞行控制方法 - Google Patents
2026-07-26T08:06:41.412Z,https://patents.google.com/patent/CN108033008A/zh,CN108033008A - 一种放牧用仿生机械鸟及其飞行控制方法 - Google Patents
2026-07-26T08:06:40.571Z,https://patents.google.com/patent/CN108033008A/zh,CN108033008A - 一种放牧用仿生机械鸟及其飞行控制方法 - Google Patents
2026-07-26T08:06:40.172Z,https://patents.google.com/patent/CN108033008A/zh,CN108033008A - 一种放牧用仿生机械鸟及其飞行控制方法 - Google Patents
2026-07-26T08:06:40.154Z,https://patents.google.com/patent/CN108033008A/zh,CN108033008A - 一种放牧用仿生机械鸟及其飞行控制方法 - Google Patents
2026-07-26T08:06:40.139Z,https://patents.google.com/patent/CN108033008A/zh,CN108033008A - 一种放牧用仿生机械鸟及其飞行控制方法 - Google Patents
2026-07-26T08:06:40.122Z,https://patents.google.com/patent/CN108033008A/zh,CN108033008A - 一种放牧用仿生机械鸟及其飞行控制方法 - Google Patents
2026-07-26T08:06:40.105Z,https://patents.google.com/patent/CN108033008A/zh,CN108033008A - 一种放牧用仿生机械鸟及其飞行控制方法 - Google Patents
2026-07-26T08:06:40.089Z,https://patents.google.com/patent/CN108033008A/zh,CN108033008A - 一种放牧用仿生机械鸟及其飞行控制方法 - Google Patents
2026-07-26T08:06:40.071Z,https://patents.google.com/patent/CN108033008A/zh,CN108033008A - 一种放牧用仿生机械鸟及其飞行控制方法 - Google Patents
2026-07-26T08:06:40.055Z,https://patents.google.com/patent/CN108033008A/zh,CN108033008A - 一种放牧用仿生机械鸟及其飞行控制方法 - Google Patents
2026-07-26T08:06:40.041Z,https://patents.google.com/patent/CN108033008A/zh,CN108033008A - 一种放牧用仿生机械鸟及其飞行控制方法 - Google Patents
2026-07-26T08:06:40.031Z,https://patents.google.com/patent/CN108033008A/zh,CN108033008A - 一种放牧用仿生机械鸟及其飞行控制方法 - Google Patents
2026-07-26T08:06:40.009Z,https://patents.google.com/patent/CN108033008A/zh,CN108033008A - 一种放牧用仿生机械鸟及其飞行控制方法 - Google Patents
2026-07-26T08:06:40.001Z,https://patents.google.com/patent/CN108033008A/zh,CN108033008A - 一种放牧用仿生机械鸟及其飞行控制方法 - Google Patents
2026-07-26T08:06:39.907Z,https://patents.google.com/patent/CN108033008A/zh,CN108033008A - 一种放牧用仿生机械鸟及其飞行控制方法 - Google Patents
2026-07-26T08:06:39.897Z,https://patents.google.com/patent/CN108033008A/zh,CN108033008A - 一种放牧用仿生机械鸟及其飞行控制方法 - Google Patents
2026-07-26T08:06:39.880Z,https://patents.google.com/patent/CN108033008A/zh,CN108033008A - 一种放牧用仿生机械鸟及其飞行控制方法 - Google Patents
2026-07-26T08:06:39.864Z,https://patents.google.com/patent/CN108033008A/zh,CN108033008A - 一种放牧用仿生机械鸟及其飞行控制方法 - Google Patents
2026-07-26T08:06:39.847Z,https://patents.google.com/patent/CN108033008A/zh,CN108033008A - 一种放牧用仿生机械鸟及其飞行控制方法 - Google Patents
2026-07-26T08:06:39.831Z,https://patents.google.com/patent/CN108033008A/zh,CN108033008A - 一种放牧用仿生机械鸟及其飞行控制方法 - Google Patents
2026-07-26T08:06:39.814Z,https://patents.google.com/patent/CN108033008A/zh,CN108033008A - 一种放牧用仿生机械鸟及其飞行控制方法 - Google Patents
2026-07-26T08:06:39.797Z,https://patents.google.com/patent/CN108033008A/zh,CN108033008A - 一种放牧用仿生机械鸟及其飞行控制方法 - Google Patents
2026-07-26T08:06:39.781Z,https://patents.google.com/patent/CN108033008A/zh,CN108033008A - 一种放牧用仿生机械鸟及其飞行控制方法 - Google Patents
2026-07-26T08:06:39.765Z,https://patents.google.com/patent/CN108033008A/zh,CN108033008A - 一种放牧用仿生机械鸟及其飞行控制方法 - Google Patents
2026-07-26T08:06:39.748Z,https://patents.google.com/patent/CN108033008A/zh,CN108033008A - 一种放牧用仿生机械鸟及其飞行控制方法 - Google Patents
2026-07-26T08:06:39.730Z,https://patents.google.com/patent/CN108033008A/zh,CN108033008A - 一种放牧用仿生机械鸟及其飞行控制方法 - Google Patents
2026-07-26T08:06:39.714Z,https://patents.google.com/patent/CN108033008A/zh,CN108033008A - 一种放牧用仿生机械鸟及其飞行控制方法 - Google Patents
2026-07-26T08:06:39.707Z,https://patents.google.com/patent/CN108033008A/zh,CN108033008A - 一种放牧用仿生机械鸟及其飞行控制方法 - Google Patents
2026-07-26T08:06:39.698Z,https://patents.google.com/patent/CN108033008A/zh,CN108033008A - 一种放牧用仿生机械鸟及其飞行控制方法 - Google Patents
2026-07-26T08:06:39.683Z,https://patents.google.com/patent/CN108033008A/zh,CN108033008A - 一种放牧用仿生机械鸟及其飞行控制方法 - Google Patents
2026-07-26T08:06:39.675Z,https://patents.google.com/patent/CN108033008A/zh,CN108033008A - 一种放牧用仿生机械鸟及其飞行控制方法 - Google Patents
2026-07-26T08:06:39.664Z,https://patents.google.com/patent/CN108033008A/zh,CN108033008A - 一种放牧用仿生机械鸟及其飞行控制方法 - Google Patents
2026-07-26T08:06:39.652Z,https://patents.google.com/patent/CN108033008A/zh,CN108033008A - 一种放牧用仿生机械鸟及其飞行控制方法 - Google Patents
2026-07-26T08:06:39.640Z,https://patents.google.com/patent/CN108033008A/zh,CN108033008A - 一种放牧用仿生机械鸟及其飞行控制方法 - Google Patents
2026-07-26T08:06:39.631Z,https://patents.google.com/patent/CN108033008A/zh,CN108033008A - 一种放牧用仿生机械鸟及其飞行控制方法 - Google Patents
2026-07-26T08:06:39.614Z,https://patents.google.com/patent/CN108033008A/zh,CN108033008A - 一种放牧用仿生机械鸟及其飞行控制方法 - Google Patents
2026-07-26T08:06:39.598Z,https://patents.google.com/patent/CN108033008A/zh,CN108033008A - 一种放牧用仿生机械鸟及其飞行控制方法 - Google Patents
2026-07-26T08:06:39.581Z,https://patents.google.com/patent/CN108033008A/zh,CN108033008A - 一种放牧用仿生机械鸟及其飞行控制方法 - Google Patents
2026-07-26T08:06:39.564Z,https://patents.google.com/patent/CN108033008A/zh,CN108033008A - 一种放牧用仿生机械鸟及其飞行控制方法 - Google Patents
2026-07-26T08:06:39.548Z,https://patents.google.com/patent/CN108033008A/zh,CN108033008A - 一种放牧用仿生机械鸟及其飞行控制方法 - Google Patents
2026-07-26T08:06:39.530Z,https://patents.google.com/patent/CN108033008A/zh,CN108033008A - 一种放牧用仿生机械鸟及其飞行控制方法 - Google Patents
2026-07-26T08:06:39.514Z,https://patents.google.com/patent/CN108033008A/zh,CN108033008A - 一种放牧用仿生机械鸟及其飞行控制方法 - Google Patents
2026-07-26T08:06:39.498Z,https://patents.google.com/patent/CN108033008A/zh,CN108033008A - 一种放牧用仿生机械鸟及其飞行控制方法 - Google Patents
2026-07-26T08:06:39.482Z,https://patents.google.com/patent/CN108033008A/zh,CN108033008A - 一种放牧用仿生机械鸟及其飞行控制方法 - Google Patents
2026-07-26T08:06:39.464Z,https://patents.google.com/patent/CN108033008A/zh,CN108033008A - 一种放牧用仿生机械鸟及其飞行控制方法 - Google Patents
2026-07-26T08:06:39.448Z,https://patents.google.com/patent/CN108033008A/zh,CN108033008A - 一种放牧用仿生机械鸟及其飞行控制方法 - Google Patents
2026-07-26T08:06:39.432Z,https://patents.google.com/patent/CN108033008A/zh,CN108033008A - 一种放牧用仿生机械鸟及其飞行控制方法 - Google Patents
2026-07-26T08:06:39.416Z,https://patents.google.com/patent/CN108033008A/zh,CN108033008A - 一种放牧用仿生机械鸟及其飞行控制方法 - Google Patents
2026-07-26T08:06:39.398Z,https://patents.google.com/patent/CN108033008A/zh,CN108033008A - 一种放牧用仿生机械鸟及其飞行控制方法 - Google Patents
2026-07-26T08:06:39.381Z,https://patents.google.com/patent/CN108033008A/zh,CN108033008A - 一种放牧用仿生机械鸟及其飞行控制方法 - Google Patents
2026-07-26T08:06:39.364Z,https://patents.google.com/patent/CN108033008A/zh,CN108033008A - 一种放牧用仿生机械鸟及其飞行控制方法 - Google Patents
2026-07-26T08:06:39.348Z,https://patents.google.com/patent/CN108033008A/zh,CN108033008A - 一种放牧用仿生机械鸟及其飞行控制方法 - Google Patents
2026-07-26T08:06:39.332Z,https://patents.google.com/patent/CN108033008A/zh,CN108033008A - 一种放牧用仿生机械鸟及其飞行控制方法 - Google Patents
2026-07-26T08:06:39.315Z,https://patents.google.com/patent/CN108033008A/zh,CN108033008A - 一种放牧用仿生机械鸟及其飞行控制方法 - Google Patents
2026-07-26T08:06:39.298Z,https://patents.google.com/patent/CN108033008A/zh,CN108033008A - 一种放牧用仿生机械鸟及其飞行控制方法 - Google Patents
2026-07-26T08:06:39.281Z,https://patents.google.com/patent/CN108033008A/zh,CN108033008A - 一种放牧用仿生机械鸟及其飞行控制方法 - Google Patents
2026-07-26T08:06:39.265Z,https://patents.google.com/patent/CN108033008A/zh,CN108033008A - 一种放牧用仿生机械鸟及其飞行控制方法 - Google Patents
2026-07-26T08:06:39.249Z,https://patents.google.com/patent/CN108033008A/zh,CN108033008A - 一种放牧用仿生机械鸟及其飞行控制方法 - Google Patents
2026-07-26T08:06:39.231Z,https://patents.google.com/patent/CN108033008A/zh,CN108033008A - 一种放牧用仿生机械鸟及其飞行控制方法 - Google Patents
2026-07-26T08:06:39.215Z,https://patents.google.com/patent/CN108033008A/zh,CN108033008A - 一种放牧用仿生机械鸟及其飞行控制方法 - Google Patents
2026-07-26T08:06:39.199Z,https://patents.google.com/patent/CN108033008A/zh,CN108033008A - 一种放牧用仿生机械鸟及其飞行控制方法 - Google Patents
2026-07-26T08:06:39.181Z,https://patents.google.com/patent/CN108033008A/zh,CN108033008A - 一种放牧用仿生机械鸟及其飞行控制方法 - Google Patents
2026-07-26T08:06:39.165Z,https://patents.google.com/patent/CN108033008A/zh,CN108033008A - 一种放牧用仿生机械鸟及其飞行控制方法 - Google Patents
2026-07-26T08:06:39.149Z,https://patents.google.com/patent/CN108033008A/zh,CN108033008A - 一种放牧用仿生机械鸟及其飞行控制方法 - Google Patents
2026-07-26T08:06:39.132Z,https://patents.google.com/patent/CN108033008A/zh,CN108033008A - 一种放牧用仿生机械鸟及其飞行控制方法 - Google Patents
2026-07-26T08:06:39.115Z,https://patents.google.com/patent/CN108033008A/zh,CN108033008A - 一种放牧用仿生机械鸟及其飞行控制方法 - Google Patents
2026-07-26T08:06:39.099Z,https://patents.google.com/patent/CN108033008A/zh,CN108033008A - 一种放牧用仿生机械鸟及其飞行控制方法 - Google Patents
2026-07-26T08:06:39.082Z,https://patents.google.com/patent/CN108033008A/zh,CN108033008A - 一种放牧用仿生机械鸟及其飞行控制方法 - Google Patents
2026-07-26T08:06:39.066Z,https://patents.google.com/patent/CN108033008A/zh,CN108033008A - 一种放牧用仿生机械鸟及其飞行控制方法 - Google Patents
2026-07-26T08:06:39.057Z,https://patents.google.com/patent/CN108033008A/zh,CN108033008A - 一种放牧用仿生机械鸟及其飞行控制方法 - Google Patents
2026-07-26T08:06:39.042Z,https://patents.google.com/patent/CN108033008A/zh,CN108033008A - 一种放牧用仿生机械鸟及其飞行控制方法 - Google Patents
2026-07-26T08:06:39.033Z,https://patents.google.com/patent/CN108033008A/zh,CN108033008A - 一种放牧用仿生机械鸟及其飞行控制方法 - Google Patents
2026-07-26T08:06:39.016Z,https://patents.google.com/patent/CN108033008A/zh,CN108033008A - 一种放牧用仿生机械鸟及其飞行控制方法 - Google Patents
2026-07-26T08:06:38.998Z,https://patents.google.com/patent/CN108033008A/zh,CN108033008A - 一种放牧用仿生机械鸟及其飞行控制方法 - Google Patents
2026-07-26T08:06:38.990Z,https://patents.google.com/patent/CN108033008A/zh,CN108033008A - 一种放牧用仿生机械鸟及其飞行控制方法 - Google Patents
2026-07-26T08:06:38.959Z,https://patents.google.com/patent/CN108033008A/zh,CN108033008A - 一种放牧用仿生机械鸟及其飞行控制方法 - Google Patents
2026-07-26T08:06:38.952Z,https://patents.google.com/patent/CN108033008A/zh,CN108033008A - 一种放牧用仿生机械鸟及其飞行控制方法 - Google Patents
2026-07-26T08:06:38.935Z,https://patents.google.com/patent/CN108033008A/zh,CN108033008A - 一种放牧用仿生机械鸟及其飞行控制方法 - Google Patents
2026-07-26T08:06:38.926Z,https://patents.google.com/patent/CN108033008A/zh,CN108033008A - 一种放牧用仿生机械鸟及其飞行控制方法 - Google Patents
2026-07-26T08:06:38.915Z,https://patents.google.com/patent/CN108033008A/zh,CN108033008A - 一种放牧用仿生机械鸟及其飞行控制方法 - Google Patents
2026-07-26T08:06:38.899Z,https://patents.google.com/patent/CN108033008A/zh,CN108033008A - 一种放牧用仿生机械鸟及其飞行控制方法 - Google Patents
2026-07-26T08:06:38.882Z,https://patents.google.com/patent/CN108033008A/zh,CN108033008A - 一种放牧用仿生机械鸟及其飞行控制方法 - Google Patents
2026-07-26T08:06:38.866Z,https://patents.google.com/patent/CN108033008A/zh,CN108033008A - 一种放牧用仿生机械鸟及其飞行控制方法 - Google Patents
2026-07-26T08:06:38.850Z,https://patents.google.com/patent/CN108033008A/zh,CN108033008A - 一种放牧用仿生机械鸟及其飞行控制方法 - Google Patents
2026-07-26T08:06:38.833Z,https://patents.google.com/patent/CN108033008A/zh,CN108033008A - 一种放牧用仿生机械鸟及其飞行控制方法 - Google Patents
2026-07-26T08:06:38.816Z,https://patents.google.com/patent/CN108033008A/zh,CN108033008A - 一种放牧用仿生机械鸟及其飞行控制方法 - Google Patents
2026-07-26T08:06:38.800Z,https://patents.google.com/patent/CN108033008A/zh,CN108033008A - 一种放牧用仿生机械鸟及其飞行控制方法 - Google Patents
2026-07-26T08:06:38.782Z,https://patents.google.com/patent/CN108033008A/zh,CN108033008A - 一种放牧用仿生机械鸟及其飞行控制方法 - Google Patents
2026-07-26T08:06:38.767Z,https://patents.google.com/patent/CN108033008A/zh,CN108033008A - 一种放牧用仿生机械鸟及其飞行控制方法 - Google Patents
2026-07-26T08:06:38.750Z,https://patents.google.com/patent/CN108033008A/zh,CN108033008A - 一种放牧用仿生机械鸟及其飞行控制方法 - Google Patents
2026-07-26T08:06:38.732Z,https://patents.google.com/patent/CN108033008A/zh,CN108033008A - 一种放牧用仿生机械鸟及其飞行控制方法 - Google Patents
2026-07-26T08:06:38.715Z,https://patents.google.com/patent/CN108033008A/zh,CN108033008A - 一种放牧用仿生机械鸟及其飞行控制方法 - Google Patents
2026-07-26T08:06:38.700Z,https://patents.google.com/patent/CN108033008A/zh,CN108033008A - 一种放牧用仿生机械鸟及其飞行控制方法 - Google Patents
2026-07-26T08:06:38.692Z,https://patents.google.com/patent/CN108033008A/zh,CN108033008A - 一种放牧用仿生机械鸟及其飞行控制方法 - Google Patents
2026-07-26T08:06:38.683Z,https://patents.google.com/patent/CN108033008A/zh,CN108033008A - 一种放牧用仿生机械鸟及其飞行控制方法 - Google Patents
2026-07-26T08:06:38.667Z,https://patents.google.com/patent/CN108033008A/zh,CN108033008A - 一种放牧用仿生机械鸟及其飞行控制方法 - Google Patents
2026-07-26T08:06:38.659Z,https://patents.google.com/patent/CN108033008A/zh,CN108033008A - 一种放牧用仿生机械鸟及其飞行控制方法 - Google Patents
2026-07-26T08:06:38.649Z,https://patents.google.com/patent/CN108033008A/zh,CN108033008A - 一种放牧用仿生机械鸟及其飞行控制方法 - Google Patents
2026-07-26T08:06:38.633Z,https://patents.google.com/patent/CN108033008A/zh,CN108033008A - 一种放牧用仿生机械鸟及其飞行控制方法 - Google Patents
2026-07-26T08:06:38.616Z,https://patents.google.com/patent/CN108033008A/zh,CN108033008A - 一种放牧用仿生机械鸟及其飞行控制方法 - Google Patents
2026-07-26T08:06:38.600Z,https://patents.google.com/patent/CN108033008A/zh,CN108033008A - 一种放牧用仿生机械鸟及其飞行控制方法 - Google Patents
2026-07-26T08:06:38.583Z,https://patents.google.com/patent/CN108033008A/zh,CN108033008A - 一种放牧用仿生机械鸟及其飞行控制方法 - Google Patents
2026-07-26T08:06:38.566Z,https://patents.google.com/patent/CN108033008A/zh,CN108033008A - 一种放牧用仿生机械鸟及其飞行控制方法 - Google Patents
2026-07-26T08:06:38.550Z,https://patents.google.com/patent/CN108033008A/zh,CN108033008A - 一种放牧用仿生机械鸟及其飞行控制方法 - Google Patents
2026-07-26T08:06:38.521Z,https://patents.google.com/patent/CN108033008A/zh,CN108033008A - 一种放牧用仿生机械鸟及其飞行控制方法 - Google Patents
2026-07-26T08:06:35.209Z,https://patents.google.com/patent/CN108033008A/zh,CN108033008A - 一种放牧用仿生机械鸟及其飞行控制方法 - Google Patents
2026-07-26T08:06:35.166Z,https://patents.google.com/patent/CN108033008A/zh,CN108033008A - 一种放牧用仿生机械鸟及其飞行控制方法 - Google Patents
2026-07-26T08:06:35.150Z,https://patents.google.com/patent/CN108033008A/zh,CN108033008A - 一种放牧用仿生机械鸟及其飞行控制方法 - Google Patents
2026-07-26T08:06:35.132Z,https://patents.google.com/patent/CN108033008A/zh,CN108033008A - 一种放牧用仿生机械鸟及其飞行控制方法 - Google Patents
2026-07-26T08:06:35.124Z,https://patents.google.com/patent/CN108033008A/zh,CN108033008A - 一种放牧用仿生机械鸟及其飞行控制方法 - Google Patents
2026-07-26T08:06:35.101Z,https://patents.google.com/patent/CN108033008A/zh,CN108033008A - 一种放牧用仿生机械鸟及其飞行控制方法 - Google Patents
2026-07-26T08:06:35.083Z,https://patents.google.com/patent/CN108033008A/zh,CN108033008A - 一种放牧用仿生机械鸟及其飞行控制方法 - Google Patents
2026-07-26T08:06:35.069Z,https://patents.google.com/patent/CN108033008A/zh,CN108033008A - 一种放牧用仿生机械鸟及其飞行控制方法 - Google Patents
2026-07-26T08:06:29.185Z,https://patents.google.com/patent/CN108033008A/zh,CN108033008A - 一种放牧用仿生机械鸟及其飞行控制方法 - Google Patents
2026-07-26T08:06:28.990Z,https://patents.google.com/patent/CN108033008A/zh,CN108033008A - 一种放牧用仿生机械鸟及其飞行控制方法 - Google Patents
2026-07-26T08:06:28.966Z,https://patents.google.com/patent/CN108033008A/zh,CN108033008A - 一种放牧用仿生机械鸟及其飞行控制方法 - Google Patents
2026-07-26T08:06:28.949Z,https://patents.google.com/patent/CN108033008A/zh,CN108033008A - 一种放牧用仿生机械鸟及其飞行控制方法 - Google Patents
2026-07-26T08:06:28.933Z,https://patents.google.com/patent/CN108033008A/zh,CN108033008A - 一种放牧用仿生机械鸟及其飞行控制方法 - Google Patents
2026-07-26T08:06:28.916Z,https://patents.google.com/patent/CN108033008A/zh,CN108033008A - 一种放牧用仿生机械鸟及其飞行控制方法 - Google Patents
2026-07-26T08:06:28.899Z,https://patents.google.com/patent/CN108033008A/zh,CN108033008A - 一种放牧用仿生机械鸟及其飞行控制方法 - Google Patents
2026-07-26T08:06:28.883Z,https://patents.google.com/patent/CN108033008A/zh,CN108033008A - 一种放牧用仿生机械鸟及其飞行控制方法 - Google Patents
2026-07-26T08:06:28.867Z,https://patents.google.com/patent/CN108033008A/zh,CN108033008A - 一种放牧用仿生机械鸟及其飞行控制方法 - Google Patents
2026-07-26T08:06:28.851Z,https://patents.google.com/patent/CN108033008A/zh,CN108033008A - 一种放牧用仿生机械鸟及其飞行控制方法 - Google Patents
2026-07-26T08:06:28.834Z,https://patents.google.com/patent/CN108033008A/zh,CN108033008A - 一种放牧用仿生机械鸟及其飞行控制方法 - Google Patents
2026-07-26T08:06:28.817Z,https://patents.google.com/patent/CN108033008A/zh,CN108033008A - 一种放牧用仿生机械鸟及其飞行控制方法 - Google Patents
2026-07-26T08:06:28.800Z,https://patents.google.com/patent/CN108033008A/zh,CN108033008A - 一种放牧用仿生机械鸟及其飞行控制方法 - Google Patents
2026-07-26T08:06:28.784Z,https://patents.google.com/patent/CN108033008A/zh,CN108033008A - 一种放牧用仿生机械鸟及其飞行控制方法 - Google Patents
2026-07-26T08:06:28.766Z,https://patents.google.com/patent/CN108033008A/zh,CN108033008A - 一种放牧用仿生机械鸟及其飞行控制方法 - Google Patents
2026-07-26T08:06:28.750Z,https://patents.google.com/patent/CN108033008A/zh,CN108033008A - 一种放牧用仿生机械鸟及其飞行控制方法 - Google Patents
2026-07-26T08:06:28.733Z,https://patents.google.com/patent/CN108033008A/zh,CN108033008A - 一种放牧用仿生机械鸟及其飞行控制方法 - Google Patents
2026-07-26T08:06:28.718Z,https://patents.google.com/patent/CN108033008A/zh,CN108033008A - 一种放牧用仿生机械鸟及其飞行控制方法 - Google Patents
2026-07-26T08:06:28.710Z,https://patents.google.com/patent/CN108033008A/zh,CN108033008A - 一种放牧用仿生机械鸟及其飞行控制方法 - Google Patents
2026-07-26T08:06:28.085Z,https://patents.google.com/patent/CN108033008A/zh,CN108033008A - 一种放牧用仿生机械鸟及其飞行控制方法 - Google Patents
2026-07-26T08:06:28.068Z,https://patents.google.com/patent/CN108033008A/zh,CN108033008A - 一种放牧用仿生机械鸟及其飞行控制方法 - Google Patents
2026-07-26T08:06:28.051Z,https://patents.google.com/patent/CN108033008A/zh,CN108033008A - 一种放牧用仿生机械鸟及其飞行控制方法 - Google Patents
2026-07-26T08:06:28.035Z,https://patents.google.com/patent/CN108033008A/zh,CN108033008A - 一种放牧用仿生机械鸟及其飞行控制方法 - Google Patents
2026-07-26T08:06:28.018Z,https://patents.google.com/patent/CN108033008A/zh,CN108033008A - 一种放牧用仿生机械鸟及其飞行控制方法 - Google Patents
2026-07-26T08:06:28.002Z,https://patents.google.com/patent/CN108033008A/zh,CN108033008A - 一种放牧用仿生机械鸟及其飞行控制方法 - Google Patents
2026-07-26T08:06:27.985Z,https://patents.google.com/patent/CN108033008A/zh,CN108033008A - 一种放牧用仿生机械鸟及其飞行控制方法 - Google Patents
2026-07-26T08:06:27.969Z,https://patents.google.com/patent/CN108033008A/zh,CN108033008A - 一种放牧用仿生机械鸟及其飞行控制方法 - Google Patents
2026-07-26T08:06:27.953Z,https://patents.google.com/patent/CN108033008A/zh,CN108033008A - 一种放牧用仿生机械鸟及其飞行控制方法 - Google Patents
2026-07-26T08:06:27.934Z,https://patents.google.com/patent/CN108033008A/zh,CN108033008A - 一种放牧用仿生机械鸟及其飞行控制方法 - Google Patents
2026-07-26T08:06:27.918Z,https://patents.google.com/patent/CN108033008A/zh,CN108033008A - 一种放牧用仿生机械鸟及其飞行控制方法 - Google Patents
2026-07-26T08:06:27.902Z,https://patents.google.com/patent/CN108033008A/zh,CN108033008A - 一种放牧用仿生机械鸟及其飞行控制方法 - Google Patents
2026-07-26T08:06:27.893Z,https://patents.google.com/patent/CN108033008A/zh,CN108033008A - 一种放牧用仿生机械鸟及其飞行控制方法 - Google Patents
2026-07-26T08:06:27.882Z,https://patents.google.com/patent/CN108033008A/zh,CN108033008A - 一种放牧用仿生机械鸟及其飞行控制方法 - Google Patents
2026-07-26T08:06:27.587Z,https://patents.google.com/patent/CN108033008A/zh,CN108033008A - 一种放牧用仿生机械鸟及其飞行控制方法 - Google Patents
2026-07-26T08:06:27.570Z,https://patents.google.com/patent/CN108033008A/zh,CN108033008A - 一种放牧用仿生机械鸟及其飞行控制方法 - Google Patents
2026-07-26T08:06:27.562Z,https://patents.google.com/patent/CN108033008A/zh,CN108033008A - 一种放牧用仿生机械鸟及其飞行控制方法 - Google Patents
2026-07-26T08:06:27.545Z,https://patents.google.com/patent/CN108033008A/zh,CN108033008A - 一种放牧用仿生机械鸟及其飞行控制方法 - Google Patents
2026-07-26T08:06:27.527Z,https://patents.google.com/patent/CN108033008A/zh,CN108033008A - 一种放牧用仿生机械鸟及其飞行控制方法 - Google Patents
2026-07-26T08:06:27.511Z,https://patents.google.com/patent/CN108033008A/zh,CN108033008A - 一种放牧用仿生机械鸟及其飞行控制方法 - Google Patents
2026-07-26T08:06:27.496Z,https://patents.google.com/patent/CN108033008A/zh,CN108033008A - 一种放牧用仿生机械鸟及其飞行控制方法 - Google Patents
2026-07-26T08:06:27.477Z,https://patents.google.com/patent/CN108033008A/zh,CN108033008A - 一种放牧用仿生机械鸟及其飞行控制方法 - Google Patents
2026-07-26T08:06:27.462Z,https://patents.google.com/patent/CN108033008A/zh,CN108033008A - 一种放牧用仿生机械鸟及其飞行控制方法 - Google Patents
2026-07-26T08:06:27.444Z,https://patents.google.com/patent/CN108033008A/zh,CN108033008A - 一种放牧用仿生机械鸟及其飞行控制方法 - Google Patents
2026-07-26T08:06:27.429Z,https://patents.google.com/patent/CN108033008A/zh,CN108033008A - 一种放牧用仿生机械鸟及其飞行控制方法 - Google Patents
2026-07-26T08:06:27.418Z,https://patents.google.com/patent/CN108033008A/zh,CN108033008A - 一种放牧用仿生机械鸟及其飞行控制方法 - Google Patents
2026-07-26T08:06:27.399Z,https://patents.google.com/patent/CN108033008A/zh,CN108033008A - 一种放牧用仿生机械鸟及其飞行控制方法 - Google Patents
2026-07-26T08:06:26.996Z,https://patents.google.com/patent/CN108033008A/zh,CN108033008A - 一种放牧用仿生机械鸟及其飞行控制方法 - Google Patents
2026-07-26T08:06:26.979Z,https://patents.google.com/patent/CN108033008A/zh,CN108033008A - 一种放牧用仿生机械鸟及其飞行控制方法 - Google Patents
2026-07-26T08:06:26.961Z,https://patents.google.com/patent/CN108033008A/zh,CN108033008A - 一种放牧用仿生机械鸟及其飞行控制方法 - Google Patents
2026-07-26T08:06:26.945Z,https://patents.google.com/patent/CN108033008A/zh,CN108033008A - 一种放牧用仿生机械鸟及其飞行控制方法 - Google Patents
2026-07-26T08:06:26.930Z,https://patents.google.com/patent/CN108033008A/zh,CN108033008A - 一种放牧用仿生机械鸟及其飞行控制方法 - Google Patents
2026-07-26T08:06:26.914Z,https://patents.google.com/patent/CN108033008A/zh,CN108033008A - 一种放牧用仿生机械鸟及其飞行控制方法 - Google Patents
2026-07-26T08:06:26.903Z,https://patents.google.com/patent/CN108033008A/zh,CN108033008A - 一种放牧用仿生机械鸟及其飞行控制方法 - Google Patents
2026-07-26T08:06:26.890Z,https://patents.google.com/patent/CN108033008A/zh,CN108033008A - 一种放牧用仿生机械鸟及其飞行控制方法 - Google Patents
2026-07-26T08:06:26.797Z,https://patents.google.com/patent/CN108033008A/zh,CN108033008A - 一种放牧用仿生机械鸟及其飞行控制方法 - Google Patents
2026-07-26T08:06:26.779Z,https://patents.google.com/patent/CN108033008A/zh,CN108033008A - 一种放牧用仿生机械鸟及其飞行控制方法 - Google Patents
2026-07-26T08:06:26.765Z,https://patents.google.com/patent/CN108033008A/zh,CN108033008A - 一种放牧用仿生机械鸟及其飞行控制方法 - Google Patents
2026-07-26T08:06:26.746Z,https://patents.google.com/patent/CN108033008A/zh,CN108033008A - 一种放牧用仿生机械鸟及其飞行控制方法 - Google Patents
2026-07-26T08:06:26.729Z,https://patents.google.com/patent/CN108033008A/zh,CN108033008A - 一种放牧用仿生机械鸟及其飞行控制方法 - Google Patents
2026-07-26T08:06:26.714Z,https://patents.google.com/patent/CN108033008A/zh,CN108033008A - 一种放牧用仿生机械鸟及其飞行控制方法 - Google Patents
2026-07-26T08:06:26.699Z,https://patents.google.com/patent/CN108033008A/zh,CN108033008A - 一种放牧用仿生机械鸟及其飞行控制方法 - Google Patents
2026-07-26T08:06:26.680Z,https://patents.google.com/patent/CN108033008A/zh,CN108033008A - 一种放牧用仿生机械鸟及其飞行控制方法 - Google Patents
2026-07-26T08:06:26.663Z,https://patents.google.com/patent/CN108033008A/zh,CN108033008A - 一种放牧用仿生机械鸟及其飞行控制方法 - Google Patents
2026-07-26T08:06:26.649Z,https://patents.google.com/patent/CN108033008A/zh,CN108033008A - 一种放牧用仿生机械鸟及其飞行控制方法 - Google Patents
2026-07-26T08:06:26.630Z,https://patents.google.com/patent/CN108033008A/zh,CN108033008A - 一种放牧用仿生机械鸟及其飞行控制方法 - Google Patents
2026-07-26T08:06:26.614Z,https://patents.google.com/patent/CN108033008A/zh,CN108033008A - 一种放牧用仿生机械鸟及其飞行控制方法 - Google Patents
2026-07-26T08:06:26.597Z,https://patents.google.com/patent/CN108033008A/zh,CN108033008A - 一种放牧用仿生机械鸟及其飞行控制方法 - Google Patents
2026-07-26T08:06:26.580Z,https://patents.google.com/patent/CN108033008A/zh,CN108033008A - 一种放牧用仿生机械鸟及其飞行控制方法 - Google Patents
2026-07-26T08:06:26.564Z,https://patents.google.com/patent/CN108033008A/zh,CN108033008A - 一种放牧用仿生机械鸟及其飞行控制方法 - Google Patents
2026-07-26T08:06:26.550Z,https://patents.google.com/patent/CN108033008A/zh,CN108033008A - 一种放牧用仿生机械鸟及其飞行控制方法 - Google Patents
2026-07-26T08:06:26.532Z,https://patents.google.com/patent/CN108033008A/zh,CN108033008A - 一种放牧用仿生机械鸟及其飞行控制方法 - Google Patents
2026-07-26T08:06:26.515Z,https://patents.google.com/patent/CN108033008A/zh,CN108033008A - 一种放牧用仿生机械鸟及其飞行控制方法 - Google Patents
2026-07-26T08:06:26.499Z,https://patents.google.com/patent/CN108033008A/zh,CN108033008A - 一种放牧用仿生机械鸟及其飞行控制方法 - Google Patents
2026-07-26T08:06:26.486Z,https://patents.google.com/patent/CN108033008A/zh,CN108033008A - 一种放牧用仿生机械鸟及其飞行控制方法 - Google Patents
2026-07-26T08:06:26.467Z,https://patents.google.com/patent/CN108033008A/zh,CN108033008A - 一种放牧用仿生机械鸟及其飞行控制方法 - Google Patents
2026-07-26T08:06:26.454Z,https://patents.google.com/patent/CN108033008A/zh,CN108033008A - 一种放牧用仿生机械鸟及其飞行控制方法 - Google Patents
2026-07-26T08:06:26.436Z,https://patents.google.com/patent/CN108033008A/zh,CN108033008A - 一种放牧用仿生机械鸟及其飞行控制方法 - Google Patents
2026-07-26T08:06:25.815Z,https://patents.google.com/patent/CN108033008A/zh,CN108033008A - 一种放牧用仿生机械鸟及其飞行控制方法 - Google Patents
2026-07-26T08:06:25.781Z,https://patents.google.com/patent/CN108033008A/zh,CN108033008A - 一种放牧用仿生机械鸟及其飞行控制方法 - Google Patents
2026-07-26T08:06:25.765Z,https://patents.google.com/patent/CN108033008A/zh,CN108033008A - 一种放牧用仿生机械鸟及其飞行控制方法 - Google Patents
2026-07-26T08:06:25.749Z,https://patents.google.com/patent/CN108033008A/zh,CN108033008A - 一种放牧用仿生机械鸟及其飞行控制方法 - Google Patents
2026-07-26T08:06:25.731Z,https://patents.google.com/patent/CN108033008A/zh,CN108033008A - 一种放牧用仿生机械鸟及其飞行控制方法 - Google Patents
2026-07-26T08:06:25.715Z,https://patents.google.com/patent/CN108033008A/zh,CN108033008A - 一种放牧用仿生机械鸟及其飞行控制方法 - Google Patents
2026-07-26T08:06:25.699Z,https://patents.google.com/patent/CN108033008A/zh,CN108033008A - 一种放牧用仿生机械鸟及其飞行控制方法 - Google Patents
2026-07-26T08:06:25.686Z,https://patents.google.com/patent/CN108033008A/zh,CN108033008A - 一种放牧用仿生机械鸟及其飞行控制方法 - Google Patents
2026-07-26T08:06:25.666Z,https://patents.google.com/patent/CN108033008A/zh,CN108033008A - 一种放牧用仿生机械鸟及其飞行控制方法 - Google Patents
2026-07-26T08:06:25.653Z,https://patents.google.com/patent/CN108033008A/zh,CN108033008A - 一种放牧用仿生机械鸟及其飞行控制方法 - Google Patents
2026-07-26T08:06:25.643Z,https://patents.google.com/patent/CN108033008A/zh,CN108033008A - 一种放牧用仿生机械鸟及其飞行控制方法 - Google Patents
2026-07-26T08:06:25.526Z,https://patents.google.com/patent/CN108033008A/zh,CN108033008A - 一种放牧用仿生机械鸟及其飞行控制方法 - Google Patents
2026-07-26T08:06:25.515Z,https://patents.google.com/patent/CN108033008A/zh,CN108033008A - 一种放牧用仿生机械鸟及其飞行控制方法 - Google Patents
2026-07-26T08:06:25.499Z,https://patents.google.com/patent/CN108033008A/zh,CN108033008A - 一种放牧用仿生机械鸟及其飞行控制方法 - Google Patents
2026-07-26T08:06:25.483Z,https://patents.google.com/patent/CN108033008A/zh,CN108033008A - 一种放牧用仿生机械鸟及其飞行控制方法 - Google Patents
2026-07-26T08:06:25.467Z,https://patents.google.com/patent/CN108033008A/zh,CN108033008A - 一种放牧用仿生机械鸟及其飞行控制方法 - Google Patents
2026-07-26T08:06:25.450Z,https://patents.google.com/patent/CN108033008A/zh,CN108033008A - 一种放牧用仿生机械鸟及其飞行控制方法 - Google Patents
2026-07-26T08:06:25.434Z,https://patents.google.com/patent/CN108033008A/zh,CN108033008A - 一种放牧用仿生机械鸟及其飞行控制方法 - Google Patents
2026-07-26T08:06:25.426Z,https://patents.google.com/patent/CN108033008A/zh,CN108033008A - 一种放牧用仿生机械鸟及其飞行控制方法 - Google Patents
2026-07-26T08:06:25.410Z,https://patents.google.com/patent/CN108033008A/zh,CN108033008A - 一种放牧用仿生机械鸟及其飞行控制方法 - Google Patents
2026-07-26T08:06:25.402Z,https://patents.google.com/patent/CN108033008A/zh,CN108033008A - 一种放牧用仿生机械鸟及其飞行控制方法 - Google Patents
2026-07-26T08:06:25.392Z,https://patents.google.com/patent/CN108033008A/zh,CN108033008A - 一种放牧用仿生机械鸟及其飞行控制方法 - Google Patents
2026-07-26T08:06:25.383Z,https://patents.google.com/patent/CN108033008A/zh,CN108033008A - 一种放牧用仿生机械鸟及其飞行控制方法 - Google Patents
2026-07-26T08:06:25.367Z,https://patents.google.com/patent/CN108033008A/zh,CN108033008A - 一种放牧用仿生机械鸟及其飞行控制方法 - Google Patents
2026-07-26T08:06:25.359Z,https://patents.google.com/patent/CN108033008A/zh,CN108033008A - 一种放牧用仿生机械鸟及其飞行控制方法 - Google Patents
2026-07-26T08:06:25.350Z,https://patents.google.com/patent/CN108033008A/zh,CN108033008A - 一种放牧用仿生机械鸟及其飞行控制方法 - Google Patents
2026-07-26T08:06:25.342Z,https://patents.google.com/patent/CN108033008A/zh,CN108033008A - 一种放牧用仿生机械鸟及其飞行控制方法 - Google Patents
2026-07-26T08:06:25.327Z,https://patents.google.com/patent/CN108033008A/zh,CN108033008A - 一种放牧用仿生机械鸟及其飞行控制方法 - Google Patents
2026-07-26T08:06:25.318Z,https://patents.google.com/patent/CN108033008A/zh,CN108033008A - 一种放牧用仿生机械鸟及其飞行控制方法 - Google Patents
2026-07-26T08:06:25.067Z,https://patents.google.com/patent/CN108033008A/zh,CN108033008A - 一种放牧用仿生机械鸟及其飞行控制方法 - Google Patents
2026-07-26T08:06:25.051Z,https://patents.google.com/patent/CN108033008A/zh,CN108033008A - 一种放牧用仿生机械鸟及其飞行控制方法 - Google Patents
2026-07-26T08:06:25.043Z,https://patents.google.com/patent/CN108033008A/zh,CN108033008A - 一种放牧用仿生机械鸟及其飞行控制方法 - Google Patents
2026-07-26T08:06:25.034Z,https://patents.google.com/patent/CN108033008A/zh,CN108033008A - 一种放牧用仿生机械鸟及其飞行控制方法 - Google Patents
2026-07-26T08:06:25.017Z,https://patents.google.com/patent/CN108033008A/zh,CN108033008A - 一种放牧用仿生机械鸟及其飞行控制方法 - Google Patents
2026-07-26T08:06:25.009Z,https://patents.google.com/patent/CN108033008A/zh,CN108033008A - 一种放牧用仿生机械鸟及其飞行控制方法 - Google Patents
2026-07-26T08:06:24.994Z,https://patents.google.com/patent/CN108033008A/zh,CN108033008A - 一种放牧用仿生机械鸟及其飞行控制方法 - Google Patents
2026-07-26T08:06:24.975Z,https://patents.google.com/patent/CN108033008A/zh,CN108033008A - 一种放牧用仿生机械鸟及其飞行控制方法 - Google Patents
2026-07-26T08:06:24.959Z,https://patents.google.com/patent/CN108033008A/zh,CN108033008A - 一种放牧用仿生机械鸟及其飞行控制方法 - Google Patents
2026-07-26T08:06:24.942Z,https://patents.google.com/patent/CN108033008A/zh,CN108033008A - 一种放牧用仿生机械鸟及其飞行控制方法 - Google Patents
2026-07-26T08:06:24.926Z,https://patents.google.com/patent/CN108033008A/zh,CN108033008A - 一种放牧用仿生机械鸟及其飞行控制方法 - Google Patents
2026-07-26T08:06:24.909Z,https://patents.google.com/patent/CN108033008A/zh,CN108033008A - 一种放牧用仿生机械鸟及其飞行控制方法 - Google Patents
2026-07-26T08:06:24.893Z,https://patents.google.com/patent/CN108033008A/zh,CN108033008A - 一种放牧用仿生机械鸟及其飞行控制方法 - Google Patents
2026-07-26T08:06:24.875Z,https://patents.google.com/patent/CN108033008A/zh,CN108033008A - 一种放牧用仿生机械鸟及其飞行控制方法 - Google Patents
2026-07-26T08:06:24.859Z,https://patents.google.com/patent/CN108033008A/zh,CN108033008A - 一种放牧用仿生机械鸟及其飞行控制方法 - Google Patents
2026-07-26T08:06:24.844Z,https://patents.google.com/patent/CN108033008A/zh,CN108033008A - 一种放牧用仿生机械鸟及其飞行控制方法 - Google Patents
2026-07-26T08:06:24.826Z,https://patents.google.com/patent/CN108033008A/zh,CN108033008A - 一种放牧用仿生机械鸟及其飞行控制方法 - Google Patents
2026-07-26T08:06:24.809Z,https://patents.google.com/patent/CN108033008A/zh,CN108033008A - 一种放牧用仿生机械鸟及其飞行控制方法 - Google Patents
2026-07-26T08:06:24.802Z,https://patents.google.com/patent/CN108033008A/zh,CN108033008A - 一种放牧用仿生机械鸟及其飞行控制方法 - Google Patents
2026-07-26T08:06:24.793Z,https://patents.google.com/patent/CN108033008A/zh,CN108033008A - 一种放牧用仿生机械鸟及其飞行控制方法 - Google Patents
2026-07-26T08:06:24.754Z,https://patents.google.com/patent/CN108033008A/zh,CN108033008A - 一种放牧用仿生机械鸟及其飞行控制方法 - Google Patents
2026-07-26T08:06:24.736Z,https://patents.google.com/patent/CN108033008A/zh,CN108033008A - 一种放牧用仿生机械鸟及其飞行控制方法 - Google Patents
2026-07-26T08:06:17.495Z,https://patents.google.com/patent/CN108033008A/zh,CN108033008A - 一种放牧用仿生机械鸟及其飞行控制方法 - Google Patents
2026-07-26T08:06:17.480Z,https://patents.google.com/patent/CN108033008A/zh,CN108033008A - 一种放牧用仿生机械鸟及其飞行控制方法 - Google Patents
2026-07-26T08:06:17.461Z,https://patents.google.com/patent/CN108033008A/zh,CN108033008A - 一种放牧用仿生机械鸟及其飞行控制方法 - Google Patents
2026-07-26T08:06:17.445Z,https://patents.google.com/patent/CN108033008A/zh,CN108033008A - 一种放牧用仿生机械鸟及其飞行控制方法 - Google Patents
2026-07-26T08:06:17.427Z,https://patents.google.com/patent/CN108033008A/zh,CN108033008A - 一种放牧用仿生机械鸟及其飞行控制方法 - Google Patents
2026-07-26T08:06:17.411Z,https://patents.google.com/patent/CN108033008A/zh,CN108033008A - 一种放牧用仿生机械鸟及其飞行控制方法 - Google Patents
2026-07-26T08:06:17.395Z,https://patents.google.com/patent/CN108033008A/zh,CN108033008A - 一种放牧用仿生机械鸟及其飞行控制方法 - Google Patents
2026-07-26T08:06:17.378Z,https://patents.google.com/patent/CN108033008A/zh,CN108033008A - 一种放牧用仿生机械鸟及其飞行控制方法 - Google Patents
2026-07-26T08:06:17.362Z,https://patents.google.com/patent/CN108033008A/zh,CN108033008A - 一种放牧用仿生机械鸟及其飞行控制方法 - Google Patents
2026-07-26T08:06:17.354Z,https://patents.google.com/patent/CN108033008A/zh,CN108033008A - 一种放牧用仿生机械鸟及其飞行控制方法 - Google Patents
2026-07-26T08:06:16.212Z,https://patents.google.com/patent/CN108033008A/zh,CN108033008A - 一种放牧用仿生机械鸟及其飞行控制方法 - Google Patents
2026-07-26T08:06:16.189Z,https://patents.google.com/patent/CN108033008A/zh,CN108033008A - 一种放牧用仿生机械鸟及其飞行控制方法 - Google Patents
2026-07-26T08:06:07.669Z,https://patents.google.com/patent/CN204473141U/zh,CN204473141U - 仿生机械鸟 - Google Patents
2026-07-26T08:06:07.653Z,https://patents.google.com/patent/CN204473141U/zh,CN204473141U - 仿生机械鸟 - Google Patents
2026-07-26T08:06:07.643Z,https://patents.google.com/patent/CN204473141U/zh,CN204473141U - 仿生机械鸟 - Google Patents
2026-07-26T08:06:07.626Z,https://patents.google.com/patent/CN204473141U/zh,CN204473141U - 仿生机械鸟 - Google Patents
2026-07-26T08:06:07.610Z,https://patents.google.com/patent/CN204473141U/zh,CN204473141U - 仿生机械鸟 - Google Patents
2026-07-26T08:06:07.593Z,https://patents.google.com/patent/CN204473141U/zh,CN204473141U - 仿生机械鸟 - Google Patents
2026-07-26T08:06:07.577Z,https://patents.google.com/patent/CN204473141U/zh,CN204473141U - 仿生机械鸟 - Google Patents
2026-07-26T08:06:07.560Z,https://patents.google.com/patent/CN204473141U/zh,CN204473141U - 仿生机械鸟 - Google Patents
2026-07-26T08:06:07.544Z,https://patents.google.com/patent/CN204473141U/zh,CN204473141U - 仿生机械鸟 - Google Patents
2026-07-26T08:06:07.536Z,https://patents.google.com/patent/CN204473141U/zh,CN204473141U - 仿生机械鸟 - Google Patents
2026-07-26T08:06:07.520Z,https://patents.google.com/patent/CN204473141U/zh,CN204473141U - 仿生机械鸟 - Google Patents
2026-07-26T08:06:07.411Z,https://patents.google.com/patent/CN204473141U/zh,CN204473141U - 仿生机械鸟 - Google Patents
2026-07-26T08:06:07.393Z,https://patents.google.com/patent/CN204473141U/zh,CN204473141U - 仿生机械鸟 - Google Patents
2026-07-26T08:06:07.377Z,https://patents.google.com/patent/CN204473141U/zh,CN204473141U - 仿生机械鸟 - Google Patents
2026-07-26T08:06:07.360Z,https://patents.google.com/patent/CN204473141U/zh,CN204473141U - 仿生机械鸟 - Google Patents
2026-07-26T08:06:07.343Z,https://patents.google.com/patent/CN204473141U/zh,CN204473141U - 仿生机械鸟 - Google Patents
2026-07-26T08:06:07.327Z,https://patents.google.com/patent/CN204473141U/zh,CN204473141U - 仿生机械鸟 - Google Patents
2026-07-26T08:06:07.320Z,https://patents.google.com/patent/CN204473141U/zh,CN204473141U - 仿生机械鸟 - Google Patents
2026-07-26T08:06:07.311Z,https://patents.google.com/patent/CN204473141U/zh,CN204473141U - 仿生机械鸟 - Google Patents
2026-07-26T08:06:07.303Z,https://patents.google.com/patent/CN204473141U/zh,CN204473141U - 仿生机械鸟 - Google Patents
2026-07-26T08:06:07.294Z,https://patents.google.com/patent/CN204473141U/zh,CN204473141U - 仿生机械鸟 - Google Patents
2026-07-26T08:06:07.285Z,https://patents.google.com/patent/CN204473141U/zh,CN204473141U - 仿生机械鸟 - Google Patents
2026-07-26T08:06:07.270Z,https://patents.google.com/patent/CN204473141U/zh,CN204473141U - 仿生机械鸟 - Google Patents
2026-07-26T08:06:07.263Z,https://patents.google.com/patent/CN204473141U/zh,CN204473141U - 仿生机械鸟 - Google Patents
2026-07-26T08:06:07.254Z,https://patents.google.com/patent/CN204473141U/zh,CN204473141U - 仿生机械鸟 - Google Patents
2026-07-26T08:06:07.244Z,https://patents.google.com/patent/CN204473141U/zh,CN204473141U - 仿生机械鸟 - Google Patents
2026-07-26T08:06:07.228Z,https://patents.google.com/patent/CN204473141U/zh,CN204473141U - 仿生机械鸟 - Google Patents
2026-07-26T08:06:07.222Z,https://patents.google.com/patent/CN204473141U/zh,CN204473141U - 仿生机械鸟 - Google Patents
2026-07-26T08:06:07.212Z,https://patents.google.com/patent/CN204473141U/zh,CN204473141U - 仿生机械鸟 - Google Patents
2026-07-26T08:06:07.202Z,https://patents.google.com/patent/CN204473141U/zh,CN204473141U - 仿生机械鸟 - Google Patents
2026-07-26T08:06:07.186Z,https://patents.google.com/patent/CN204473141U/zh,CN204473141U - 仿生机械鸟 - Google Patents
2026-07-26T08:06:07.169Z,https://patents.google.com/patent/CN204473141U/zh,CN204473141U - 仿生机械鸟 - Google Patents
2026-07-26T08:06:07.153Z,https://patents.google.com/patent/CN204473141U/zh,CN204473141U - 仿生机械鸟 - Google Patents
2026-07-26T08:06:07.136Z,https://patents.google.com/patent/CN204473141U/zh,CN204473141U - 仿生机械鸟 - Google Patents
2026-07-26T08:06:07.120Z,https://patents.google.com/patent/CN204473141U/zh,CN204473141U - 仿生机械鸟 - Google Patents
2026-07-26T08:06:07.104Z,https://patents.google.com/patent/CN204473141U/zh,CN204473141U - 仿生机械鸟 - Google Patents
2026-07-26T08:06:07.087Z,https://patents.google.com/patent/CN204473141U/zh,CN204473141U - 仿生机械鸟 - Google Patents
2026-07-26T08:06:07.071Z,https://patents.google.com/patent/CN204473141U/zh,CN204473141U - 仿生机械鸟 - Google Patents
2026-07-26T08:06:06.977Z,https://patents.google.com/patent/CN204473141U/zh,CN204473141U - 仿生机械鸟 - Google Patents
2026-07-26T08:06:06.971Z,https://patents.google.com/patent/CN204473141U/zh,CN204473141U - 仿生机械鸟 - Google Patents
2026-07-26T08:06:06.953Z,https://patents.google.com/patent/CN204473141U/zh,CN204473141U - 仿生机械鸟 - Google Patents
2026-07-26T08:06:06.936Z,https://patents.google.com/patent/CN204473141U/zh,CN204473141U - 仿生机械鸟 - Google Patents
2026-07-26T08:06:06.920Z,https://patents.google.com/patent/CN204473141U/zh,CN204473141U - 仿生机械鸟 - Google Patents
2026-07-26T08:06:06.906Z,https://patents.google.com/patent/CN204473141U/zh,CN204473141U - 仿生机械鸟 - Google Patents
2026-07-26T08:06:06.895Z,https://patents.google.com/patent/CN204473141U/zh,CN204473141U - 仿生机械鸟 - Google Patents
2026-07-26T08:06:06.881Z,https://patents.google.com/patent/CN204473141U/zh,CN204473141U - 仿生机械鸟 - Google Patents
2026-07-26T08:06:06.873Z,https://patents.google.com/patent/CN204473141U/zh,CN204473141U - 仿生机械鸟 - Google Patents
2026-07-26T08:06:06.853Z,https://patents.google.com/patent/CN204473141U/zh,CN204473141U - 仿生机械鸟 - Google Patents
2026-07-26T08:06:06.846Z,https://patents.google.com/patent/CN204473141U/zh,CN204473141U - 仿生机械鸟 - Google Patents
2026-07-26T08:06:06.836Z,https://patents.google.com/patent/CN204473141U/zh,CN204473141U - 仿生机械鸟 - Google Patents
2026-07-26T08:06:06.820Z,https://patents.google.com/patent/CN204473141U/zh,CN204473141U - 仿生机械鸟 - Google Patents
2026-07-26T08:06:06.814Z,https://patents.google.com/patent/CN204473141U/zh,CN204473141U - 仿生机械鸟 - Google Patents
2026-07-26T08:06:06.803Z,https://patents.google.com/patent/CN204473141U/zh,CN204473141U - 仿生机械鸟 - Google Patents
2026-07-26T08:06:06.787Z,https://patents.google.com/patent/CN204473141U/zh,CN204473141U - 仿生机械鸟 - Google Patents
2026-07-26T08:06:06.780Z,https://patents.google.com/patent/CN204473141U/zh,CN204473141U - 仿生机械鸟 - Google Patents
2026-07-26T08:06:06.771Z,https://patents.google.com/patent/CN204473141U/zh,CN204473141U - 仿生机械鸟 - Google Patents
2026-07-26T08:06:06.753Z,https://patents.google.com/patent/CN204473141U/zh,CN204473141U - 仿生机械鸟 - Google Patents
2026-07-26T08:06:06.747Z,https://patents.google.com/patent/CN204473141U/zh,CN204473141U - 仿生机械鸟 - Google Patents
2026-07-26T08:06:06.731Z,https://patents.google.com/patent/CN204473141U/zh,CN204473141U - 仿生机械鸟 - Google Patents
2026-07-26T08:06:06.713Z,https://patents.google.com/patent/CN204473141U/zh,CN204473141U - 仿生机械鸟 - Google Patents
2026-07-26T08:06:06.695Z,https://patents.google.com/patent/CN204473141U/zh,CN204473141U - 仿生机械鸟 - Google Patents
2026-07-26T08:06:06.674Z,https://patents.google.com/patent/CN204473141U/zh,CN204473141U - 仿生机械鸟 - Google Patents
2026-07-26T08:06:06.580Z,https://patents.google.com/patent/CN204473141U/zh,CN204473141U - 仿生机械鸟 - Google Patents
2026-07-26T08:06:06.572Z,https://patents.google.com/patent/CN204473141U/zh,CN204473141U - 仿生机械鸟 - Google Patents
2026-07-26T08:06:06.562Z,https://patents.google.com/patent/CN204473141U/zh,CN204473141U - 仿生机械鸟 - Google Patents
2026-07-26T08:06:06.546Z,https://patents.google.com/patent/CN204473141U/zh,CN204473141U - 仿生机械鸟 - Google Patents
2026-07-26T08:06:06.529Z,https://patents.google.com/patent/CN204473141U/zh,CN204473141U - 仿生机械鸟 - Google Patents
2026-07-26T08:06:06.513Z,https://patents.google.com/patent/CN204473141U/zh,CN204473141U - 仿生机械鸟 - Google Patents
2026-07-26T08:06:06.496Z,https://patents.google.com/patent/CN204473141U/zh,CN204473141U - 仿生机械鸟 - Google Patents
2026-07-26T08:06:06.479Z,https://patents.google.com/patent/CN204473141U/zh,CN204473141U - 仿生机械鸟 - Google Patents
2026-07-26T08:06:06.463Z,https://patents.google.com/patent/CN204473141U/zh,CN204473141U - 仿生机械鸟 - Google Patents
2026-07-26T08:06:06.446Z,https://patents.google.com/patent/CN204473141U/zh,CN204473141U - 仿生机械鸟 - Google Patents
2026-07-26T08:06:06.431Z,https://patents.google.com/patent/CN204473141U/zh,CN204473141U - 仿生机械鸟 - Google Patents
2026-07-26T08:06:05.499Z,https://patents.google.com/patent/CN204473141U/zh,CN204473141U - 仿生机械鸟 - Google Patents
2026-07-26T08:06:05.482Z,https://patents.google.com/patent/CN204473141U/zh,CN204473141U - 仿生机械鸟 - Google Patents
2026-07-26T08:06:05.465Z,https://patents.google.com/patent/CN204473141U/zh,CN204473141U - 仿生机械鸟 - Google Patents
2026-07-26T08:06:05.449Z,https://patents.google.com/patent/CN204473141U/zh,CN204473141U - 仿生机械鸟 - Google Patents
2026-07-26T08:06:05.432Z,https://patents.google.com/patent/CN204473141U/zh,CN204473141U - 仿生机械鸟 - Google Patents
2026-07-26T08:06:05.415Z,https://patents.google.com/patent/CN204473141U/zh,CN204473141U - 仿生机械鸟 - Google Patents
2026-07-26T08:06:05.399Z,https://patents.google.com/patent/CN204473141U/zh,CN204473141U - 仿生机械鸟 - Google Patents
2026-07-26T08:06:05.382Z,https://patents.google.com/patent/CN204473141U/zh,CN204473141U - 仿生机械鸟 - Google Patents
2026-07-26T08:06:05.365Z,https://patents.google.com/patent/CN204473141U/zh,CN204473141U - 仿生机械鸟 - Google Patents
2026-07-26T08:06:05.349Z,https://patents.google.com/patent/CN204473141U/zh,CN204473141U - 仿生机械鸟 - Google Patents
2026-07-26T08:06:05.333Z,https://patents.google.com/patent/CN204473141U/zh,CN204473141U - 仿生机械鸟 - Google Patents
2026-07-26T08:06:05.316Z,https://patents.google.com/patent/CN204473141U/zh,CN204473141U - 仿生机械鸟 - Google Patents
2026-07-26T08:06:05.299Z,https://patents.google.com/patent/CN204473141U/zh,CN204473141U - 仿生机械鸟 - Google Patents
2026-07-26T08:06:05.282Z,https://patents.google.com/patent/CN204473141U/zh,CN204473141U - 仿生机械鸟 - Google Patents
2026-07-26T08:06:05.265Z,https://patents.google.com/patent/CN204473141U/zh,CN204473141U - 仿生机械鸟 - Google Patents
2026-07-26T08:06:05.248Z,https://patents.google.com/patent/CN204473141U/zh,CN204473141U - 仿生机械鸟 - Google Patents
2026-07-26T08:06:05.236Z,https://patents.google.com/patent/CN204473141U/zh,CN204473141U - 仿生机械鸟 - Google Patents
2026-07-26T08:06:05.228Z,https://patents.google.com/patent/CN204473141U/zh,CN204473141U - 仿生机械鸟 - Google Patents
2026-07-26T08:06:05.215Z,https://patents.google.com/patent/CN204473141U/zh,CN204473141U - 仿生机械鸟 - Google Patents
2026-07-26T08:06:05.201Z,https://patents.google.com/patent/CN204473141U/zh,CN204473141U - 仿生机械鸟 - Google Patents
2026-07-26T08:06:05.194Z,https://patents.google.com/patent/CN204473141U/zh,CN204473141U - 仿生机械鸟 - Google Patents
2026-07-26T08:06:05.183Z,https://patents.google.com/patent/CN204473141U/zh,CN204473141U - 仿生机械鸟 - Google Patents
2026-07-26T08:06:05.166Z,https://patents.google.com/patent/CN204473141U/zh,CN204473141U - 仿生机械鸟 - Google Patents
2026-07-26T08:06:05.148Z,https://patents.google.com/patent/CN204473141U/zh,CN204473141U - 仿生机械鸟 - Google Patents
2026-07-26T08:06:05.133Z,https://patents.google.com/patent/CN204473141U/zh,CN204473141U - 仿生机械鸟 - Google Patents
2026-07-26T08:06:05.115Z,https://patents.google.com/patent/CN204473141U/zh,CN204473141U - 仿生机械鸟 - Google Patents
2026-07-26T08:06:05.101Z,https://patents.google.com/patent/CN204473141U/zh,CN204473141U - 仿生机械鸟 - Google Patents
2026-07-26T08:06:05.083Z,https://patents.google.com/patent/CN204473141U/zh,CN204473141U - 仿生机械鸟 - Google Patents
2026-07-26T08:06:05.066Z,https://patents.google.com/patent/CN204473141U/zh,CN204473141U - 仿生机械鸟 - Google Patents
2026-07-26T08:06:05.050Z,https://patents.google.com/patent/CN204473141U/zh,CN204473141U - 仿生机械鸟 - Google Patents
2026-07-26T08:06:05.033Z,https://patents.google.com/patent/CN204473141U/zh,CN204473141U - 仿生机械鸟 - Google Patents
2026-07-26T08:06:05.017Z,https://patents.google.com/patent/CN204473141U/zh,CN204473141U - 仿生机械鸟 - Google Patents
2026-07-26T08:06:05.000Z,https://patents.google.com/patent/CN204473141U/zh,CN204473141U - 仿生机械鸟 - Google Patents
2026-07-26T08:06:04.983Z,https://patents.google.com/patent/CN204473141U/zh,CN204473141U - 仿生机械鸟 - Google Patents
2026-07-26T08:06:04.966Z,https://patents.google.com/patent/CN204473141U/zh,CN204473141U - 仿生机械鸟 - Google Patents
2026-07-26T08:06:04.950Z,https://patents.google.com/patent/CN204473141U/zh,CN204473141U - 仿生机械鸟 - Google Patents
2026-07-26T08:06:04.933Z,https://patents.google.com/patent/CN204473141U/zh,CN204473141U - 仿生机械鸟 - Google Patents
2026-07-26T08:06:04.916Z,https://patents.google.com/patent/CN204473141U/zh,CN204473141U - 仿生机械鸟 - Google Patents
2026-07-26T08:06:04.900Z,https://patents.google.com/patent/CN204473141U/zh,CN204473141U - 仿生机械鸟 - Google Patents
2026-07-26T08:06:04.883Z,https://patents.google.com/patent/CN204473141U/zh,CN204473141U - 仿生机械鸟 - Google Patents
2026-07-26T08:06:04.867Z,https://patents.google.com/patent/CN204473141U/zh,CN204473141U - 仿生机械鸟 - Google Patents
2026-07-26T08:06:04.861Z,https://patents.google.com/patent/CN204473141U/zh,CN204473141U - 仿生机械鸟 - Google Patents
2026-07-26T08:06:04.851Z,https://patents.google.com/patent/CN204473141U/zh,CN204473141U - 仿生机械鸟 - Google Patents
2026-07-26T08:06:04.841Z,https://patents.google.com/patent/CN204473141U/zh,CN204473141U - 仿生机械鸟 - Google Patents
2026-07-26T08:06:04.825Z,https://patents.google.com/patent/CN204473141U/zh,CN204473141U - 仿生机械鸟 - Google Patents
2026-07-26T08:06:04.811Z,https://patents.google.com/patent/CN204473141U/zh,CN204473141U - 仿生机械鸟 - Google Patents
2026-07-26T08:06:04.801Z,https://patents.google.com/patent/CN204473141U/zh,CN204473141U - 仿生机械鸟 - Google Patents
2026-07-26T08:06:04.791Z,https://patents.google.com/patent/CN204473141U/zh,CN204473141U - 仿生机械鸟 - Google Patents
2026-07-26T08:06:04.767Z,https://patents.google.com/patent/CN204473141U/zh,CN204473141U - 仿生机械鸟 - Google Patents
2026-07-26T08:06:04.750Z,https://patents.google.com/patent/CN204473141U/zh,CN204473141U - 仿生机械鸟 - Google Patents
2026-07-26T08:06:04.743Z,https://patents.google.com/patent/CN204473141U/zh,CN204473141U - 仿生机械鸟 - Google Patents
2026-07-26T08:06:04.726Z,https://patents.google.com/patent/CN204473141U/zh,CN204473141U - 仿生机械鸟 - Google Patents
2026-07-26T08:06:04.709Z,https://patents.google.com/patent/CN204473141U/zh,CN204473141U - 仿生机械鸟 - Google Patents
2026-07-26T08:06:04.692Z,https://patents.google.com/patent/CN204473141U/zh,CN204473141U - 仿生机械鸟 - Google Patents
2026-07-26T08:06:04.676Z,https://patents.google.com/patent/CN204473141U/zh,CN204473141U - 仿生机械鸟 - Google Patents
2026-07-26T08:06:04.660Z,https://patents.google.com/patent/CN204473141U/zh,CN204473141U - 仿生机械鸟 - Google Patents
2026-07-26T08:06:04.642Z,https://patents.google.com/patent/CN204473141U/zh,CN204473141U - 仿生机械鸟 - Google Patents
2026-07-26T08:06:04.625Z,https://patents.google.com/patent/CN204473141U/zh,CN204473141U - 仿生机械鸟 - Google Patents
2026-07-26T08:06:04.609Z,https://patents.google.com/patent/CN204473141U/zh,CN204473141U - 仿生机械鸟 - Google Patents
2026-07-26T08:06:04.593Z,https://patents.google.com/patent/CN204473141U/zh,CN204473141U - 仿生机械鸟 - Google Patents
2026-07-26T08:06:04.576Z,https://patents.google.com/patent/CN204473141U/zh,CN204473141U - 仿生机械鸟 - Google Patents
2026-07-26T08:06:04.558Z,https://patents.google.com/patent/CN204473141U/zh,CN204473141U - 仿生机械鸟 - Google Patents
2026-07-26T08:06:04.542Z,https://patents.google.com/patent/CN204473141U/zh,CN204473141U - 仿生机械鸟 - Google Patents
2026-07-26T08:06:04.525Z,https://patents.google.com/patent/CN204473141U/zh,CN204473141U - 仿生机械鸟 - Google Patents
2026-07-26T08:06:04.509Z,https://patents.google.com/patent/CN204473141U/zh,CN204473141U - 仿生机械鸟 - Google Patents
2026-07-26T08:06:04.493Z,https://patents.google.com/patent/CN204473141U/zh,CN204473141U - 仿生机械鸟 - Google Patents
2026-07-26T08:06:04.479Z,https://patents.google.com/patent/CN204473141U/zh,CN204473141U - 仿生机械鸟 - Google Patents
2026-07-26T08:06:04.463Z,https://patents.google.com/patent/CN204473141U/zh,CN204473141U - 仿生机械鸟 - Google Patents
2026-07-26T08:05:34.316Z,https://patents.google.com/patent/CN204473141U/zh,CN204473141U - 仿生机械鸟 - Google Patents
2026-07-26T08:05:31.619Z,https://patents.google.com/patent/CN103482064A/zh,CN103482064A - 仿生扑翼飞行器 - Google Patents
2026-07-26T08:05:31.168Z,https://patents.google.com/patent/CN103482064A/zh,CN103482064A - 仿生扑翼飞行器 - Google Patents
2026-07-26T08:05:31.151Z,https://patents.google.com/patent/CN103482064A/zh,CN103482064A - 仿生扑翼飞行器 - Google Patents
2026-07-26T08:05:31.135Z,https://patents.google.com/patent/CN103482064A/zh,CN103482064A - 仿生扑翼飞行器 - Google Patents
2026-07-26T08:05:31.119Z,https://patents.google.com/patent/CN103482064A/zh,CN103482064A - 仿生扑翼飞行器 - Google Patents
2026-07-26T08:05:31.102Z,https://patents.google.com/patent/CN103482064A/zh,CN103482064A - 仿生扑翼飞行器 - Google Patents
2026-07-26T08:05:31.085Z,https://patents.google.com/patent/CN103482064A/zh,CN103482064A - 仿生扑翼飞行器 - Google Patents
2026-07-26T08:05:31.067Z,https://patents.google.com/patent/CN103482064A/zh,CN103482064A - 仿生扑翼飞行器 - Google Patents
2026-07-26T08:05:31.052Z,https://patents.google.com/patent/CN103482064A/zh,CN103482064A - 仿生扑翼飞行器 - Google Patents
2026-07-26T08:05:31.042Z,https://patents.google.com/patent/CN103482064A/zh,CN103482064A - 仿生扑翼飞行器 - Google Patents
2026-07-26T08:05:31.028Z,https://patents.google.com/patent/CN103482064A/zh,CN103482064A - 仿生扑翼飞行器 - Google Patents
2026-07-26T08:05:30.944Z,https://patents.google.com/patent/CN103482064A/zh,CN103482064A - 仿生扑翼飞行器 - Google Patents
2026-07-26T08:05:30.927Z,https://patents.google.com/patent/CN103482064A/zh,CN103482064A - 仿生扑翼飞行器 - Google Patents
2026-07-26T08:05:30.910Z,https://patents.google.com/patent/CN103482064A/zh,CN103482064A - 仿生扑翼飞行器 - Google Patents
2026-07-26T08:05:30.894Z,https://patents.google.com/patent/CN103482064A/zh,CN103482064A - 仿生扑翼飞行器 - Google Patents
2026-07-26T08:05:30.877Z,https://patents.google.com/patent/CN103482064A/zh,CN103482064A - 仿生扑翼飞行器 - Google Patents
2026-07-26T08:05:30.861Z,https://patents.google.com/patent/CN103482064A/zh,CN103482064A - 仿生扑翼飞行器 - Google Patents
2026-07-26T08:05:30.844Z,https://patents.google.com/patent/CN103482064A/zh,CN103482064A - 仿生扑翼飞行器 - Google Patents
2026-07-26T08:05:30.829Z,https://patents.google.com/patent/CN103482064A/zh,CN103482064A - 仿生扑翼飞行器 - Google Patents
2026-07-26T08:05:30.811Z,https://patents.google.com/patent/CN103482064A/zh,CN103482064A - 仿生扑翼飞行器 - Google Patents
2026-07-26T08:05:30.794Z,https://patents.google.com/patent/CN103482064A/zh,CN103482064A - 仿生扑翼飞行器 - Google Patents
2026-07-26T08:05:30.777Z,https://patents.google.com/patent/CN103482064A/zh,CN103482064A - 仿生扑翼飞行器 - Google Patents
2026-07-26T08:05:30.769Z,https://patents.google.com/patent/CN103482064A/zh,CN103482064A - 仿生扑翼飞行器 - Google Patents
2026-07-26T08:05:30.744Z,https://patents.google.com/patent/CN103482064A/zh,CN103482064A - 仿生扑翼飞行器 - Google Patents
2026-07-26T08:05:30.728Z,https://patents.google.com/patent/CN103482064A/zh,CN103482064A - 仿生扑翼飞行器 - Google Patents
2026-07-26T08:05:30.712Z,https://patents.google.com/patent/CN103482064A/zh,CN103482064A - 仿生扑翼飞行器 - Google Patents
2026-07-26T08:05:30.696Z,https://patents.google.com/patent/CN103482064A/zh,CN103482064A - 仿生扑翼飞行器 - Google Patents
2026-07-26T08:05:30.594Z,https://patents.google.com/patent/CN103482064A/zh,CN103482064A - 仿生扑翼飞行器 - Google Patents
2026-07-26T08:05:30.580Z,https://patents.google.com/patent/CN103482064A/zh,CN103482064A - 仿生扑翼飞行器 - Google Patents
2026-07-26T08:05:30.561Z,https://patents.google.com/patent/CN103482064A/zh,CN103482064A - 仿生扑翼飞行器 - Google Patents
2026-07-26T08:05:30.545Z,https://patents.google.com/patent/CN103482064A/zh,CN103482064A - 仿生扑翼飞行器 - Google Patents
2026-07-26T08:05:30.528Z,https://patents.google.com/patent/CN103482064A/zh,CN103482064A - 仿生扑翼飞行器 - Google Patents
2026-07-26T08:05:30.511Z,https://patents.google.com/patent/CN103482064A/zh,CN103482064A - 仿生扑翼飞行器 - Google Patents
2026-07-26T08:05:30.495Z,https://patents.google.com/patent/CN103482064A/zh,CN103482064A - 仿生扑翼飞行器 - Google Patents
2026-07-26T08:05:30.478Z,https://patents.google.com/patent/CN103482064A/zh,CN103482064A - 仿生扑翼飞行器 - Google Patents
2026-07-26T08:05:30.461Z,https://patents.google.com/patent/CN103482064A/zh,CN103482064A - 仿生扑翼飞行器 - Google Patents
2026-07-26T08:05:30.445Z,https://patents.google.com/patent/CN103482064A/zh,CN103482064A - 仿生扑翼飞行器 - Google Patents
2026-07-26T08:05:30.428Z,https://patents.google.com/patent/CN103482064A/zh,CN103482064A - 仿生扑翼飞行器 - Google Patents
2026-07-26T08:05:30.411Z,https://patents.google.com/patent/CN103482064A/zh,CN103482064A - 仿生扑翼飞行器 - Google Patents
2026-07-26T08:05:30.394Z,https://patents.google.com/patent/CN103482064A/zh,CN103482064A - 仿生扑翼飞行器 - Google Patents
2026-07-26T08:05:30.379Z,https://patents.google.com/patent/CN103482064A/zh,CN103482064A - 仿生扑翼飞行器 - Google Patents
2026-07-26T08:05:30.362Z,https://patents.google.com/patent/CN103482064A/zh,CN103482064A - 仿生扑翼飞行器 - Google Patents
2026-07-26T08:05:30.345Z,https://patents.google.com/patent/CN103482064A/zh,CN103482064A - 仿生扑翼飞行器 - Google Patents
2026-07-26T08:05:30.328Z,https://patents.google.com/patent/CN103482064A/zh,CN103482064A - 仿生扑翼飞行器 - Google Patents
2026-07-26T08:05:30.312Z,https://patents.google.com/patent/CN103482064A/zh,CN103482064A - 仿生扑翼飞行器 - Google Patents
2026-07-26T08:05:30.296Z,https://patents.google.com/patent/CN103482064A/zh,CN103482064A - 仿生扑翼飞行器 - Google Patents
2026-07-26T08:05:30.280Z,https://patents.google.com/patent/CN103482064A/zh,CN103482064A - 仿生扑翼飞行器 - Google Patents
2026-07-26T08:05:29.804Z,https://patents.google.com/patent/CN103482064A/zh,CN103482064A - 仿生扑翼飞行器 - Google Patents
2026-07-26T08:05:29.779Z,https://patents.google.com/patent/CN103482064A/zh,CN103482064A - 仿生扑翼飞行器 - Google Patents
2026-07-26T08:05:29.764Z,https://patents.google.com/patent/CN103482064A/zh,CN103482064A - 仿生扑翼飞行器 - Google Patents
2026-07-26T08:05:29.746Z,https://patents.google.com/patent/CN103482064A/zh,CN103482064A - 仿生扑翼飞行器 - Google Patents
2026-07-26T08:05:29.730Z,https://patents.google.com/patent/CN103482064A/zh,CN103482064A - 仿生扑翼飞行器 - Google Patents
2026-07-26T08:05:29.712Z,https://patents.google.com/patent/CN103482064A/zh,CN103482064A - 仿生扑翼飞行器 - Google Patents
2026-07-26T08:05:29.697Z,https://patents.google.com/patent/CN103482064A/zh,CN103482064A - 仿生扑翼飞行器 - Google Patents
2026-07-26T08:05:29.680Z,https://patents.google.com/patent/CN103482064A/zh,CN103482064A - 仿生扑翼飞行器 - Google Patents
2026-07-26T08:05:29.662Z,https://patents.google.com/patent/CN103482064A/zh,CN103482064A - 仿生扑翼飞行器 - Google Patents
2026-07-26T08:05:29.646Z,https://patents.google.com/patent/CN103482064A/zh,CN103482064A - 仿生扑翼飞行器 - Google Patents
2026-07-26T08:05:29.630Z,https://patents.google.com/patent/CN103482064A/zh,CN103482064A - 仿生扑翼飞行器 - Google Patents
2026-07-26T08:05:29.621Z,https://patents.google.com/patent/CN103482064A/zh,CN103482064A - 仿生扑翼飞行器 - Google Patents
2026-07-26T08:05:29.611Z,https://patents.google.com/patent/CN103482064A/zh,CN103482064A - 仿生扑翼飞行器 - Google Patents
2026-07-26T08:05:29.471Z,https://patents.google.com/patent/CN103482064A/zh,CN103482064A - 仿生扑翼飞行器 - Google Patents
2026-07-26T08:05:29.458Z,https://patents.google.com/patent/CN103482064A/zh,CN103482064A - 仿生扑翼飞行器 - Google Patents
2026-07-26T08:05:29.438Z,https://patents.google.com/patent/CN103482064A/zh,CN103482064A - 仿生扑翼飞行器 - Google Patents
2026-07-26T08:05:29.422Z,https://patents.google.com/patent/CN103482064A/zh,CN103482064A - 仿生扑翼飞行器 - Google Patents
2026-07-26T08:05:29.405Z,https://patents.google.com/patent/CN103482064A/zh,CN103482064A - 仿生扑翼飞行器 - Google Patents
2026-07-26T08:05:29.389Z,https://patents.google.com/patent/CN103482064A/zh,CN103482064A - 仿生扑翼飞行器 - Google Patents
2026-07-26T08:05:29.371Z,https://patents.google.com/patent/CN103482064A/zh,CN103482064A - 仿生扑翼飞行器 - Google Patents
2026-07-26T08:05:29.360Z,https://patents.google.com/patent/CN103482064A/zh,CN103482064A - 仿生扑翼飞行器 - Google Patents
2026-07-26T08:05:29.339Z,https://patents.google.com/patent/CN103482064A/zh,CN103482064A - 仿生扑翼飞行器 - Google Patents
2026-07-26T08:05:29.322Z,https://patents.google.com/patent/CN103482064A/zh,CN103482064A - 仿生扑翼飞行器 - Google Patents
2026-07-26T08:05:29.306Z,https://patents.google.com/patent/CN103482064A/zh,CN103482064A - 仿生扑翼飞行器 - Google Patents
2026-07-26T08:05:29.289Z,https://patents.google.com/patent/CN103482064A/zh,CN103482064A - 仿生扑翼飞行器 - Google Patents
2026-07-26T08:05:29.273Z,https://patents.google.com/patent/CN103482064A/zh,CN103482064A - 仿生扑翼飞行器 - Google Patents
2026-07-26T08:05:29.257Z,https://patents.google.com/patent/CN103482064A/zh,CN103482064A - 仿生扑翼飞行器 - Google Patents
2026-07-26T08:05:29.242Z,https://patents.google.com/patent/CN103482064A/zh,CN103482064A - 仿生扑翼飞行器 - Google Patents
2026-07-26T08:05:29.217Z,https://patents.google.com/patent/CN103482064A/zh,CN103482064A - 仿生扑翼飞行器 - Google Patents
2026-07-26T08:05:29.207Z,https://patents.google.com/patent/CN103482064A/zh,CN103482064A - 仿生扑翼飞行器 - Google Patents
2026-07-26T08:05:18.883Z,https://patents.google.com/patent/CN103482064A/zh,CN103482064A - 仿生扑翼飞行器 - Google Patents
2026-07-26T08:05:18.866Z,https://patents.google.com/patent/CN103482064A/zh,CN103482064A - 仿生扑翼飞行器 - Google Patents
2026-07-26T08:05:18.849Z,https://patents.google.com/patent/CN103482064A/zh,CN103482064A - 仿生扑翼飞行器 - Google Patents
2026-07-26T08:05:18.832Z,https://patents.google.com/patent/CN103482064A/zh,CN103482064A - 仿生扑翼飞行器 - Google Patents
2026-07-26T08:05:18.815Z,https://patents.google.com/patent/CN103482064A/zh,CN103482064A - 仿生扑翼飞行器 - Google Patents
2026-07-26T08:05:18.800Z,https://patents.google.com/patent/CN103482064A/zh,CN103482064A - 仿生扑翼飞行器 - Google Patents
2026-07-26T08:05:18.783Z,https://patents.google.com/patent/CN103482064A/zh,CN103482064A - 仿生扑翼飞行器 - Google Patents
2026-07-26T08:05:18.766Z,https://patents.google.com/patent/CN103482064A/zh,CN103482064A - 仿生扑翼飞行器 - Google Patents
2026-07-26T08:05:18.756Z,https://patents.google.com/patent/CN103482064A/zh,CN103482064A - 仿生扑翼飞行器 - Google Patents
2026-07-26T08:05:18.743Z,https://patents.google.com/patent/CN103482064A/zh,CN103482064A - 仿生扑翼飞行器 - Google Patents
2026-07-26T08:05:18.518Z,https://patents.google.com/patent/CN103482064A/zh,CN103482064A - 仿生扑翼飞行器 - Google Patents
2026-07-26T08:05:18.483Z,https://patents.google.com/patent/CN103482064A/zh,CN103482064A - 仿生扑翼飞行器 - Google Patents
2026-07-26T08:05:18.467Z,https://patents.google.com/patent/CN103482064A/zh,CN103482064A - 仿生扑翼飞行器 - Google Patents
2026-07-26T08:05:18.459Z,https://patents.google.com/patent/CN103482064A/zh,CN103482064A - 仿生扑翼飞行器 - Google Patents
2026-07-26T08:05:18.441Z,https://patents.google.com/patent/CN103482064A/zh,CN103482064A - 仿生扑翼飞行器 - Google Patents
2026-07-26T08:05:18.426Z,https://patents.google.com/patent/CN103482064A/zh,CN103482064A - 仿生扑翼飞行器 - Google Patents
2026-07-26T08:05:18.409Z,https://patents.google.com/patent/CN103482064A/zh,CN103482064A - 仿生扑翼飞行器 - Google Patents
2026-07-26T08:05:18.392Z,https://patents.google.com/patent/CN103482064A/zh,CN103482064A - 仿生扑翼飞行器 - Google Patents
2026-07-26T08:05:18.374Z,https://patents.google.com/patent/CN103482064A/zh,CN103482064A - 仿生扑翼飞行器 - Google Patents
2026-07-26T08:05:18.358Z,https://patents.google.com/patent/CN103482064A/zh,CN103482064A - 仿生扑翼飞行器 - Google Patents
2026-07-26T08:05:18.341Z,https://patents.google.com/patent/CN103482064A/zh,CN103482064A - 仿生扑翼飞行器 - Google Patents
2026-07-26T08:05:18.324Z,https://patents.google.com/patent/CN103482064A/zh,CN103482064A - 仿生扑翼飞行器 - Google Patents
2026-07-26T08:05:18.309Z,https://patents.google.com/patent/CN103482064A/zh,CN103482064A - 仿生扑翼飞行器 - Google Patents
2026-07-26T08:05:18.292Z,https://patents.google.com/patent/CN103482064A/zh,CN103482064A - 仿生扑翼飞行器 - Google Patents
2026-07-26T08:05:18.284Z,https://patents.google.com/patent/CN103482064A/zh,CN103482064A - 仿生扑翼飞行器 - Google Patents
2026-07-26T08:05:18.265Z,https://patents.google.com/patent/CN103482064A/zh,CN103482064A - 仿生扑翼飞行器 - Google Patents
2026-07-26T08:05:18.260Z,https://patents.google.com/patent/CN103482064A/zh,CN103482064A - 仿生扑翼飞行器 - Google Patents
2026-07-26T08:05:18.168Z,https://patents.google.com/patent/CN103482064A/zh,CN103482064A - 仿生扑翼飞行器 - Google Patents
2026-07-26T08:05:18.151Z,https://patents.google.com/patent/CN103482064A/zh,CN103482064A - 仿生扑翼飞行器 - Google Patents
2026-07-26T08:05:18.134Z,https://patents.google.com/patent/CN103482064A/zh,CN103482064A - 仿生扑翼飞行器 - Google Patents
2026-07-26T08:05:18.117Z,https://patents.google.com/patent/CN103482064A/zh,CN103482064A - 仿生扑翼飞行器 - Google Patents
2026-07-26T08:05:18.100Z,https://patents.google.com/patent/CN103482064A/zh,CN103482064A - 仿生扑翼飞行器 - Google Patents
2026-07-26T08:05:18.084Z,https://patents.google.com/patent/CN103482064A/zh,CN103482064A - 仿生扑翼飞行器 - Google Patents
2026-07-26T08:05:18.068Z,https://patents.google.com/patent/CN103482064A/zh,CN103482064A - 仿生扑翼飞行器 - Google Patents
2026-07-26T08:05:18.051Z,https://patents.google.com/patent/CN103482064A/zh,CN103482064A - 仿生扑翼飞行器 - Google Patents
2026-07-26T08:05:18.034Z,https://patents.google.com/patent/CN103482064A/zh,CN103482064A - 仿生扑翼飞行器 - Google Patents
2026-07-26T08:05:18.017Z,https://patents.google.com/patent/CN103482064A/zh,CN103482064A - 仿生扑翼飞行器 - Google Patents
2026-07-26T08:05:18.000Z,https://patents.google.com/patent/CN103482064A/zh,CN103482064A - 仿生扑翼飞行器 - Google Patents
2026-07-26T08:05:17.985Z,https://patents.google.com/patent/CN103482064A/zh,CN103482064A - 仿生扑翼飞行器 - Google Patents
2026-07-26T08:05:17.971Z,https://patents.google.com/patent/CN103482064A/zh,CN103482064A - 仿生扑翼飞行器 - Google Patents
2026-07-26T08:05:17.960Z,https://patents.google.com/patent/CN103482064A/zh,CN103482064A - 仿生扑翼飞行器 - Google Patents
2026-07-26T08:05:17.801Z,https://patents.google.com/patent/CN103482064A/zh,CN103482064A - 仿生扑翼飞行器 - Google Patents
2026-07-26T08:05:17.785Z,https://patents.google.com/patent/CN103482064A/zh,CN103482064A - 仿生扑翼飞行器 - Google Patents
2026-07-26T08:05:17.768Z,https://patents.google.com/patent/CN103482064A/zh,CN103482064A - 仿生扑翼飞行器 - Google Patents
2026-07-26T08:05:17.752Z,https://patents.google.com/patent/CN103482064A/zh,CN103482064A - 仿生扑翼飞行器 - Google Patents
2026-07-26T08:05:17.735Z,https://patents.google.com/patent/CN103482064A/zh,CN103482064A - 仿生扑翼飞行器 - Google Patents
2026-07-26T08:05:17.718Z,https://patents.google.com/patent/CN103482064A/zh,CN103482064A - 仿生扑翼飞行器 - Google Patents
2026-07-26T08:05:17.703Z,https://patents.google.com/patent/CN103482064A/zh,CN103482064A - 仿生扑翼飞行器 - Google Patents
2026-07-26T08:05:17.685Z,https://patents.google.com/patent/CN103482064A/zh,CN103482064A - 仿生扑翼飞行器 - Google Patents
2026-07-26T08:05:17.668Z,https://patents.google.com/patent/CN103482064A/zh,CN103482064A - 仿生扑翼飞行器 - Google Patents
2026-07-26T08:05:17.652Z,https://patents.google.com/patent/CN103482064A/zh,CN103482064A - 仿生扑翼飞行器 - Google Patents
2026-07-26T08:05:17.635Z,https://patents.google.com/patent/CN103482064A/zh,CN103482064A - 仿生扑翼飞行器 - Google Patents
2026-07-26T08:05:17.619Z,https://patents.google.com/patent/CN103482064A/zh,CN103482064A - 仿生扑翼飞行器 - Google Patents
2026-07-26T08:05:07.802Z,https://patents.google.com/patent/CN103482064A/zh,CN103482064A - 仿生扑翼飞行器 - Google Patents
2026-07-26T08:05:07.665Z,https://patents.google.com/patent/CN103482064A/zh,CN103482064A - 仿生扑翼飞行器 - Google Patents
2026-07-26T08:05:07.640Z,https://patents.google.com/patent/CN103482064A/zh,CN103482064A - 仿生扑翼飞行器 - Google Patents
2026-07-26T08:04:57.953Z,https://patents.google.com/patent/CN103482064A/zh,CN103482064A - 仿生扑翼飞行器 - Google Patents
2026-07-26T08:04:57.935Z,https://patents.google.com/patent/CN103482064A/zh,CN103482064A - 仿生扑翼飞行器 - Google Patents
2026-07-26T08:04:57.918Z,https://patents.google.com/patent/CN103482064A/zh,CN103482064A - 仿生扑翼飞行器 - Google Patents
2026-07-26T08:04:57.902Z,https://patents.google.com/patent/CN103482064A/zh,CN103482064A - 仿生扑翼飞行器 - Google Patents
2026-07-26T08:04:57.885Z,https://patents.google.com/patent/CN103482064A/zh,CN103482064A - 仿生扑翼飞行器 - Google Patents
2026-07-26T08:04:57.868Z,https://patents.google.com/patent/CN103482064A/zh,CN103482064A - 仿生扑翼飞行器 - Google Patents
2026-07-26T08:04:57.852Z,https://patents.google.com/patent/CN103482064A/zh,CN103482064A - 仿生扑翼飞行器 - Google Patents
2026-07-26T08:04:57.837Z,https://patents.google.com/patent/CN103482064A/zh,CN103482064A - 仿生扑翼飞行器 - Google Patents
2026-07-26T08:04:57.820Z,https://patents.google.com/patent/CN103482064A/zh,CN103482064A - 仿生扑翼飞行器 - Google Patents
2026-07-26T08:04:57.809Z,https://patents.google.com/patent/CN103482064A/zh,CN103482064A - 仿生扑翼飞行器 - Google Patents
2026-07-26T08:04:57.792Z,https://patents.google.com/patent/CN103482064A/zh,CN103482064A - 仿生扑翼飞行器 - Google Patents
2026-07-26T08:04:55.303Z,https://patents.google.com/patent/CN103482064A/zh,CN103482064A - 仿生扑翼飞行器 - Google Patents
2026-07-26T08:04:55.277Z,https://patents.google.com/patent/CN103482064A/zh,CN103482064A - 仿生扑翼飞行器 - Google Patents
2026-07-26T08:04:42.256Z,https://patents.google.com/patent/CN204473141U/zh,CN204473141U - 仿生机械鸟 - Google Patents
2026-07-26T07:47:22.967Z,https://www.google.com/search?q=%E4%BB%BF%E7%94%9F%E6%9C%BA%E6%A2%B0%E7%BF%BC%E8%AF%B4%E6%98%8E%E4%B9%A6&sca_esv=19f3513a7e185d8b&ei=mbplaqeYI6Cb0-kP_f-6uQg&biw=980&bih=1261&ved=0ahUKEwjnyKeU7O-VAxWgzTQHHf2_LocQ4dUDCBA&uact=5&oq=%E4%BB%BF%E7%94%9F%E6%9C%BA%E6%A2%B0%E7%BF%BC%E8%AF%B4%E6%98%8E%E4%B9%A6&gs_lp=Egxnd3Mtd2l6LXNlcnAiGOS7v-eUn-acuuaisOe_vOivtOaYjuS5pjIFEAAY7wUyBRAAGO8FMggQABiABBiiBDIIEAAYiQUYogQyBRAAGO8FSABQAFgAcAB4AJABAJgBmQGgAZkBqgEDMC4xuAEDyAEAmAIBoAKjAZgDAJIHAzAuMaAHyQGyBwMwLjG4B6MBwgcDMi0xyAcHgAgB&sclient=gws-wiz-serp,仿生机械翼说明书 - Google 搜索
2026-07-26T07:46:39.913Z,https://xk.sia.cn/cn/article/pdf/preview/10.13976/j.cnki.20245.0351.pdf,xk.sia.cn/cn/article/pdf/preview/10.13976/j.cnki.20245.0351.pdf
2026-07-26T07:46:31.366Z,https://www.google.com/search?q=%E4%BB%BF%E7%94%9F%E6%9C%BA%E6%A2%B0%E7%BF%BC%E8%AF%B4%E6%98%8E%E4%B9%A6&sca_esv=19f3513a7e185d8b&ei=mbplaqeYI6Cb0-kP_f-6uQg&biw=980&bih=1261&ved=0ahUKEwjnyKeU7O-VAxWgzTQHHf2_LocQ4dUDCBA&uact=5&oq=%E4%BB%BF%E7%94%9F%E6%9C%BA%E6%A2%B0%E7%BF%BC%E8%AF%B4%E6%98%8E%E4%B9%A6&gs_lp=Egxnd3Mtd2l6LXNlcnAiGOS7v-eUn-acuuaisOe_vOivtOaYjuS5pjIFEAAY7wUyBRAAGO8FMggQABiABBiiBDIIEAAYiQUYogQyBRAAGO8FSABQAFgAcAB4AJABAJgBmQGgAZkBqgEDMC4xuAEDyAEAmAIBoAKjAZgDAJIHAzAuMaAHyQGyBwMwLjG4B6MBwgcDMi0xyAcHgAgB&sclient=gws-wiz-serp,仿生机械翼说明书 - Google 搜索
2026-07-26T07:45:17.029Z,https://patentimages.storage.googleapis.com/5a/65/c0/c4e63bad389977/CN204473141U.pdf,patentimages.storage.googleapis.com/5a/65/c0/c4e63bad389977/CN204473141U.pdf
2026-07-26T07:44:31.630Z,https://patents.google.com/patent/CN204473141U/zh,CN204473141U - 仿生机械鸟 - Google Patents
2026-07-26T07:44:31.613Z,https://patents.google.com/patent/CN204473141U/zh,CN204473141U - 仿生机械鸟 - Google Patents
2026-07-26T07:44:31.596Z,https://patents.google.com/patent/CN204473141U/zh,CN204473141U - 仿生机械鸟 - Google Patents
2026-07-26T07:44:31.580Z,https://patents.google.com/patent/CN204473141U/zh,CN204473141U - 仿生机械鸟 - Google Patents
2026-07-26T07:44:31.563Z,https://patents.google.com/patent/CN204473141U/zh,CN204473141U - 仿生机械鸟 - Google Patents
2026-07-26T07:44:31.547Z,https://patents.google.com/patent/CN204473141U/zh,CN204473141U - 仿生机械鸟 - Google Patents
2026-07-26T07:44:31.530Z,https://patents.google.com/patent/CN204473141U/zh,CN204473141U - 仿生机械鸟 - Google Patents
2026-07-26T07:44:31.513Z,https://patents.google.com/patent/CN204473141U/zh,CN204473141U - 仿生机械鸟 - Google Patents
2026-07-26T07:44:31.497Z,https://patents.google.com/patent/CN204473141U/zh,CN204473141U - 仿生机械鸟 - Google Patents
2026-07-26T07:44:31.438Z,https://patents.google.com/patent/CN204473141U/zh,CN204473141U - 仿生机械鸟 - Google Patents
2026-07-26T07:44:31.422Z,https://patents.google.com/patent/CN204473141U/zh,CN204473141U - 仿生机械鸟 - Google Patents
2026-07-26T07:44:31.314Z,https://patents.google.com/patent/CN204473141U/zh,CN204473141U - 仿生机械鸟 - Google Patents
2026-07-26T07:44:31.297Z,https://patents.google.com/patent/CN204473141U/zh,CN204473141U - 仿生机械鸟 - Google Patents
2026-07-26T07:44:31.280Z,https://patents.google.com/patent/CN204473141U/zh,CN204473141U - 仿生机械鸟 - Google Patents
2026-07-26T07:44:31.264Z,https://patents.google.com/patent/CN204473141U/zh,CN204473141U - 仿生机械鸟 - Google Patents
2026-07-26T07:44:31.247Z,https://patents.google.com/patent/CN204473141U/zh,CN204473141U - 仿生机械鸟 - Google Patents
2026-07-26T07:44:31.230Z,https://patents.google.com/patent/CN204473141U/zh,CN204473141U - 仿生机械鸟 - Google Patents
2026-07-26T07:44:31.213Z,https://patents.google.com/patent/CN204473141U/zh,CN204473141U - 仿生机械鸟 - Google Patents
2026-07-26T07:44:31.197Z,https://patents.google.com/patent/CN204473141U/zh,CN204473141U - 仿生机械鸟 - Google Patents
2026-07-26T07:44:31.180Z,https://patents.google.com/patent/CN204473141U/zh,CN204473141U - 仿生机械鸟 - Google Patents
2026-07-26T07:44:31.163Z,https://patents.google.com/patent/CN204473141U/zh,CN204473141U - 仿生机械鸟 - Google Patents
2026-07-26T07:44:31.152Z,https://patents.google.com/patent/CN204473141U/zh,CN204473141U - 仿生机械鸟 - Google Patents
2026-07-26T07:44:31.140Z,https://patents.google.com/patent/CN204473141U/zh,CN204473141U - 仿生机械鸟 - Google Patents
2026-07-26T07:44:31.031Z,https://patents.google.com/patent/CN204473141U/zh,CN204473141U - 仿生机械鸟 - Google Patents
2026-07-26T07:44:31.014Z,https://patents.google.com/patent/CN204473141U/zh,CN204473141U - 仿生机械鸟 - Google Patents
2026-07-26T07:44:30.998Z,https://patents.google.com/patent/CN204473141U/zh,CN204473141U - 仿生机械鸟 - Google Patents
2026-07-26T07:44:30.981Z,https://patents.google.com/patent/CN204473141U/zh,CN204473141U - 仿生机械鸟 - Google Patents
2026-07-26T07:44:30.965Z,https://patents.google.com/patent/CN204473141U/zh,CN204473141U - 仿生机械鸟 - Google Patents
2026-07-26T07:44:30.948Z,https://patents.google.com/patent/CN204473141U/zh,CN204473141U - 仿生机械鸟 - Google Patents
2026-07-26T07:44:30.931Z,https://patents.google.com/patent/CN204473141U/zh,CN204473141U - 仿生机械鸟 - Google Patents
2026-07-26T07:44:30.914Z,https://patents.google.com/patent/CN204473141U/zh,CN204473141U - 仿生机械鸟 - Google Patents
2026-07-26T07:44:30.898Z,https://patents.google.com/patent/CN204473141U/zh,CN204473141U - 仿生机械鸟 - Google Patents
2026-07-26T07:44:30.882Z,https://patents.google.com/patent/CN204473141U/zh,CN204473141U - 仿生机械鸟 - Google Patents
2026-07-26T07:43:47.111Z,https://patents.google.com/patent/CN204473141U/zh,CN204473141U - 仿生机械鸟 - Google Patents
2026-07-26T07:43:38.495Z,https://www.google.com/search?q=%E4%BB%BF%E7%94%9F%E6%9C%BA%E6%A2%B0%E7%BF%BC%E8%AF%B4%E6%98%8E%E4%B9%A6&sca_esv=19f3513a7e185d8b&ei=mbplaqeYI6Cb0-kP_f-6uQg&biw=980&bih=1261&ved=0ahUKEwjnyKeU7O-VAxWgzTQHHf2_LocQ4dUDCBA&uact=5&oq=%E4%BB%BF%E7%94%9F%E6%9C%BA%E6%A2%B0%E7%BF%BC%E8%AF%B4%E6%98%8E%E4%B9%A6&gs_lp=Egxnd3Mtd2l6LXNlcnAiGOS7v-eUn-acuuaisOe_vOivtOaYjuS5pjIFEAAY7wUyBRAAGO8FMggQABiABBiiBDIIEAAYiQUYogQyBRAAGO8FSABQAFgAcAB4AJABAJgBmQGgAZkBqgEDMC4xuAEDyAEAmAIBoAKjAZgDAJIHAzAuMaAHyQGyBwMwLjG4B6MBwgcDMi0xyAcHgAgB&sclient=gws-wiz-serp,仿生机械翼说明书 - Google 搜索
2026-07-26T07:43:22.377Z,https://www.google.com/search?q=%E4%BB%BF%E7%94%9F%E6%9C%BA%E6%A2%B0%E7%BF%BC&oq=%E4%BB%BF%E7%94%9F%E6%9C%BA%E6%A2%B0%E7%BF%BC&gs_lcrp=EgxlZGdlX2FuZHJvaWQqBggAEEUYOTIGCAAQRRg5MgcIARDrBxhAMgcIAhAAGIAEMgcIAxAAGIAEMgcIBBAAGIAEMgcIBRAAGIAEMgcIBhAAGIAEMgcIBxAAGIAE0gEJMTE3NTZqMGo5qAIAsAIB&sourceid=chrome-mobile&source=chrome.ob&ie=UTF-8,仿生机械翼 - Google 搜索
2026-07-26T07:43:06.929Z,https://www.google.com/search?q=%E7%B1%B3%E5%93%88%E6%B8%B8%E5%9B%BE%E9%89%B4&oq=%E7%B1%B3%E5%93%88%E6%B8%B8%E5%9B%BE%E9%89%B4&gs_lcrp=EgxlZGdlX2FuZHJvaWQqBggAEEUYOTIGCAAQRRg5MgcIARDrBxhAMgoIAhAAGOMCGIAEMgcIAxAAGIAEMgcIBBAAGIAEMgcIBRAAGIAEMgcIBhAAGIAEMgcIBxAAGIAE0gEIMTYxOWowajeoAgCwAgE&sourceid=chrome-mobile&source=chrome.ob&ie=UTF-8,米哈游图鉴 - Google 搜索
2026-07-26T07:20:36.333Z,https://www.google.com/search?q=%E7%B1%B3%E5%93%88%E6%B8%B8%E5%9B%BE%E9%89%B4&oq=%E7%B1%B3%E5%93%88%E6%B8%B8%E5%9B%BE%E9%89%B4&gs_lcrp=EgxlZGdlX2FuZHJvaWQqBggAEEUYOTIGCAAQRRg5MgcIARDrBxhAMgoIAhAAGOMCGIAEMgcIAxAAGIAEMgcIBBAAGIAEMgcIBRAAGIAEMgcIBhAAGIAEMgcIBxAAGIAE0gEIMTYxOWowajeoAgCwAgE&sourceid=chrome-mobile&source=chrome.ob&ie=UTF-8,米哈游图鉴 - Google 搜索
2026-07-26T07:20:27.364Z,https://bbs.mihoyo.com/sr/wiki/channel/map/17/18?visit_device=mobile&bbs_presentation_style=no_header,崩坏:星穹铁道WIKI-开拓者笔记-米游社崩坏:星穹铁道WIKI-开拓者笔记-米游社
2026-07-26T07:20:23.372Z,https://www.google.com/search?q=%E7%B1%B3%E5%93%88%E6%B8%B8%E5%9B%BE%E9%89%B4&oq=%E7%B1%B3%E5%93%88%E6%B8%B8%E5%9B%BE%E9%89%B4&gs_lcrp=EgxlZGdlX2FuZHJvaWQqBggAEEUYOTIGCAAQRRg5MgcIARDrBxhAMgoIAhAAGOMCGIAEMgcIAxAAGIAEMgcIBBAAGIAEMgcIBRAAGIAEMgcIBhAAGIAEMgcIBxAAGIAE0gEIMTYxOWowajeoAgCwAgE&sourceid=chrome-mobile&source=chrome.ob&ie=UTF-8,米哈游图鉴 - Google 搜索
2026-07-26T07:19:58.868Z,https://bbs.mihoyo.com/sr/wiki/channel/map/17/18?visit_device=mobile&bbs_presentation_style=no_header,崩坏:星穹铁道WIKI-开拓者笔记-米游社崩坏:星穹铁道WIKI-开拓者笔记-米游社
2026-07-26T07:19:52.081Z,https://www.google.com/search?q=%E7%B1%B3%E5%93%88%E6%B8%B8%E5%9B%BE%E9%89%B4&oq=%E7%B1%B3%E5%93%88%E6%B8%B8%E5%9B%BE%E9%89%B4&gs_lcrp=EgxlZGdlX2FuZHJvaWQqBggAEEUYOTIGCAAQRRg5MgcIARDrBxhAMgoIAhAAGOMCGIAEMgcIAxAAGIAEMgcIBBAAGIAEMgcIBRAAGIAEMgcIBhAAGIAEMgcIBxAAGIAE0gEIMTYxOWowajeoAgCwAgE&sourceid=chrome-mobile&source=chrome.ob&ie=UTF-8,米哈游图鉴 - Google 搜索
2026-07-26T07:18:22.788Z,https://bo2.ggame.jp/sc/items/,道具一览 | 机动战士高达 激战任务2 | 万代南梦宫娱乐官方网站
2026-07-26T07:18:08.847Z,https://bo2.ggame.jp/sc/spec/,规格 | 机动战士高达 激战任务2 | 万代南梦宫娱乐官方网站
2026-07-26T07:17:42.028Z,https://bo2.ggame.jp/sc/info/?p=135172,最新消息 | 机动战士高达 激战任务2 | 万代南梦宫娱乐官方网站
2026-07-26T07:17:14.897Z,https://www.google.com/search?q=%E5%87%8F%E9%9C%87%E5%99%A8+%E9%AB%98%E8%BE%BE+%E8%AF%B4%E6%98%8E%E4%B9%A6&oq=%E5%87%8F%E9%9C%87%E5%99%A8+%E9%AB%98%E8%BE%BE+%E8%AF%B4%E6%98%8E%E4%B9%A6&gs_lcrp=EgxlZGdlX2FuZHJvaWQqBggAEEUYOTIGCAAQRRg5MgcIARDrBxhAMgcIAhAAGO8FMgcIAxAAGO8FMgcIBBAAGO8FMgcIBRAAGO8FMgcIBhAAGO8F0gEINDU1OGowajeoAgCwAgE&sourceid=chrome-mobile&source=chrome.ob&ie=UTF-8&sei=cbRlas74M9eJvr0PnIL-4AM,减震器 高达 说明书 - Google 搜索
